[INFO] [launch]: All log files can be found below /home/skbt2/.ros/log/2026-04-24-06-46-02-342424-DESKTOP-90MQDL6-333254
[INFO] [launch]: Default logging verbosity is set to INFO
[INFO] [gazebo-1]: process started with pid [333313]
[INFO] [parameter_bridge-2]: process started with pid [333314]
[INFO] [pedestrian_state_publisher-3]: process started with pid [333315]
[INFO] [uav_trajectory_controller-4]: process started with pid [333316]
[INFO] [image_pointcloud_relay-5]: process started with pid [333317]
[INFO] [image_pointcloud_relay-6]: process started with pid [333318]
[INFO] [lvdot_yolo_node-7]: process started with pid [333319]
[INFO] [lvdot_detector_main-8]: process started with pid [333320]
[parameter_bridge-2] [INFO] [1776984362.844454489] [ros_gz_bridge]: Creating GZ->ROS Bridge: [/rgbd_camera/image (gz.msgs.Image) -> /rgbd_camera/image (sensor_msgs/msg/Image)] (Lazy 0)
[parameter_bridge-2] [INFO] [1776984362.853241067] [ros_gz_bridge]: Creating GZ->ROS Bridge: [/rgbd_camera/camera_info (gz.msgs.CameraInfo) -> /rgbd_camera/camera_info (sensor_msgs/msg/CameraInfo)] (Lazy 0)
[parameter_bridge-2] [INFO] [1776984362.856256024] [ros_gz_bridge]: Creating GZ->ROS Bridge: [/rgbd_camera/depth_image (gz.msgs.Image) -> /rgbd_camera/depth_image (sensor_msgs/msg/Image)] (Lazy 0)
[parameter_bridge-2] [INFO] [1776984362.858104906] [ros_gz_bridge]: Creating GZ->ROS Bridge: [/rgbd_camera/points (gz.msgs.PointCloudPacked) -> /rgbd_camera/points (sensor_msgs/msg/PointCloud2)] (Lazy 0)
[parameter_bridge-2] [INFO] [1776984362.861942269] [ros_gz_bridge]: Creating GZ->ROS Bridge: [/camera/imu (gz.msgs.IMU) -> /camera/imu (sensor_msgs/msg/Imu)] (Lazy 0)
[parameter_bridge-2] [INFO] [1776984362.866789349] [ros_gz_bridge]: Creating ROS->GZ service bridge [/world/pedestrian_prototype/set_pose (ros_gz_interfaces/srv/SetEntityPose -> /)]
[parameter_bridge-2] [INFO] [1776984362.869663032] [ros_gz_bridge]: Creating ROS->GZ service bridge [/world/pedestrian_prototype/set_pose/blocking (ros_gz_interfaces/srv/SetEntityPose -> /)]
[lvdot_detector_main-8] [INFO] [1776984363.449625444] [lvdot_detector_node]: Config loaded: localization_mode=0 dt=0.033 image=640x480 depth_range=[0.50, 5.00] stage_timers=true
[lvdot_detector_main-8] [INFO] [1776984363.615917282] [lvdot_detector_node]: LV-DOT ROS2 skeleton started. depth=/camera/depth/image_rect_raw color=/camera/color/image_raw lidar=/pointcloud pose=/mavros/local_position/pose odom=/mavros/local_position/odom yolo=/yolo_detector/detected_bounding_boxes
[lvdot_detector_main-8] [INFO] [1776984365.619402725] [lvdot_detector_node]: Input health: depth=0 color=12 lidar=0 pose=28 odom=28 yolo=1 depth_pose_sync=0 lidar_pose_sync=0 depth_odom_sync=0 lidar_odom_sync=0
[lvdot_detector_main-8] [INFO] [1776984365.619478144] [lvdot_detector_node]: Stage timers: detection=60 lidar_detection=60 tracking=60 classification=60 vis=60
[lvdot_detector_main-8] [INFO] [1776984365.619498354] [lvdot_detector_node]: Processing phases: detection=waiting_depth lidar_detection=waiting_new_lidar tracking=waiting_new_filtered_update classification=waiting_new_tracking_update
[lvdot_detector_main-8] [INFO] [1776984365.619508705] [lvdot_detector_node]: Pipeline stats: depth_samples=0/0 u_map=0 depth_boxes=0 u_map_merge=0 u_map_db=0 u_map_visual=0 u_map_fused=0 u_map_filtered=0 lidar_samples=0/0 uv=0 db=0 lidar=0 fused=0 filtered=0 tracks=0 dynamic=0 dyn_points=0 raw_dyn_points=0 service=0/0 split=0->0 (0 outputs) fusion_components=0 visual_only=0 lidar_only=0 yolo_in=0 yolo_match3d=0 yolo_match_det=0 yolo_human=0 fixed_size=0 size_reject=0
[gazebo-1] [INFO] [1776984366.659173081] [pedestrian_pose_sync_system]: Configured pedestrian pose sync plugin on topic [/pedestrian_sim/agent_states] for 8 models.
[uav_trajectory_controller-4] [WARN] [1776984369.769667805] [uav_trajectory_controller]: SetEntityPose request timed out after 0.50s on /world/pedestrian_prototype/set_pose/blocking; dropping the pending request and retrying.
[uav_trajectory_controller-4] [WARN] [1776984369.778144475] [uav_trajectory_controller]: Falling back from /world/pedestrian_prototype/set_pose/blocking to /world/pedestrian_prototype/set_pose.
[lvdot_detector_main-8] [INFO] [1776984371.626559348] [lvdot_detector_node]: Input health: depth=26 color=59 lidar=0 pose=150 odom=150 yolo=4 depth_pose_sync=0 lidar_pose_sync=0 depth_odom_sync=0 lidar_odom_sync=0
[lvdot_detector_main-8] [INFO] [1776984371.626644328] [lvdot_detector_node]: Stage timers: detection=81 lidar_detection=239 tracking=239 classification=240 vis=186
[lvdot_detector_main-8] [INFO] [1776984371.626661651] [lvdot_detector_node]: Processing phases: detection=run_core lidar_detection=waiting_new_lidar tracking=waiting_new_filtered_update classification=waiting_new_tracking_update
[lvdot_detector_main-8] [INFO] [1776984371.626673488] [lvdot_detector_node]: Pipeline stats: depth_samples=1464/71300 u_map=2 depth_boxes=0 u_map_merge=0 u_map_db=0 u_map_visual=0 u_map_fused=0 u_map_filtered=0 lidar_samples=0/0 uv=1 db=12 lidar=0 fused=1 filtered=1 tracks=1 dynamic=0 dyn_points=0 raw_dyn_points=0 service=0/0 split=1->0 (1 outputs) fusion_components=1 visual_only=1 lidar_only=0 yolo_in=0 yolo_match3d=0 yolo_match_det=0 yolo_human=0 fixed_size=0 size_reject=0
[lvdot_detector_main-8] [INFO] [1776984377.617855019] [lvdot_detector_node]: Input health: depth=50 color=111 lidar=0 pose=341 odom=341 yolo=7 depth_pose_sync=0 lidar_pose_sync=0 depth_odom_sync=0 lidar_odom_sync=0
[lvdot_detector_main-8] [INFO] [1776984377.618991042] [lvdot_detector_node]: Stage timers: detection=84 lidar_detection=418 tracking=419 classification=421 vis=344
[lvdot_detector_main-8] [INFO] [1776984377.619013575] [lvdot_detector_node]: Processing phases: detection=run_core lidar_detection=waiting_new_lidar tracking=waiting_new_filtered_update classification=waiting_new_tracking_update
[lvdot_detector_main-8] [INFO] [1776984377.619026061] [lvdot_detector_node]: Pipeline stats: depth_samples=1273/61410 u_map=3 depth_boxes=0 u_map_merge=0 u_map_db=0 u_map_visual=0 u_map_fused=0 u_map_filtered=0 lidar_samples=0/0 uv=0 db=10 lidar=0 fused=0 filtered=0 tracks=0 dynamic=0 dyn_points=0 raw_dyn_points=0 service=0/0 split=0->0 (0 outputs) fusion_components=0 visual_only=0 lidar_only=0 yolo_in=4 yolo_match3d=0 yolo_match_det=0 yolo_human=0 fixed_size=0 size_reject=0
[lvdot_detector_main-8] [INFO] [1776984383.623365226] [lvdot_detector_node]: Input health: depth=81 color=150 lidar=0 pose=522 odom=522 yolo=9 depth_pose_sync=0 lidar_pose_sync=0 depth_odom_sync=0 lidar_odom_sync=0
[lvdot_detector_main-8] [INFO] [1776984383.623440825] [lvdot_detector_node]: Stage timers: detection=87 lidar_detection=595 tracking=595 classification=599 vis=499
[lvdot_detector_main-8] [INFO] [1776984383.623456432] [lvdot_detector_node]: Processing phases: detection=run_core lidar_detection=waiting_new_lidar tracking=waiting_new_filtered_update classification=waiting_new_tracking_update
[lvdot_detector_main-8] [INFO] [1776984383.623470674] [lvdot_detector_node]: Pipeline stats: depth_samples=1348/71300 u_map=1 depth_boxes=0 u_map_merge=0 u_map_db=0 u_map_visual=0 u_map_fused=0 u_map_filtered=0 lidar_samples=0/0 uv=1 db=13 lidar=0 fused=1 filtered=1 tracks=1 dynamic=0 dyn_points=0 raw_dyn_points=0 service=0/0 split=1->0 (1 outputs) fusion_components=1 visual_only=1 lidar_only=0 yolo_in=0 yolo_match3d=0 yolo_match_det=0 yolo_human=0 fixed_size=0 size_reject=0
[lvdot_detector_main-8] [INFO] [1776984389.616257053] [lvdot_detector_node]: Input health: depth=115 color=193 lidar=0 pose=708 odom=708 yolo=12 depth_pose_sync=0 lidar_pose_sync=0 depth_odom_sync=0 lidar_odom_sync=0
[lvdot_detector_main-8] [INFO] [1776984389.616315552] [lvdot_detector_node]: Stage timers: detection=89 lidar_detection=769 tracking=769 classification=775 vis=636
[lvdot_detector_main-8] [INFO] [1776984389.616326606] [lvdot_detector_node]: Processing phases: detection=run_core lidar_detection=waiting_new_lidar tracking=waiting_new_filtered_update classification=waiting_new_tracking_update
[lvdot_detector_main-8] [INFO] [1776984389.616335899] [lvdot_detector_node]: Pipeline stats: depth_samples=1404/71300 u_map=2 depth_boxes=0 u_map_merge=0 u_map_db=0 u_map_visual=0 u_map_fused=0 u_map_filtered=0 lidar_samples=0/0 uv=1 db=12 lidar=0 fused=1 filtered=1 tracks=1 dynamic=0 dyn_points=0 raw_dyn_points=0 service=0/0 split=1->0 (1 outputs) fusion_components=1 visual_only=1 lidar_only=0 yolo_in=3 yolo_match3d=0 yolo_match_det=0 yolo_human=0 fixed_size=0 size_reject=0
[uav_trajectory_controller-4] [WARN] [1776984395.486411265] [uav_trajectory_controller]: SetEntityPose request timed out after 0.81s on /world/pedestrian_prototype/set_pose; dropping the pending request and retrying.
[lvdot_detector_main-8] [INFO] [1776984396.439303669] [lvdot_detector_node]: Input health: depth=123 color=249 lidar=0 pose=900 odom=900 yolo=14 depth_pose_sync=0 lidar_pose_sync=0 depth_odom_sync=0 lidar_odom_sync=0
[lvdot_detector_main-8] [INFO] [1776984396.439384159] [lvdot_detector_node]: Stage timers: detection=92 lidar_detection=949 tracking=945 classification=949 vis=785
[lvdot_detector_main-8] [INFO] [1776984396.439396098] [lvdot_detector_node]: Processing phases: detection=run_core lidar_detection=snapshot tracking=waiting_new_filtered_update classification=waiting_new_tracking_update
[lvdot_detector_main-8] [INFO] [1776984396.439405550] [lvdot_detector_node]: Pipeline stats: depth_samples=1335/71300 u_map=1 depth_boxes=0 u_map_merge=0 u_map_db=0 u_map_visual=0 u_map_fused=0 u_map_filtered=0 lidar_samples=0/0 uv=1 db=10 lidar=0 fused=1 filtered=1 tracks=1 dynamic=0 dyn_points=0 raw_dyn_points=0 service=0/0 split=1->0 (1 outputs) fusion_components=1 visual_only=1 lidar_only=0 yolo_in=3 yolo_match3d=0 yolo_match_det=0 yolo_human=0 fixed_size=0 size_reject=0
[lvdot_detector_main-8] [INFO] [1776984402.422581438] [lvdot_detector_node]: Input health: depth=146 color=306 lidar=0 pose=1087 odom=1087 yolo=17 depth_pose_sync=0 lidar_pose_sync=0 depth_odom_sync=0 lidar_odom_sync=0
[lvdot_detector_main-8] [INFO] [1776984402.422842056] [lvdot_detector_node]: Stage timers: detection=95 lidar_detection=1125 tracking=1126 classification=1128 vis=933
[lvdot_detector_main-8] [INFO] [1776984402.422860789] [lvdot_detector_node]: Processing phases: detection=run_core lidar_detection=waiting_new_lidar tracking=waiting_new_filtered_update classification=waiting_new_tracking_update
[lvdot_detector_main-8] [INFO] [1776984402.422873213] [lvdot_detector_node]: Pipeline stats: depth_samples=1463/71300 u_map=2 depth_boxes=0 u_map_merge=0 u_map_db=0 u_map_visual=0 u_map_fused=0 u_map_filtered=0 lidar_samples=0/0 uv=1 db=12 lidar=0 fused=1 filtered=1 tracks=1 dynamic=0 dyn_points=0 raw_dyn_points=0 service=0/0 split=1->0 (1 outputs) fusion_components=1 visual_only=1 lidar_only=0 yolo_in=3 yolo_match3d=0 yolo_match_det=0 yolo_human=0 fixed_size=0 size_reject=0
[lvdot_detector_main-8] [INFO] [1776984408.440672425] [lvdot_detector_node]: Input health: depth=168 color=349 lidar=0 pose=1267 odom=1267 yolo=20 depth_pose_sync=0 lidar_pose_sync=0 depth_odom_sync=0 lidar_odom_sync=0
[lvdot_detector_main-8] [INFO] [1776984408.440749785] [lvdot_detector_node]: Stage timers: detection=97 lidar_detection=1300 tracking=1304 classification=1306 vis=1071
[lvdot_detector_main-8] [INFO] [1776984408.440769392] [lvdot_detector_node]: Processing phases: detection=run_core lidar_detection=snapshot tracking=waiting_new_filtered_update classification=waiting_new_tracking_update
[lvdot_detector_main-8] [INFO] [1776984408.440782011] [lvdot_detector_node]: Pipeline stats: depth_samples=1499/71300 u_map=2 depth_boxes=0 u_map_merge=0 u_map_db=0 u_map_visual=0 u_map_fused=0 u_map_filtered=0 lidar_samples=0/0 uv=1 db=12 lidar=0 fused=1 filtered=1 tracks=1 dynamic=0 dyn_points=0 raw_dyn_points=0 service=0/0 split=1->0 (1 outputs) fusion_components=1 visual_only=1 lidar_only=0 yolo_in=1 yolo_match3d=0 yolo_match_det=0 yolo_human=0 fixed_size=0 size_reject=0
[lvdot_detector_main-8] [INFO] [1776984414.426060698] [lvdot_detector_node]: Input health: depth=181 color=408 lidar=0 pose=1454 odom=1454 yolo=24 depth_pose_sync=0 lidar_pose_sync=0 depth_odom_sync=0 lidar_odom_sync=0
[lvdot_detector_main-8] [INFO] [1776984414.426138641] [lvdot_detector_node]: Stage timers: detection=100 lidar_detection=1477 tracking=1482 classification=1481 vis=1215
[lvdot_detector_main-8] [INFO] [1776984414.426161254] [lvdot_detector_node]: Processing phases: detection=run_core lidar_detection=waiting_new_lidar tracking=waiting_new_filtered_update classification=waiting_new_tracking_update
[lvdot_detector_main-8] [INFO] [1776984414.426253535] [lvdot_detector_node]: Pipeline stats: depth_samples=1447/71300 u_map=2 depth_boxes=0 u_map_merge=0 u_map_db=0 u_map_visual=0 u_map_fused=0 u_map_filtered=0 lidar_samples=0/0 uv=0 db=11 lidar=0 fused=0 filtered=0 tracks=0 dynamic=0 dyn_points=0 raw_dyn_points=0 service=0/0 split=0->0 (0 outputs) fusion_components=0 visual_only=0 lidar_only=0 yolo_in=2 yolo_match3d=0 yolo_match_det=0 yolo_human=0 fixed_size=0 size_reject=2
[lvdot_detector_main-8] [INFO] [1776984420.423556833] [lvdot_detector_node]: Input health: depth=203 color=463 lidar=0 pose=1634 odom=1633 yolo=28 depth_pose_sync=0 lidar_pose_sync=0 depth_odom_sync=0 lidar_odom_sync=0
[lvdot_detector_main-8] [INFO] [1776984420.423631978] [lvdot_detector_node]: Stage timers: detection=103 lidar_detection=1653 tracking=1659 classification=1658 vis=1360
[lvdot_detector_main-8] [INFO] [1776984420.423666510] [lvdot_detector_node]: Processing phases: detection=run_core lidar_detection=waiting_new_lidar tracking=waiting_new_filtered_update classification=waiting_new_tracking_update
[lvdot_detector_main-8] [INFO] [1776984420.423687700] [lvdot_detector_node]: Pipeline stats: depth_samples=1288/71300 u_map=2 depth_boxes=0 u_map_merge=0 u_map_db=0 u_map_visual=0 u_map_fused=0 u_map_filtered=0 lidar_samples=0/0 uv=1 db=11 lidar=0 fused=1 filtered=1 tracks=1 dynamic=0 dyn_points=0 raw_dyn_points=0 service=0/0 split=1->0 (1 outputs) fusion_components=1 visual_only=1 lidar_only=0 yolo_in=1 yolo_match3d=0 yolo_match_det=0 yolo_human=0 fixed_size=0 size_reject=0
[lvdot_detector_main-8] [INFO] [1776984426.424965384] [lvdot_detector_node]: Input health: depth=224 color=509 lidar=0 pose=1819 odom=1818 yolo=31 depth_pose_sync=0 lidar_pose_sync=0 depth_odom_sync=0 lidar_odom_sync=0
[lvdot_detector_main-8] [INFO] [1776984426.425183740] [lvdot_detector_node]: Stage timers: detection=106 lidar_detection=1831 tracking=1839 classification=1833 vis=1510
[lvdot_detector_main-8] [INFO] [1776984426.425238831] [lvdot_detector_node]: Processing phases: detection=run_core lidar_detection=waiting_new_lidar tracking=waiting_new_filtered_update classification=idle
[lvdot_detector_main-8] [INFO] [1776984426.425265472] [lvdot_detector_node]: Pipeline stats: depth_samples=1487/71300 u_map=2 depth_boxes=0 u_map_merge=0 u_map_db=0 u_map_visual=0 u_map_fused=0 u_map_filtered=0 lidar_samples=0/0 uv=2 db=12 lidar=0 fused=2 filtered=2 tracks=2 dynamic=1 dyn_points=0 raw_dyn_points=0 service=0/0 split=2->0 (2 outputs) fusion_components=2 visual_only=2 lidar_only=0 yolo_in=4 yolo_match3d=1 yolo_match_det=1 yolo_human=1 fixed_size=0 size_reject=0
[lvdot_detector_main-8] [INFO] [1776984433.253119807] [lvdot_detector_node]: Input health: depth=240 color=564 lidar=0 pose=2001 odom=2001 yolo=33 depth_pose_sync=0 lidar_pose_sync=0 depth_odom_sync=0 lidar_odom_sync=0
[lvdot_detector_main-8] [INFO] [1776984433.253197482] [lvdot_detector_node]: Stage timers: detection=108 lidar_detection=2010 tracking=2012 classification=2013 vis=1642
[lvdot_detector_main-8] [INFO] [1776984433.253218489] [lvdot_detector_node]: Processing phases: detection=run_core lidar_detection=waiting_new_lidar tracking=snapshot classification=waiting_new_tracking_update
[lvdot_detector_main-8] [INFO] [1776984433.253232558] [lvdot_detector_node]: Pipeline stats: depth_samples=1449/71300 u_map=2 depth_boxes=0 u_map_merge=0 u_map_db=0 u_map_visual=0 u_map_fused=0 u_map_filtered=0 lidar_samples=0/0 uv=2 db=12 lidar=0 fused=2 filtered=2 tracks=2 dynamic=0 dyn_points=0 raw_dyn_points=0 service=0/0 split=2->0 (2 outputs) fusion_components=2 visual_only=2 lidar_only=0 yolo_in=7 yolo_match3d=0 yolo_match_det=0 yolo_human=0 fixed_size=0 size_reject=0
[lvdot_detector_main-8] [INFO] [1776984439.234085953] [lvdot_detector_node]: Input health: depth=258 color=602 lidar=0 pose=2183 odom=2183 yolo=36 depth_pose_sync=0 lidar_pose_sync=0 depth_odom_sync=0 lidar_odom_sync=0
[lvdot_detector_main-8] [INFO] [1776984439.234160792] [lvdot_detector_node]: Stage timers: detection=111 lidar_detection=2185 tracking=2189 classification=2190 vis=1785
[lvdot_detector_main-8] [INFO] [1776984439.234178197] [lvdot_detector_node]: Processing phases: detection=run_core lidar_detection=waiting_new_lidar tracking=waiting_new_filtered_update classification=waiting_new_tracking_update
[lvdot_detector_main-8] [INFO] [1776984439.234190090] [lvdot_detector_node]: Pipeline stats: depth_samples=1458/71300 u_map=3 depth_boxes=0 u_map_merge=0 u_map_db=0 u_map_visual=0 u_map_fused=0 u_map_filtered=0 lidar_samples=0/0 uv=0 db=15 lidar=0 fused=0 filtered=0 tracks=0 dynamic=1 dyn_points=0 raw_dyn_points=0 service=0/0 split=0->0 (0 outputs) fusion_components=0 visual_only=0 lidar_only=0 yolo_in=5 yolo_match3d=0 yolo_match_det=0 yolo_human=0 fixed_size=0 size_reject=0
[lvdot_detector_main-8] [INFO] [1776984445.230591543] [lvdot_detector_node]: Input health: depth=280 color=663 lidar=0 pose=2371 odom=2371 yolo=40 depth_pose_sync=0 lidar_pose_sync=0 depth_odom_sync=0 lidar_odom_sync=0
[lvdot_detector_main-8] [INFO] [1776984445.230674064] [lvdot_detector_node]: Stage timers: detection=113 lidar_detection=2364 tracking=2370 classification=2370 vis=1931
[lvdot_detector_main-8] [INFO] [1776984445.230688649] [lvdot_detector_node]: Processing phases: detection=run_core lidar_detection=waiting_new_lidar tracking=snapshot classification=waiting_new_tracking_update
[lvdot_detector_main-8] [INFO] [1776984445.230699684] [lvdot_detector_node]: Pipeline stats: depth_samples=1410/71300 u_map=1 depth_boxes=0 u_map_merge=0 u_map_db=0 u_map_visual=0 u_map_fused=0 u_map_filtered=0 lidar_samples=0/0 uv=1 db=10 lidar=0 fused=1 filtered=1 tracks=1 dynamic=0 dyn_points=0 raw_dyn_points=0 service=0/0 split=1->0 (1 outputs) fusion_components=1 visual_only=1 lidar_only=0 yolo_in=4 yolo_match3d=0 yolo_match_det=0 yolo_human=0 fixed_size=0 size_reject=0
[lvdot_detector_main-8] [INFO] [1776984451.239678367] [lvdot_detector_node]: Input health: depth=307 color=711 lidar=0 pose=2560 odom=2560 yolo=44 depth_pose_sync=0 lidar_pose_sync=0 depth_odom_sync=0 lidar_odom_sync=0
[lvdot_detector_main-8] [INFO] [1776984451.239742569] [lvdot_detector_node]: Stage timers: detection=116 lidar_detection=2543 tracking=2547 classification=2548 vis=2079
[lvdot_detector_main-8] [INFO] [1776984451.239753905] [lvdot_detector_node]: Processing phases: detection=run_core lidar_detection=snapshot tracking=waiting_new_filtered_update classification=waiting_new_tracking_update
[lvdot_detector_main-8] [INFO] [1776984451.239762895] [lvdot_detector_node]: Pipeline stats: depth_samples=1359/71300 u_map=1 depth_boxes=0 u_map_merge=0 u_map_db=0 u_map_visual=0 u_map_fused=0 u_map_filtered=0 lidar_samples=0/0 uv=1 db=13 lidar=0 fused=1 filtered=1 tracks=1 dynamic=1 dyn_points=122 raw_dyn_points=0 service=0/0 split=1->0 (1 outputs) fusion_components=1 visual_only=1 lidar_only=0 yolo_in=4 yolo_match3d=1 yolo_match_det=1 yolo_human=1 fixed_size=0 size_reject=0
[lvdot_detector_main-8] [INFO] [1776984457.223570864] [lvdot_detector_node]: Input health: depth=320 color=748 lidar=0 pose=2751 odom=2751 yolo=46 depth_pose_sync=0 lidar_pose_sync=0 depth_odom_sync=0 lidar_odom_sync=0
[lvdot_detector_main-8] [INFO] [1776984457.223653145] [lvdot_detector_node]: Stage timers: detection=119 lidar_detection=2718 tracking=2726 classification=2726 vis=2225
[lvdot_detector_main-8] [INFO] [1776984457.223664872] [lvdot_detector_node]: Processing phases: detection=run_core lidar_detection=waiting_new_lidar tracking=waiting_new_filtered_update classification=waiting_new_tracking_update
[lvdot_detector_main-8] [INFO] [1776984457.223673960] [lvdot_detector_node]: Pipeline stats: depth_samples=1348/71300 u_map=1 depth_boxes=0 u_map_merge=0 u_map_db=0 u_map_visual=0 u_map_fused=0 u_map_filtered=0 lidar_samples=0/0 uv=1 db=13 lidar=0 fused=1 filtered=1 tracks=1 dynamic=0 dyn_points=0 raw_dyn_points=0 service=0/0 split=1->0 (1 outputs) fusion_components=1 visual_only=1 lidar_only=0 yolo_in=2 yolo_match3d=0 yolo_match_det=0 yolo_human=0 fixed_size=0 size_reject=0
[lvdot_detector_main-8] [INFO] [1776984464.039962320] [lvdot_detector_node]: Input health: depth=345 color=785 lidar=0 pose=2936 odom=2936 yolo=50 depth_pose_sync=0 lidar_pose_sync=0 depth_odom_sync=0 lidar_odom_sync=0
[lvdot_detector_main-8] [INFO] [1776984464.040018573] [lvdot_detector_node]: Stage timers: detection=121 lidar_detection=2898 tracking=2907 classification=2906 vis=2373
[lvdot_detector_main-8] [INFO] [1776984464.040029905] [lvdot_detector_node]: Processing phases: detection=run_core lidar_detection=waiting_new_lidar tracking=waiting_new_filtered_update classification=waiting_new_tracking_update
[lvdot_detector_main-8] [INFO] [1776984464.040039415] [lvdot_detector_node]: Pipeline stats: depth_samples=1522/71300 u_map=2 depth_boxes=0 u_map_merge=0 u_map_db=0 u_map_visual=0 u_map_fused=0 u_map_filtered=0 lidar_samples=0/0 uv=1 db=12 lidar=0 fused=1 filtered=1 tracks=1 dynamic=0 dyn_points=0 raw_dyn_points=0 service=0/0 split=1->0 (1 outputs) fusion_components=1 visual_only=1 lidar_only=0 yolo_in=2 yolo_match3d=0 yolo_match_det=0 yolo_human=0 fixed_size=0 size_reject=0
[lvdot_detector_main-8] [INFO] [1776984470.040084958] [lvdot_detector_node]: Input health: depth=358 color=824 lidar=0 pose=3124 odom=3124 yolo=54 depth_pose_sync=0 lidar_pose_sync=0 depth_odom_sync=0 lidar_odom_sync=0
[lvdot_detector_main-8] [INFO] [1776984470.040160895] [lvdot_detector_node]: Stage timers: detection=123 lidar_detection=3077 tracking=3082 classification=3085 vis=2521
[lvdot_detector_main-8] [INFO] [1776984470.040178797] [lvdot_detector_node]: Processing phases: detection=run_core lidar_detection=waiting_new_lidar tracking=snapshot classification=waiting_new_tracking_update
[lvdot_detector_main-8] [INFO] [1776984470.040191693] [lvdot_detector_node]: Pipeline stats: depth_samples=1443/71300 u_map=4 depth_boxes=0 u_map_merge=0 u_map_db=0 u_map_visual=0 u_map_fused=0 u_map_filtered=0 lidar_samples=0/0 uv=1 db=9 lidar=0 fused=1 filtered=1 tracks=1 dynamic=1 dyn_points=99 raw_dyn_points=0 service=0/0 split=1->0 (1 outputs) fusion_components=1 visual_only=1 lidar_only=0 yolo_in=2 yolo_match3d=1 yolo_match_det=1 yolo_human=1 fixed_size=0 size_reject=0
[lvdot_detector_main-8] [INFO] [1776984476.054907245] [lvdot_detector_node]: Input health: depth=383 color=886 lidar=0 pose=3312 odom=3312 yolo=55 depth_pose_sync=0 lidar_pose_sync=0 depth_odom_sync=0 lidar_odom_sync=0
[lvdot_detector_main-8] [INFO] [1776984476.059419115] [lvdot_detector_node]: Stage timers: detection=126 lidar_detection=3255 tracking=3257 classification=3259 vis=2661
[lvdot_detector_main-8] [INFO] [1776984476.059434383] [lvdot_detector_node]: Processing phases: detection=run_core lidar_detection=snapshot tracking=waiting_new_filtered_update classification=waiting_new_tracking_update
[lvdot_detector_main-8] [INFO] [1776984476.059443853] [lvdot_detector_node]: Pipeline stats: depth_samples=1393/71300 u_map=3 depth_boxes=0 u_map_merge=0 u_map_db=0 u_map_visual=0 u_map_fused=0 u_map_filtered=0 lidar_samples=0/0 uv=1 db=11 lidar=0 fused=1 filtered=1 tracks=1 dynamic=0 dyn_points=0 raw_dyn_points=0 service=0/0 split=1->0 (1 outputs) fusion_components=1 visual_only=1 lidar_only=0 yolo_in=5 yolo_match3d=0 yolo_match_det=0 yolo_human=0 fixed_size=0 size_reject=0
[lvdot_detector_main-8] [INFO] [1776984482.042008672] [lvdot_detector_node]: Input health: depth=404 color=944 lidar=0 pose=3502 odom=3502 yolo=59 depth_pose_sync=0 lidar_pose_sync=0 depth_odom_sync=0 lidar_odom_sync=0
[lvdot_detector_main-8] [INFO] [1776984482.042067329] [lvdot_detector_node]: Stage timers: detection=128 lidar_detection=3429 tracking=3434 classification=3437 vis=2815
[lvdot_detector_main-8] [INFO] [1776984482.042077959] [lvdot_detector_node]: Processing phases: detection=run_core lidar_detection=waiting_new_lidar tracking=waiting_new_filtered_update classification=waiting_new_tracking_update
[lvdot_detector_main-8] [INFO] [1776984482.042087042] [lvdot_detector_node]: Pipeline stats: depth_samples=1349/71300 u_map=0 depth_boxes=0 u_map_merge=0 u_map_db=0 u_map_visual=0 u_map_fused=0 u_map_filtered=0 lidar_samples=0/0 uv=0 db=9 lidar=0 fused=0 filtered=0 tracks=0 dynamic=1 dyn_points=0 raw_dyn_points=0 service=0/0 split=0->0 (0 outputs) fusion_components=0 visual_only=0 lidar_only=0 yolo_in=4 yolo_match3d=0 yolo_match_det=0 yolo_human=0 fixed_size=0 size_reject=0
[lvdot_detector_main-8] [INFO] [1776984488.042874794] [lvdot_detector_node]: Input health: depth=421 color=1008 lidar=0 pose=3691 odom=3691 yolo=62 depth_pose_sync=0 lidar_pose_sync=0 depth_odom_sync=0 lidar_odom_sync=0
[lvdot_detector_main-8] [INFO] [1776984488.042962651] [lvdot_detector_node]: Stage timers: detection=131 lidar_detection=3605 tracking=3611 classification=3614 vis=2968
[lvdot_detector_main-8] [INFO] [1776984488.042977359] [lvdot_detector_node]: Processing phases: detection=run_core lidar_detection=waiting_new_lidar tracking=waiting_new_filtered_update classification=waiting_new_tracking_update
[lvdot_detector_main-8] [INFO] [1776984488.042990008] [lvdot_detector_node]: Pipeline stats: depth_samples=1594/71300 u_map=3 depth_boxes=0 u_map_merge=0 u_map_db=0 u_map_visual=0 u_map_fused=0 u_map_filtered=0 lidar_samples=0/0 uv=3 db=12 lidar=0 fused=3 filtered=3 tracks=3 dynamic=0 dyn_points=0 raw_dyn_points=0 service=0/0 split=3->0 (3 outputs) fusion_components=3 visual_only=3 lidar_only=0 yolo_in=0 yolo_match3d=0 yolo_match_det=0 yolo_human=0 fixed_size=0 size_reject=0
[lvdot_detector_main-8] [INFO] [1776984494.050388968] [lvdot_detector_node]: Input health: depth=448 color=1065 lidar=0 pose=3878 odom=3878 yolo=66 depth_pose_sync=0 lidar_pose_sync=0 depth_odom_sync=0 lidar_odom_sync=0
[lvdot_detector_main-8] [INFO] [1776984494.050495918] [lvdot_detector_node]: Stage timers: detection=133 lidar_detection=3782 tracking=3790 classification=3790 vis=3121
[lvdot_detector_main-8] [INFO] [1776984494.050516965] [lvdot_detector_node]: Processing phases: detection=run_core lidar_detection=waiting_new_lidar tracking=waiting_new_filtered_update classification=waiting_new_tracking_update
[lvdot_detector_main-8] [INFO] [1776984494.050539121] [lvdot_detector_node]: Pipeline stats: depth_samples=1161/71300 u_map=2 depth_boxes=0 u_map_merge=0 u_map_db=0 u_map_visual=0 u_map_fused=0 u_map_filtered=0 lidar_samples=0/0 uv=0 db=11 lidar=0 fused=0 filtered=0 tracks=0 dynamic=0 dyn_points=0 raw_dyn_points=0 service=0/0 split=0->0 (0 outputs) fusion_components=0 visual_only=0 lidar_only=0 yolo_in=1 yolo_match3d=0 yolo_match_det=0 yolo_human=0 fixed_size=0 size_reject=0
[lvdot_detector_main-8] [INFO] [1776984500.832447593] [lvdot_detector_node]: Input health: depth=467 color=1126 lidar=0 pose=4063 odom=4063 yolo=69 depth_pose_sync=0 lidar_pose_sync=0 depth_odom_sync=0 lidar_odom_sync=0
[lvdot_detector_main-8] [INFO] [1776984500.832521402] [lvdot_detector_node]: Stage timers: detection=136 lidar_detection=3958 tracking=3967 classification=3965 vis=3273
[lvdot_detector_main-8] [INFO] [1776984500.832599157] [lvdot_detector_node]: Processing phases: detection=run_core lidar_detection=waiting_new_lidar tracking=waiting_new_filtered_update classification=snapshot
[lvdot_detector_main-8] [INFO] [1776984500.832613302] [lvdot_detector_node]: Pipeline stats: depth_samples=1541/71300 u_map=4 depth_boxes=0 u_map_merge=0 u_map_db=0 u_map_visual=0 u_map_fused=0 u_map_filtered=0 lidar_samples=0/0 uv=2 db=15 lidar=0 fused=2 filtered=2 tracks=2 dynamic=0 dyn_points=0 raw_dyn_points=0 service=0/0 split=2->0 (2 outputs) fusion_components=2 visual_only=2 lidar_only=0 yolo_in=1 yolo_match3d=0 yolo_match_det=0 yolo_human=0 fixed_size=0 size_reject=0
[lvdot_detector_main-8] [INFO] [1776984506.824144693] [lvdot_detector_node]: Input health: depth=480 color=1200 lidar=0 pose=4247 odom=4247 yolo=72 depth_pose_sync=0 lidar_pose_sync=0 depth_odom_sync=0 lidar_odom_sync=0
[lvdot_detector_main-8] [INFO] [1776984506.824213883] [lvdot_detector_node]: Stage timers: detection=139 lidar_detection=4139 tracking=4148 classification=4145 vis=3430
[lvdot_detector_main-8] [INFO] [1776984506.824230146] [lvdot_detector_node]: Processing phases: detection=run_core lidar_detection=waiting_new_lidar tracking=waiting_new_filtered_update classification=waiting_new_tracking_update
[lvdot_detector_main-8] [INFO] [1776984506.824239384] [lvdot_detector_node]: Pipeline stats: depth_samples=1499/71300 u_map=2 depth_boxes=0 u_map_merge=0 u_map_db=0 u_map_visual=0 u_map_fused=0 u_map_filtered=0 lidar_samples=0/0 uv=2 db=10 lidar=0 fused=2 filtered=3 tracks=3 dynamic=2 dyn_points=23 raw_dyn_points=0 service=0/0 split=2->1 (3 outputs) fusion_components=2 visual_only=2 lidar_only=0 yolo_in=3 yolo_match3d=1 yolo_match_det=2 yolo_human=2 fixed_size=0 size_reject=0
[lvdot_detector_main-8] [INFO] [1776984512.826982525] [lvdot_detector_node]: Input health: depth=505 color=1266 lidar=0 pose=4432 odom=4432 yolo=75 depth_pose_sync=0 lidar_pose_sync=0 depth_odom_sync=0 lidar_odom_sync=0
[lvdot_detector_main-8] [INFO] [1776984512.827729886] [lvdot_detector_node]: Stage timers: detection=141 lidar_detection=4318 tracking=4327 classification=4319 vis=3568
[lvdot_detector_main-8] [INFO] [1776984512.827749469] [lvdot_detector_node]: Processing phases: detection=idle lidar_detection=snapshot tracking=waiting_new_filtered_update classification=waiting_new_tracking_update
[lvdot_detector_main-8] [INFO] [1776984512.827761781] [lvdot_detector_node]: Pipeline stats: depth_samples=1209/71300 u_map=2 depth_boxes=0 u_map_merge=0 u_map_db=0 u_map_visual=0 u_map_fused=0 u_map_filtered=0 lidar_samples=0/0 uv=2 db=8 lidar=0 fused=2 filtered=2 tracks=2 dynamic=0 dyn_points=216 raw_dyn_points=0 service=0/0 split=2->1 (2 outputs) fusion_components=2 visual_only=2 lidar_only=0 yolo_in=3 yolo_match3d=1 yolo_match_det=3 yolo_human=0 fixed_size=0 size_reject=0
[lvdot_detector_main-8] [INFO] [1776984518.826964370] [lvdot_detector_node]: Input health: depth=529 color=1319 lidar=1 pose=4622 odom=4622 yolo=78 depth_pose_sync=0 lidar_pose_sync=0 depth_odom_sync=0 lidar_odom_sync=0
[lvdot_detector_main-8] [INFO] [1776984518.827062727] [lvdot_detector_node]: Stage timers: detection=144 lidar_detection=4396 tracking=4504 classification=4497 vis=3714
[lvdot_detector_main-8] [INFO] [1776984518.827075181] [lvdot_detector_node]: Processing phases: detection=run_core lidar_detection=run_lidar_detector/dbscan tracking=waiting_new_filtered_update classification=waiting_new_tracking_update
[lvdot_detector_main-8] [INFO] [1776984518.827087733] [lvdot_detector_node]: Pipeline stats: depth_samples=1389/71300 u_map=0 depth_boxes=0 u_map_merge=0 u_map_db=0 u_map_visual=0 u_map_fused=0 u_map_filtered=0 lidar_samples=0/0 uv=0 db=10 lidar=0 fused=0 filtered=0 tracks=0 dynamic=1 dyn_points=0 raw_dyn_points=0 service=0/0 split=0->0 (0 outputs) fusion_components=0 visual_only=0 lidar_only=0 yolo_in=2 yolo_match3d=0 yolo_match_det=0 yolo_human=0 fixed_size=0 size_reject=0
[lvdot_detector_main-8] [INFO] [1776984524.849530906] [lvdot_detector_node]: Input health: depth=556 color=1364 lidar=1 pose=4794 odom=4799 yolo=81 depth_pose_sync=0 lidar_pose_sync=0 depth_odom_sync=0 lidar_odom_sync=0
[lvdot_detector_main-8] [INFO] [1776984524.849595038] [lvdot_detector_node]: Stage timers: detection=147 lidar_detection=4449 tracking=4653 classification=4650 vis=3822
[lvdot_detector_main-8] [INFO] [1776984524.849605825] [lvdot_detector_node]: Processing phases: detection=run_core lidar_detection=waiting_new_lidar tracking=snapshot classification=waiting_new_tracking_update
[lvdot_detector_main-8] [INFO] [1776984524.849614945] [lvdot_detector_node]: Pipeline stats: depth_samples=1365/71300 u_map=2 depth_boxes=0 u_map_merge=0 u_map_db=0 u_map_visual=0 u_map_fused=0 u_map_filtered=0 lidar_samples=3234/122551 uv=2 db=14 lidar=21 fused=2 filtered=2 tracks=2 dynamic=0 dyn_points=0 raw_dyn_points=0 service=0/0 split=2->0 (2 outputs) fusion_components=2 visual_only=2 lidar_only=0 yolo_in=0 yolo_match3d=0 yolo_match_det=0 yolo_human=0 fixed_size=0 size_reject=0
[lvdot_detector_main-8] [INFO] [1776984531.654215316] [lvdot_detector_node]: Input health: depth=580 color=1415 lidar=1 pose=4949 odom=4973 yolo=85 depth_pose_sync=0 lidar_pose_sync=0 depth_odom_sync=0 lidar_odom_sync=0
[lvdot_detector_main-8] [INFO] [1776984531.654316148] [lvdot_detector_node]: Stage timers: detection=149 lidar_detection=4560 tracking=4753 classification=4756 vis=3862
[lvdot_detector_main-8] [INFO] [1776984531.654339401] [lvdot_detector_node]: Processing phases: detection=run_core lidar_detection=snapshot tracking=waiting_new_filtered_update classification=waiting_new_tracking_update
[lvdot_detector_main-8] [INFO] [1776984531.654352787] [lvdot_detector_node]: Pipeline stats: depth_samples=1238/63769 u_map=1 depth_boxes=0 u_map_merge=0 u_map_db=0 u_map_visual=0 u_map_fused=0 u_map_filtered=0 lidar_samples=3234/122551 uv=1 db=10 lidar=21 fused=22 filtered=22 tracks=22 dynamic=0 dyn_points=0 raw_dyn_points=0 service=0/0 split=22->0 (22 outputs) fusion_components=22 visual_only=1 lidar_only=21 yolo_in=2 yolo_match3d=0 yolo_match_det=0 yolo_human=0 fixed_size=0 size_reject=0
[lvdot_detector_main-8] [INFO] [1776984537.645471551] [lvdot_detector_node]: Input health: depth=601 color=1468 lidar=1 pose=5116 odom=5148 yolo=88 depth_pose_sync=0 lidar_pose_sync=0 depth_odom_sync=0 lidar_odom_sync=0
[lvdot_detector_main-8] [INFO] [1776984537.645534149] [lvdot_detector_node]: Stage timers: detection=152 lidar_detection=4684 tracking=4869 classification=4865 vis=3909
[lvdot_detector_main-8] [INFO] [1776984537.645544968] [lvdot_detector_node]: Processing phases: detection=run_core lidar_detection=waiting_new_lidar tracking=idle classification=waiting_new_tracking_update
[lvdot_detector_main-8] [INFO] [1776984537.645554531] [lvdot_detector_node]: Pipeline stats: depth_samples=1407/71300 u_map=3 depth_boxes=0 u_map_merge=0 u_map_db=0 u_map_visual=0 u_map_fused=0 u_map_filtered=0 lidar_samples=3234/122551 uv=3 db=13 lidar=21 fused=24 filtered=24 tracks=24 dynamic=1 dyn_points=89 raw_dyn_points=856 service=0/0 split=24->0 (24 outputs) fusion_components=24 visual_only=3 lidar_only=21 yolo_in=3 yolo_match3d=2 yolo_match_det=2 yolo_human=2 fixed_size=0 size_reject=0
[lvdot_detector_main-8] [INFO] [1776984543.663779119] [lvdot_detector_node]: Input health: depth=614 color=1518 lidar=1 pose=5239 odom=5286 yolo=92 depth_pose_sync=0 lidar_pose_sync=0 depth_odom_sync=0 lidar_odom_sync=0
[lvdot_detector_main-8] [INFO] [1776984543.663839598] [lvdot_detector_node]: Stage timers: detection=154 lidar_detection=4796 tracking=4957 classification=4950 vis=3944
[lvdot_detector_main-8] [INFO] [1776984543.663850254] [lvdot_detector_node]: Processing phases: detection=run_core lidar_detection=waiting_new_lidar tracking=waiting_new_filtered_update classification=waiting_new_tracking_update
[lvdot_detector_main-8] [INFO] [1776984543.663858893] [lvdot_detector_node]: Pipeline stats: depth_samples=1522/71300 u_map=2 depth_boxes=0 u_map_merge=0 u_map_db=0 u_map_visual=0 u_map_fused=0 u_map_filtered=0 lidar_samples=3234/122551 uv=2 db=14 lidar=21 fused=23 filtered=23 tracks=23 dynamic=1 dyn_points=48 raw_dyn_points=0 service=0/0 split=23->0 (23 outputs) fusion_components=23 visual_only=2 lidar_only=21 yolo_in=2 yolo_match3d=1 yolo_match_det=1 yolo_human=1 fixed_size=0 size_reject=0
[lvdot_detector_main-8] [INFO] [1776984549.635804965] [lvdot_detector_node]: Input health: depth=642 color=1567 lidar=2 pose=5410 odom=5460 yolo=95 depth_pose_sync=0 lidar_pose_sync=0 depth_odom_sync=0 lidar_odom_sync=0
[lvdot_detector_main-8] [INFO] [1776984549.636692713] [lvdot_detector_node]: Stage timers: detection=156 lidar_detection=4809 tracking=5080 classification=5075 vis=3991
[lvdot_detector_main-8] [INFO] [1776984549.636709714] [lvdot_detector_node]: Processing phases: detection=run_core lidar_detection=run_lidar_detector/dbscan tracking=waiting_new_filtered_update classification=waiting_new_tracking_update
[lvdot_detector_main-8] [INFO] [1776984549.636725835] [lvdot_detector_node]: Pipeline stats: depth_samples=1462/71300 u_map=2 depth_boxes=0 u_map_merge=0 u_map_db=0 u_map_visual=0 u_map_fused=0 u_map_filtered=0 lidar_samples=3234/122551 uv=2 db=12 lidar=21 fused=23 filtered=23 tracks=23 dynamic=0 dyn_points=0 raw_dyn_points=0 service=0/0 split=23->0 (23 outputs) fusion_components=23 visual_only=2 lidar_only=21 yolo_in=3 yolo_match3d=0 yolo_match_det=0 yolo_human=0 fixed_size=0 size_reject=0
[lvdot_detector_main-8] [INFO] [1776984555.642089397] [lvdot_detector_node]: Input health: depth=670 color=1600 lidar=2 pose=5562 odom=5620 yolo=97 depth_pose_sync=0 lidar_pose_sync=0 depth_odom_sync=0 lidar_odom_sync=0
[lvdot_detector_main-8] [INFO] [1776984555.646114054] [lvdot_detector_node]: Stage timers: detection=159 lidar_detection=4851 tracking=5184 classification=5178 vis=4033
[lvdot_detector_main-8] [INFO] [1776984555.646762338] [lvdot_detector_node]: Processing phases: detection=run_core lidar_detection=waiting_new_lidar tracking=build_input classification=waiting_new_tracking_update
[lvdot_detector_main-8] [INFO] [1776984555.646781589] [lvdot_detector_node]: Pipeline stats: depth_samples=1410/71300 u_map=1 depth_boxes=0 u_map_merge=0 u_map_db=0 u_map_visual=0 u_map_fused=0 u_map_filtered=0 lidar_samples=3425/123196 uv=1 db=10 lidar=24 fused=22 filtered=22 tracks=26 dynamic=1 dyn_points=108 raw_dyn_points=914 service=0/0 split=22->0 (22 outputs) fusion_components=22 visual_only=1 lidar_only=21 yolo_in=3 yolo_match3d=3 yolo_match_det=3 yolo_human=3 fixed_size=0 size_reject=0
[lvdot_detector_main-8] [INFO] [1776984562.457269955] [lvdot_detector_node]: Input health: depth=688 color=1640 lidar=2 pose=5722 odom=5792 yolo=100 depth_pose_sync=0 lidar_pose_sync=0 depth_odom_sync=0 lidar_odom_sync=0
[lvdot_detector_main-8] [INFO] [1776984562.457360407] [lvdot_detector_node]: Stage timers: detection=161 lidar_detection=4951 tracking=5284 classification=5285 vis=4072
[lvdot_detector_main-8] [INFO] [1776984562.457374689] [lvdot_detector_node]: Processing phases: detection=run_core lidar_detection=waiting_new_lidar tracking=waiting_new_filtered_update classification=waiting_new_tracking_update
[lvdot_detector_main-8] [INFO] [1776984562.457384716] [lvdot_detector_node]: Pipeline stats: depth_samples=1348/71300 u_map=1 depth_boxes=0 u_map_merge=0 u_map_db=0 u_map_visual=0 u_map_fused=0 u_map_filtered=0 lidar_samples=3425/123196 uv=1 db=13 lidar=24 fused=25 filtered=25 tracks=25 dynamic=0 dyn_points=0 raw_dyn_points=0 service=0/0 split=25->0 (25 outputs) fusion_components=25 visual_only=1 lidar_only=24 yolo_in=3 yolo_match3d=0 yolo_match_det=0 yolo_human=0 fixed_size=0 size_reject=0
[lvdot_detector_main-8] [INFO] [1776984567.169351333] [lvdot_detector_node]: get_dynamic_obstacles responded with 0 obstacles from 0 tracked dynamic boxes.
[lvdot_detector_main-8] [INFO] [1776984568.436716599] [lvdot_detector_node]: Input health: depth=716 color=1695 lidar=2 pose=5874 odom=5963 yolo=104 depth_pose_sync=0 lidar_pose_sync=0 depth_odom_sync=0 lidar_odom_sync=0
[lvdot_detector_main-8] [INFO] [1776984568.438609117] [lvdot_detector_node]: Stage timers: detection=164 lidar_detection=5058 tracking=5394 classification=5375 vis=4114
[lvdot_detector_main-8] [INFO] [1776984568.440115246] [lvdot_detector_node]: Processing phases: detection=run_core lidar_detection=waiting_new_lidar tracking=snapshot classification=waiting_new_tracking_update
[lvdot_detector_main-8] [INFO] [1776984568.440140634] [lvdot_detector_node]: Pipeline stats: depth_samples=1348/71300 u_map=1 depth_boxes=0 u_map_merge=0 u_map_db=0 u_map_visual=0 u_map_fused=0 u_map_filtered=0 lidar_samples=3425/123196 uv=1 db=13 lidar=24 fused=25 filtered=25 tracks=25 dynamic=0 dyn_points=0 raw_dyn_points=0 service=1/0 split=25->0 (25 outputs) fusion_components=25 visual_only=1 lidar_only=24 yolo_in=1 yolo_match3d=0 yolo_match_det=0 yolo_human=0 fixed_size=0 size_reject=0
[lvdot_detector_main-8] [INFO] [1776984573.409259472] [lvdot_detector_node]: get_dynamic_obstacles responded with 2 obstacles from 2 tracked dynamic boxes.
[lvdot_detector_main-8] [INFO] [1776984574.483340729] [lvdot_detector_node]: Input health: depth=746 color=1750 lidar=3 pose=5976 odom=6075 yolo=107 depth_pose_sync=0 lidar_pose_sync=0 depth_odom_sync=0 lidar_odom_sync=0
[lvdot_detector_main-8] [INFO] [1776984574.483421219] [lvdot_detector_node]: Stage timers: detection=167 lidar_detection=5150 tracking=5466 classification=5456 vis=4147
[lvdot_detector_main-8] [INFO] [1776984574.483432854] [lvdot_detector_node]: Processing phases: detection=run_core lidar_detection=run_lidar_detector/project tracking=waiting_new_filtered_update classification=run_core
[lvdot_detector_main-8] [INFO] [1776984574.483441990] [lvdot_detector_node]: Pipeline stats: depth_samples=1410/71300 u_map=1 depth_boxes=0 u_map_merge=0 u_map_db=0 u_map_visual=0 u_map_fused=0 u_map_filtered=0 lidar_samples=3425/123196 uv=1 db=10 lidar=24 fused=25 filtered=25 tracks=25 dynamic=2 dyn_points=71 raw_dyn_points=2178 service=2/2 split=25->0 (25 outputs) fusion_components=25 visual_only=1 lidar_only=24 yolo_in=2 yolo_match3d=1 yolo_match_det=1 yolo_human=1 fixed_size=0 size_reject=0
[lvdot_detector_main-8] [INFO] [1776984579.705273822] [lvdot_detector_node]: get_dynamic_obstacles responded with 0 obstacles from 0 tracked dynamic boxes.
[lvdot_detector_main-8] [INFO] [1776984580.495726974] [lvdot_detector_node]: Input health: depth=771 color=1773 lidar=3 pose=6136 odom=6235 yolo=109 depth_pose_sync=0 lidar_pose_sync=0 depth_odom_sync=0 lidar_odom_sync=0
[lvdot_detector_main-8] [INFO] [1776984580.533690204] [lvdot_detector_node]: Stage timers: detection=169 lidar_detection=5150 tracking=5574 classification=5573 vis=4192
[lvdot_detector_main-8] [INFO] [1776984580.533706578] [lvdot_detector_node]: Processing phases: detection=run_core lidar_detection=run_lidar_detector/dbscan tracking=waiting_new_filtered_update classification=waiting_new_tracking_update
[lvdot_detector_main-8] [INFO] [1776984580.533718398] [lvdot_detector_node]: Pipeline stats: depth_samples=1385/71300 u_map=2 depth_boxes=0 u_map_merge=0 u_map_db=0 u_map_visual=0 u_map_fused=0 u_map_filtered=0 lidar_samples=3425/123196 uv=2 db=10 lidar=24 fused=26 filtered=27 tracks=27 dynamic=0 dyn_points=0 raw_dyn_points=0 service=3/0 split=26->1 (27 outputs) fusion_components=26 visual_only=2 lidar_only=24 yolo_in=2 yolo_match3d=1 yolo_match_det=2 yolo_human=2 fixed_size=0 size_reject=2
[lvdot_detector_main-8] [INFO] [1776984586.462178130] [lvdot_detector_node]: Input health: depth=788 color=1825 lidar=4 pose=6302 odom=6406 yolo=112 depth_pose_sync=0 lidar_pose_sync=0 depth_odom_sync=0 lidar_odom_sync=0
[lvdot_detector_main-8] [INFO] [1776984586.462252156] [lvdot_detector_node]: Stage timers: detection=171 lidar_detection=5151 tracking=5706 classification=5689 vis=4232
[lvdot_detector_main-8] [INFO] [1776984586.462267353] [lvdot_detector_node]: Processing phases: detection=run_core lidar_detection=run_lidar_detector/dbscan tracking=waiting_new_filtered_update classification=waiting_new_tracking_update
[lvdot_detector_main-8] [INFO] [1776984586.462279314] [lvdot_detector_node]: Pipeline stats: depth_samples=1400/71300 u_map=1 depth_boxes=0 u_map_merge=0 u_map_db=0 u_map_visual=0 u_map_fused=0 u_map_filtered=0 lidar_samples=3288/120470 uv=1 db=10 lidar=18 fused=19 filtered=19 tracks=19 dynamic=1 dyn_points=149 raw_dyn_points=0 service=3/0 split=19->0 (19 outputs) fusion_components=19 visual_only=1 lidar_only=18 yolo_in=2 yolo_match3d=1 yolo_match_det=1 yolo_human=1 fixed_size=0 size_reject=0
[lvdot_detector_main-8] [INFO] [1776984592.438657337] [lvdot_detector_node]: Input health: depth=824 color=1879 lidar=4 pose=6466 odom=6575 yolo=116 depth_pose_sync=0 lidar_pose_sync=0 depth_odom_sync=0 lidar_odom_sync=0
[lvdot_detector_main-8] [INFO] [1776984592.439816434] [lvdot_detector_node]: Stage timers: detection=173 lidar_detection=5198 tracking=5815 classification=5811 vis=4274
[lvdot_detector_main-8] [INFO] [1776984592.440470829] [lvdot_detector_node]: Processing phases: detection=run_core lidar_detection=snapshot tracking=waiting_new_filtered_update classification=waiting_new_tracking_update
[lvdot_detector_main-8] [INFO] [1776984592.440491825] [lvdot_detector_node]: Pipeline stats: depth_samples=1338/71300 u_map=1 depth_boxes=0 u_map_merge=0 u_map_db=0 u_map_visual=0 u_map_fused=0 u_map_filtered=0 lidar_samples=3234/120663 uv=0 db=11 lidar=16 fused=18 filtered=18 tracks=18 dynamic=0 dyn_points=0 raw_dyn_points=0 service=3/0 split=18->0 (18 outputs) fusion_components=18 visual_only=0 lidar_only=18 yolo_in=2 yolo_match3d=0 yolo_match_det=0 yolo_human=0 fixed_size=0 size_reject=0
[lvdot_detector_main-8] [INFO] [1776984595.611488142] [lvdot_detector_node]: get_dynamic_obstacles responded with 0 obstacles from 0 tracked dynamic boxes.
[lvdot_detector_main-8] [INFO] [1776984599.219756554] [lvdot_detector_node]: Input health: depth=843 color=1934 lidar=4 pose=6594 odom=6718 yolo=120 depth_pose_sync=0 lidar_pose_sync=0 depth_odom_sync=0 lidar_odom_sync=0
[lvdot_detector_main-8] [INFO] [1776984599.226562870] [lvdot_detector_node]: Stage timers: detection=176 lidar_detection=5298 tracking=5900 classification=5908 vis=4304
[lvdot_detector_main-8] [INFO] [1776984599.226585046] [lvdot_detector_node]: Processing phases: detection=run_core lidar_detection=waiting_new_lidar tracking=waiting_new_filtered_update classification=run_core
[lvdot_detector_main-8] [INFO] [1776984599.226660170] [lvdot_detector_node]: Pipeline stats: depth_samples=1335/71300 u_map=1 depth_boxes=0 u_map_merge=0 u_map_db=0 u_map_visual=0 u_map_fused=0 u_map_filtered=0 lidar_samples=3234/120663 uv=1 db=10 lidar=16 fused=17 filtered=17 tracks=17 dynamic=3 dyn_points=95 raw_dyn_points=1203 service=4/0 split=17->0 (17 outputs) fusion_components=17 visual_only=1 lidar_only=16 yolo_in=3 yolo_match3d=0 yolo_match_det=0 yolo_human=0 fixed_size=0 size_reject=0
[lvdot_detector_main-8] [INFO] [1776984605.220085602] [lvdot_detector_node]: Input health: depth=852 color=1988 lidar=5 pose=6764 odom=6893 yolo=121 depth_pose_sync=0 lidar_pose_sync=0 depth_odom_sync=0 lidar_odom_sync=0
[lvdot_detector_main-8] [INFO] [1776984605.220153792] [lvdot_detector_node]: Stage timers: detection=178 lidar_detection=5379 tracking=6000 classification=6011 vis=4344
[lvdot_detector_main-8] [INFO] [1776984605.220164549] [lvdot_detector_node]: Processing phases: detection=run_core lidar_detection=run_lidar_detector/project tracking=waiting_new_filtered_update classification=waiting_new_tracking_update
[lvdot_detector_main-8] [INFO] [1776984605.220174057] [lvdot_detector_node]: Pipeline stats: depth_samples=1441/71300 u_map=4 depth_boxes=0 u_map_merge=0 u_map_db=0 u_map_visual=0 u_map_fused=0 u_map_filtered=0 lidar_samples=3234/120663 uv=1 db=12 lidar=16 fused=17 filtered=17 tracks=17 dynamic=0 dyn_points=0 raw_dyn_points=0 service=4/0 split=17->0 (17 outputs) fusion_components=17 visual_only=1 lidar_only=16 yolo_in=4 yolo_match3d=0 yolo_match_det=0 yolo_human=0 fixed_size=0 size_reject=0
[lvdot_detector_main-8] [INFO] [1776984610.536940938] [lvdot_detector_node]: get_dynamic_obstacles responded with 0 obstacles from 0 tracked dynamic boxes.
[lvdot_detector_main-8] [INFO] [1776984611.215767627] [lvdot_detector_node]: Input health: depth=880 color=2029 lidar=5 pose=6889 odom=7020 yolo=124 depth_pose_sync=0 lidar_pose_sync=0 depth_odom_sync=0 lidar_odom_sync=0
[lvdot_detector_main-8] [INFO] [1776984611.215855163] [lvdot_detector_node]: Stage timers: detection=180 lidar_detection=5379 tracking=6106 classification=6101 vis=4374
[lvdot_detector_main-8] [INFO] [1776984611.215874800] [lvdot_detector_node]: Processing phases: detection=run_core lidar_detection=run_lidar_detector/dbscan tracking=waiting_new_filtered_update classification=waiting_new_tracking_update
[lvdot_detector_main-8] [INFO] [1776984611.215888477] [lvdot_detector_node]: Pipeline stats: depth_samples=1322/71300 u_map=0 depth_boxes=0 u_map_merge=0 u_map_db=0 u_map_visual=0 u_map_fused=0 u_map_filtered=0 lidar_samples=3234/120663 uv=0 db=14 lidar=16 fused=16 filtered=16 tracks=16 dynamic=0 dyn_points=0 raw_dyn_points=0 service=5/0 split=16->0 (16 outputs) fusion_components=16 visual_only=0 lidar_only=16 yolo_in=0 yolo_match3d=0 yolo_match_det=0 yolo_human=0 fixed_size=0 size_reject=0
[lvdot_detector_main-8] [INFO] [1776984617.215219512] [lvdot_detector_node]: Input health: depth=905 color=2086 lidar=5 pose=7042 odom=7189 yolo=128 depth_pose_sync=0 lidar_pose_sync=0 depth_odom_sync=0 lidar_odom_sync=0
[lvdot_detector_main-8] [INFO] [1776984617.216778185] [lvdot_detector_node]: Stage timers: detection=183 lidar_detection=5457 tracking=6214 classification=6211 vis=4417
[lvdot_detector_main-8] [INFO] [1776984617.217402552] [lvdot_detector_node]: Processing phases: detection=run_core lidar_detection=snapshot tracking=waiting_new_filtered_update classification=waiting_new_tracking_update
[lvdot_detector_main-8] [INFO] [1776984617.219248012] [lvdot_detector_node]: Pipeline stats: depth_samples=1486/71300 u_map=3 depth_boxes=0 u_map_merge=0 u_map_db=0 u_map_visual=0 u_map_fused=0 u_map_filtered=0 lidar_samples=3234/120357 uv=3 db=14 lidar=17 fused=20 filtered=20 tracks=20 dynamic=1 dyn_points=52 raw_dyn_points=0 service=5/0 split=20->0 (20 outputs) fusion_components=20 visual_only=3 lidar_only=17 yolo_in=2 yolo_match3d=1 yolo_match_det=1 yolo_human=1 fixed_size=0 size_reject=0
[lvdot_detector_main-8] [INFO] [1776984623.248002971] [lvdot_detector_node]: Input health: depth=934 color=2127 lidar=6 pose=7214 odom=7371 yolo=132 depth_pose_sync=0 lidar_pose_sync=0 depth_odom_sync=0 lidar_odom_sync=0
[lvdot_detector_main-8] [INFO] [1776984623.248071347] [lvdot_detector_node]: Stage timers: detection=185 lidar_detection=5558 tracking=6322 classification=6320 vis=4455
[lvdot_detector_main-8] [INFO] [1776984623.248086682] [lvdot_detector_node]: Processing phases: detection=run_core lidar_detection=run_lidar_detector/project tracking=waiting_new_filtered_update classification=snapshot
[lvdot_detector_main-8] [INFO] [1776984623.248099381] [lvdot_detector_node]: Pipeline stats: depth_samples=1500/71300 u_map=2 depth_boxes=0 u_map_merge=0 u_map_db=0 u_map_visual=0 u_map_fused=0 u_map_filtered=0 lidar_samples=3234/120357 uv=1 db=10 lidar=17 fused=18 filtered=18 tracks=18 dynamic=0 dyn_points=0 raw_dyn_points=0 service=5/0 split=18->0 (18 outputs) fusion_components=18 visual_only=1 lidar_only=17 yolo_in=3 yolo_match3d=0 yolo_match_det=0 yolo_human=0 fixed_size=0 size_reject=0
[lvdot_detector_main-8] [INFO] [1776984625.196529625] [lvdot_detector_node]: get_dynamic_obstacles responded with 0 obstacles from 0 tracked dynamic boxes.
[lvdot_detector_main-8] [INFO] [1776984630.103021315] [lvdot_detector_node]: Input health: depth=960 color=2190 lidar=6 pose=7377 odom=7538 yolo=134 depth_pose_sync=0 lidar_pose_sync=0 depth_odom_sync=0 lidar_odom_sync=0
[lvdot_detector_main-8] [INFO] [1776984630.103087338] [lvdot_detector_node]: Stage timers: detection=187 lidar_detection=5558 tracking=6447 classification=6434 vis=4497
[lvdot_detector_main-8] [INFO] [1776984630.103098961] [lvdot_detector_node]: Processing phases: detection=run_core lidar_detection=run_lidar_detector/dbscan tracking=snapshot classification=waiting_new_tracking_update
[lvdot_detector_main-8] [INFO] [1776984630.103108727] [lvdot_detector_node]: Pipeline stats: depth_samples=1413/71300 u_map=1 depth_boxes=0 u_map_merge=0 u_map_db=0 u_map_visual=0 u_map_fused=0 u_map_filtered=0 lidar_samples=3234/120357 uv=1 db=14 lidar=17 fused=18 filtered=18 tracks=18 dynamic=1 dyn_points=59 raw_dyn_points=706 service=6/0 split=18->0 (18 outputs) fusion_components=18 visual_only=1 lidar_only=17 yolo_in=2 yolo_match3d=1 yolo_match_det=1 yolo_human=1 fixed_size=0 size_reject=0
[lvdot_detector_main-8] [INFO] [1776984632.063307267] [lvdot_detector_node]: get_dynamic_obstacles responded with 1 obstacles from 1 tracked dynamic boxes.
[lvdot_detector_main-8] [INFO] [1776984636.131105443] [lvdot_detector_node]: Input health: depth=980 color=2224 lidar=6 pose=7547 odom=7712 yolo=136 depth_pose_sync=0 lidar_pose_sync=0 depth_odom_sync=0 lidar_odom_sync=0
[lvdot_detector_main-8] [INFO] [1776984636.131173315] [lvdot_detector_node]: Stage timers: detection=190 lidar_detection=5635 tracking=6556 classification=6551 vis=4536
[lvdot_detector_main-8] [INFO] [1776984636.131188842] [lvdot_detector_node]: Processing phases: detection=run_core lidar_detection=waiting_new_lidar tracking=snapshot classification=waiting_new_tracking_update
[lvdot_detector_main-8] [INFO] [1776984636.131201050] [lvdot_detector_node]: Pipeline stats: depth_samples=1383/71300 u_map=1 depth_boxes=0 u_map_merge=0 u_map_db=0 u_map_visual=0 u_map_fused=0 u_map_filtered=0 lidar_samples=3414/108041 uv=1 db=10 lidar=7 fused=8 filtered=8 tracks=8 dynamic=1 dyn_points=170 raw_dyn_points=0 service=7/1 split=8->0 (8 outputs) fusion_components=8 visual_only=1 lidar_only=7 yolo_in=2 yolo_match3d=1 yolo_match_det=1 yolo_human=1 fixed_size=0 size_reject=0
[lvdot_detector_main-8] [INFO] [1776984638.142738658] [lvdot_detector_node]: get_dynamic_obstacles responded with 1 obstacles from 1 tracked dynamic boxes.
[lvdot_detector_main-8] [INFO] [1776984642.106840203] [lvdot_detector_node]: Input health: depth=995 color=2293 lidar=6 pose=7698 odom=7873 yolo=140 depth_pose_sync=0 lidar_pose_sync=0 depth_odom_sync=0 lidar_odom_sync=0
[lvdot_detector_main-8] [INFO] [1776984642.106901522] [lvdot_detector_node]: Stage timers: detection=192 lidar_detection=5734 tracking=6664 classification=6665 vis=4580
[lvdot_detector_main-8] [INFO] [1776984642.106912653] [lvdot_detector_node]: Processing phases: detection=run_core lidar_detection=waiting_new_lidar tracking=waiting_new_filtered_update classification=snapshot
[lvdot_detector_main-8] [INFO] [1776984642.106921636] [lvdot_detector_node]: Pipeline stats: depth_samples=1531/71300 u_map=1 depth_boxes=0 u_map_merge=0 u_map_db=0 u_map_visual=0 u_map_fused=0 u_map_filtered=0 lidar_samples=3414/108041 uv=1 db=14 lidar=7 fused=8 filtered=8 tracks=8 dynamic=0 dyn_points=0 raw_dyn_points=0 service=8/1 split=8->0 (8 outputs) fusion_components=8 visual_only=1 lidar_only=7 yolo_in=1 yolo_match3d=0 yolo_match_det=0 yolo_human=0 fixed_size=0 size_reject=0
[lvdot_detector_main-8] [INFO] [1776984648.115900475] [lvdot_detector_node]: Input health: depth=1015 color=2341 lidar=6 pose=7843 odom=8030 yolo=143 depth_pose_sync=0 lidar_pose_sync=0 depth_odom_sync=0 lidar_odom_sync=0
[lvdot_detector_main-8] [INFO] [1776984648.115963747] [lvdot_detector_node]: Stage timers: detection=195 lidar_detection=5853 tracking=6778 classification=6778 vis=4626
[lvdot_detector_main-8] [INFO] [1776984648.115974878] [lvdot_detector_node]: Processing phases: detection=run_core lidar_detection=waiting_new_lidar tracking=snapshot classification=snapshot
[lvdot_detector_main-8] [INFO] [1776984648.115984252] [lvdot_detector_node]: Pipeline stats: depth_samples=1404/71300 u_map=2 depth_boxes=0 u_map_merge=0 u_map_db=0 u_map_visual=0 u_map_fused=0 u_map_filtered=0 lidar_samples=3414/108041 uv=2 db=10 lidar=7 fused=9 filtered=9 tracks=9 dynamic=0 dyn_points=0 raw_dyn_points=0 service=8/1 split=9->0 (9 outputs) fusion_components=9 visual_only=2 lidar_only=7 yolo_in=1 yolo_match3d=0 yolo_match_det=0 yolo_human=0 fixed_size=0 size_reject=0
[lvdot_detector_main-8] [INFO] [1776984653.046941272] [lvdot_detector_node]: get_dynamic_obstacles responded with 0 obstacles from 0 tracked dynamic boxes.
[lvdot_detector_main-8] [INFO] [1776984654.131727978] [lvdot_detector_node]: Input health: depth=1035 color=2383 lidar=6 pose=7994 odom=8201 yolo=146 depth_pose_sync=0 lidar_pose_sync=0 depth_odom_sync=0 lidar_odom_sync=0
[lvdot_detector_main-8] [INFO] [1776984654.131793980] [lvdot_detector_node]: Stage timers: detection=198 lidar_detection=5970 tracking=6882 classification=6883 vis=4671
[lvdot_detector_main-8] [INFO] [1776984654.131804720] [lvdot_detector_node]: Processing phases: detection=run_core lidar_detection=waiting_new_lidar tracking=waiting_new_filtered_update classification=waiting_new_tracking_update
[lvdot_detector_main-8] [INFO] [1776984654.131814093] [lvdot_detector_node]: Pipeline stats: depth_samples=1186/71300 u_map=2 depth_boxes=0 u_map_merge=0 u_map_db=0 u_map_visual=0 u_map_fused=0 u_map_filtered=0 lidar_samples=3414/108041 uv=1 db=10 lidar=7 fused=8 filtered=8 tracks=8 dynamic=0 dyn_points=0 raw_dyn_points=0 service=9/0 split=8->0 (8 outputs) fusion_components=8 visual_only=1 lidar_only=7 yolo_in=0 yolo_match3d=0 yolo_match_det=0 yolo_human=0 fixed_size=0 size_reject=0
[lvdot_detector_main-8] [INFO] [1776984659.154941147] [lvdot_detector_node]: get_dynamic_obstacles responded with 1 obstacles from 1 tracked dynamic boxes.
[lvdot_detector_main-8] [INFO] [1776984660.116968612] [lvdot_detector_node]: Input health: depth=1054 color=2435 lidar=6 pose=8152 odom=8371 yolo=148 depth_pose_sync=0 lidar_pose_sync=0 depth_odom_sync=0 lidar_odom_sync=0
[lvdot_detector_main-8] [INFO] [1776984660.117036076] [lvdot_detector_node]: Stage timers: detection=200 lidar_detection=6086 tracking=6994 classification=6998 vis=4712
[lvdot_detector_main-8] [INFO] [1776984660.117107055] [lvdot_detector_node]: Processing phases: detection=run_core lidar_detection=snapshot tracking=waiting_new_filtered_update classification=waiting_new_tracking_update
[lvdot_detector_main-8] [INFO] [1776984660.117117697] [lvdot_detector_node]: Pipeline stats: depth_samples=1370/71300 u_map=2 depth_boxes=0 u_map_merge=0 u_map_db=0 u_map_visual=0 u_map_fused=0 u_map_filtered=0 lidar_samples=3414/108041 uv=1 db=12 lidar=7 fused=8 filtered=8 tracks=8 dynamic=1 dyn_points=71 raw_dyn_points=0 service=10/1 split=8->0 (8 outputs) fusion_components=8 visual_only=1 lidar_only=7 yolo_in=1 yolo_match3d=1 yolo_match_det=1 yolo_human=1 fixed_size=0 size_reject=0
[uav_trajectory_controller-4] [WARN] [1776984661.972609961] [uav_trajectory_controller]: SetEntityPose request timed out after 0.80s on /world/pedestrian_prototype/set_pose; dropping the pending request and retrying.
[lvdot_detector_main-8] [INFO] [1776984666.880869984] [lvdot_detector_node]: Input health: depth=1067 color=2487 lidar=7 pose=8322 odom=8548 yolo=152 depth_pose_sync=0 lidar_pose_sync=0 depth_odom_sync=0 lidar_odom_sync=0
[lvdot_detector_main-8] [INFO] [1776984666.880988417] [lvdot_detector_node]: Stage timers: detection=202 lidar_detection=6140 tracking=7112 classification=7123 vis=4756
[lvdot_detector_main-8] [INFO] [1776984666.881005796] [lvdot_detector_node]: Processing phases: detection=run_core lidar_detection=run_lidar_detector/dbscan tracking=waiting_new_filtered_update classification=snapshot
[lvdot_detector_main-8] [INFO] [1776984666.881015169] [lvdot_detector_node]: Pipeline stats: depth_samples=1387/71300 u_map=2 depth_boxes=0 u_map_merge=0 u_map_db=0 u_map_visual=0 u_map_fused=0 u_map_filtered=0 lidar_samples=3414/108041 uv=2 db=15 lidar=7 fused=9 filtered=9 tracks=9 dynamic=0 dyn_points=0 raw_dyn_points=0 service=10/1 split=9->0 (9 outputs) fusion_components=9 visual_only=2 lidar_only=7 yolo_in=0 yolo_match3d=0 yolo_match_det=0 yolo_human=0 fixed_size=0 size_reject=0
[lvdot_detector_main-8] [INFO] [1776984672.949296216] [lvdot_detector_node]: Input health: depth=1083 color=2539 lidar=7 pose=8505 odom=8733 yolo=155 depth_pose_sync=0 lidar_pose_sync=0 depth_odom_sync=0 lidar_odom_sync=0
[lvdot_detector_main-8] [INFO] [1776984672.959412544] [lvdot_detector_node]: Stage timers: detection=205 lidar_detection=6172 tracking=7251 classification=7258 vis=4811
[lvdot_detector_main-8] [INFO] [1776984672.959428166] [lvdot_detector_node]: Processing phases: detection=run_core lidar_detection=waiting_new_lidar tracking=waiting_new_filtered_update classification=waiting_new_tracking_update
[lvdot_detector_main-8] [INFO] [1776984672.959492508] [lvdot_detector_node]: Pipeline stats: depth_samples=1415/71300 u_map=2 depth_boxes=0 u_map_merge=0 u_map_db=0 u_map_visual=0 u_map_fused=0 u_map_filtered=0 lidar_samples=3442/107832 uv=1 db=10 lidar=3 fused=8 filtered=8 tracks=8 dynamic=0 dyn_points=0 raw_dyn_points=0 service=10/1 split=8->0 (8 outputs) fusion_components=8 visual_only=1 lidar_only=7 yolo_in=0 yolo_match3d=0 yolo_match_det=0 yolo_human=0 fixed_size=0 size_reject=0
[lvdot_detector_main-8] [INFO] [1776984674.851605460] [lvdot_detector_node]: get_dynamic_obstacles responded with 0 obstacles from 0 tracked dynamic boxes.
[lvdot_detector_main-8] [INFO] [1776984678.891132475] [lvdot_detector_node]: Input health: depth=1117 color=2577 lidar=7 pose=8642 odom=8895 yolo=157 depth_pose_sync=0 lidar_pose_sync=0 depth_odom_sync=0 lidar_odom_sync=0
[lvdot_detector_main-8] [INFO] [1776984678.891321773] [lvdot_detector_node]: Stage timers: detection=207 lidar_detection=6285 tracking=7360 classification=7377 vis=4858
[lvdot_detector_main-8] [INFO] [1776984678.891342080] [lvdot_detector_node]: Processing phases: detection=run_core lidar_detection=waiting_new_lidar tracking=waiting_new_filtered_update classification=snapshot
[lvdot_detector_main-8] [INFO] [1776984678.891354967] [lvdot_detector_node]: Pipeline stats: depth_samples=1507/71300 u_map=2 depth_boxes=0 u_map_merge=0 u_map_db=0 u_map_visual=0 u_map_fused=0 u_map_filtered=0 lidar_samples=3442/107832 uv=2 db=12 lidar=3 fused=5 filtered=5 tracks=5 dynamic=0 dyn_points=0 raw_dyn_points=0 service=11/0 split=5->0 (5 outputs) fusion_components=5 visual_only=2 lidar_only=3 yolo_in=5 yolo_match3d=0 yolo_match_det=0 yolo_human=0 fixed_size=0 size_reject=0
[lvdot_detector_main-8] [INFO] [1776984684.892084284] [lvdot_detector_node]: Input health: depth=1140 color=2621 lidar=7 pose=8792 odom=9052 yolo=161 depth_pose_sync=0 lidar_pose_sync=0 depth_odom_sync=0 lidar_odom_sync=0
[lvdot_detector_main-8] [INFO] [1776984684.892175175] [lvdot_detector_node]: Stage timers: detection=210 lidar_detection=6387 tracking=7465 classification=7485 vis=4902
[lvdot_detector_main-8] [INFO] [1776984684.892187573] [lvdot_detector_node]: Processing phases: detection=run_core lidar_detection=waiting_new_lidar tracking=waiting_new_filtered_update classification=waiting_new_tracking_update
[lvdot_detector_main-8] [INFO] [1776984684.892196945] [lvdot_detector_node]: Pipeline stats: depth_samples=1322/71300 u_map=0 depth_boxes=0 u_map_merge=0 u_map_db=0 u_map_visual=0 u_map_fused=0 u_map_filtered=0 lidar_samples=3442/107832 uv=0 db=14 lidar=3 fused=3 filtered=3 tracks=3 dynamic=0 dyn_points=0 raw_dyn_points=0 service=11/0 split=3->0 (3 outputs) fusion_components=3 visual_only=0 lidar_only=3 yolo_in=2 yolo_match3d=0 yolo_match_det=0 yolo_human=0 fixed_size=0 size_reject=0
[lvdot_detector_main-8] [INFO] [1776984689.638214149] [lvdot_detector_node]: get_dynamic_obstacles responded with 0 obstacles from 0 tracked dynamic boxes.
[lvdot_detector_main-8] [INFO] [1776984690.890218353] [lvdot_detector_node]: Input health: depth=1151 color=2671 lidar=7 pose=8967 odom=9236 yolo=164 depth_pose_sync=0 lidar_pose_sync=0 depth_odom_sync=0 lidar_odom_sync=0
[lvdot_detector_main-8] [INFO] [1776984690.890300261] [lvdot_detector_node]: Stage timers: detection=212 lidar_detection=6510 tracking=7579 classification=7592 vis=4950
[lvdot_detector_main-8] [INFO] [1776984690.890320567] [lvdot_detector_node]: Processing phases: detection=run_core lidar_detection=waiting_new_lidar tracking=snapshot classification=waiting_new_tracking_update
[lvdot_detector_main-8] [INFO] [1776984690.890332185] [lvdot_detector_node]: Pipeline stats: depth_samples=1404/71300 u_map=2 depth_boxes=0 u_map_merge=0 u_map_db=0 u_map_visual=0 u_map_fused=0 u_map_filtered=0 lidar_samples=3442/107832 uv=2 db=8 lidar=3 fused=5 filtered=5 tracks=5 dynamic=0 dyn_points=0 raw_dyn_points=0 service=12/0 split=5->0 (5 outputs) fusion_components=5 visual_only=2 lidar_only=3 yolo_in=0 yolo_match3d=0 yolo_match_det=0 yolo_human=0 fixed_size=0 size_reject=0
[lvdot_detector_main-8] [INFO] [1776984697.032662135] [lvdot_detector_node]: get_dynamic_obstacles responded with 0 obstacles from 0 tracked dynamic boxes.
[lvdot_detector_main-8] [INFO] [1776984697.691668118] [lvdot_detector_node]: Input health: depth=1172 color=2711 lidar=7 pose=9149 odom=9421 yolo=168 depth_pose_sync=0 lidar_pose_sync=0 depth_odom_sync=0 lidar_odom_sync=0
[lvdot_detector_main-8] [INFO] [1776984697.691750808] [lvdot_detector_node]: Stage timers: detection=214 lidar_detection=6626 tracking=7693 classification=7719 vis=5003
[lvdot_detector_main-8] [INFO] [1776984697.691767014] [lvdot_detector_node]: Processing phases: detection=run_core lidar_detection=waiting_new_lidar tracking=waiting_new_filtered_update classification=snapshot
[lvdot_detector_main-8] [INFO] [1776984697.691778143] [lvdot_detector_node]: Pipeline stats: depth_samples=1465/71300 u_map=1 depth_boxes=0 u_map_merge=0 u_map_db=0 u_map_visual=0 u_map_fused=0 u_map_filtered=0 lidar_samples=3442/107832 uv=1 db=10 lidar=3 fused=4 filtered=4 tracks=4 dynamic=0 dyn_points=0 raw_dyn_points=0 service=13/0 split=4->0 (4 outputs) fusion_components=4 visual_only=1 lidar_only=3 yolo_in=5 yolo_match3d=0 yolo_match_det=0 yolo_human=0 fixed_size=0 size_reject=0
[lvdot_detector_main-8] [INFO] [1776984703.686189191] [lvdot_detector_node]: Input health: depth=1206 color=2756 lidar=7 pose=9309 odom=9590 yolo=170 depth_pose_sync=0 lidar_pose_sync=0 depth_odom_sync=0 lidar_odom_sync=0
[lvdot_detector_main-8] [INFO] [1776984703.686282039] [lvdot_detector_node]: Stage timers: detection=217 lidar_detection=6742 tracking=7806 classification=7838 vis=5049
[lvdot_detector_main-8] [INFO] [1776984703.686303030] [lvdot_detector_node]: Processing phases: detection=run_core lidar_detection=waiting_new_lidar tracking=waiting_new_filtered_update classification=waiting_new_tracking_update
[lvdot_detector_main-8] [INFO] [1776984703.686316894] [lvdot_detector_node]: Pipeline stats: depth_samples=1385/71300 u_map=1 depth_boxes=0 u_map_merge=0 u_map_db=0 u_map_visual=0 u_map_fused=0 u_map_filtered=0 lidar_samples=3442/107832 uv=0 db=11 lidar=3 fused=3 filtered=3 tracks=3 dynamic=0 dyn_points=0 raw_dyn_points=0 service=13/0 split=3->0 (3 outputs) fusion_components=3 visual_only=0 lidar_only=3 yolo_in=3 yolo_match3d=0 yolo_match_det=0 yolo_human=0 fixed_size=0 size_reject=0
[lvdot_detector_main-8] [INFO] [1776984709.681844992] [lvdot_detector_node]: Input health: depth=1235 color=2799 lidar=7 pose=9466 odom=9755 yolo=174 depth_pose_sync=0 lidar_pose_sync=0 depth_odom_sync=0 lidar_odom_sync=0
[lvdot_detector_main-8] [INFO] [1776984709.686868299] [lvdot_detector_node]: Stage timers: detection=219 lidar_detection=6853 tracking=7909 classification=7943 vis=5093
[lvdot_detector_main-8] [INFO] [1776984709.688613706] [lvdot_detector_node]: Processing phases: detection=run_core lidar_detection=waiting_new_lidar tracking=snapshot classification=waiting_new_tracking_update
[lvdot_detector_main-8] [INFO] [1776984709.688670035] [lvdot_detector_node]: Pipeline stats: depth_samples=1332/71300 u_map=1 depth_boxes=0 u_map_merge=0 u_map_db=0 u_map_visual=0 u_map_fused=0 u_map_filtered=0 lidar_samples=3442/107832 uv=0 db=11 lidar=3 fused=3 filtered=3 tracks=3 dynamic=0 dyn_points=0 raw_dyn_points=0 service=13/0 split=3->0 (3 outputs) fusion_components=3 visual_only=0 lidar_only=3 yolo_in=2 yolo_match3d=0 yolo_match_det=0 yolo_human=0 fixed_size=0 size_reject=0
[lvdot_detector_main-8] [INFO] [1776984711.534479535] [lvdot_detector_node]: get_dynamic_obstacles responded with 0 obstacles from 0 tracked dynamic boxes.
[lvdot_detector_main-8] [INFO] [1776984715.700664464] [lvdot_detector_node]: Input health: depth=1255 color=2847 lidar=7 pose=9635 odom=9936 yolo=177 depth_pose_sync=0 lidar_pose_sync=0 depth_odom_sync=0 lidar_odom_sync=0
[lvdot_detector_main-8] [INFO] [1776984715.700733679] [lvdot_detector_node]: Stage timers: detection=221 lidar_detection=6971 tracking=8026 classification=8064 vis=5140
[lvdot_detector_main-8] [INFO] [1776984715.700748713] [lvdot_detector_node]: Processing phases: detection=run_core lidar_detection=snapshot tracking=snapshot classification=waiting_new_tracking_update
[lvdot_detector_main-8] [INFO] [1776984715.700760038] [lvdot_detector_node]: Pipeline stats: depth_samples=1377/71300 u_map=1 depth_boxes=0 u_map_merge=0 u_map_db=0 u_map_visual=0 u_map_fused=0 u_map_filtered=0 lidar_samples=3442/107832 uv=1 db=10 lidar=3 fused=4 filtered=4 tracks=4 dynamic=0 dyn_points=0 raw_dyn_points=0 service=14/0 split=4->0 (4 outputs) fusion_components=4 visual_only=1 lidar_only=3 yolo_in=4 yolo_match3d=0 yolo_match_det=0 yolo_human=0 fixed_size=0 size_reject=0
[lvdot_detector_main-8] [INFO] [1776984721.685607081] [lvdot_detector_node]: Input health: depth=1278 color=2917 lidar=8 pose=9800 odom=10104 yolo=180 depth_pose_sync=0 lidar_pose_sync=0 depth_odom_sync=0 lidar_odom_sync=0
[lvdot_detector_main-8] [INFO] [1776984721.685674051] [lvdot_detector_node]: Stage timers: detection=224 lidar_detection=7088 tracking=8150 classification=8186 vis=5190
[lvdot_detector_main-8] [INFO] [1776984721.685688499] [lvdot_detector_node]: Processing phases: detection=run_core lidar_detection=snapshot tracking=waiting_new_filtered_update classification=waiting_new_tracking_update
[lvdot_detector_main-8] [INFO] [1776984721.685699726] [lvdot_detector_node]: Pipeline stats: depth_samples=1410/71300 u_map=1 depth_boxes=0 u_map_merge=0 u_map_db=0 u_map_visual=0 u_map_fused=0 u_map_filtered=0 lidar_samples=3442/107832 uv=1 db=10 lidar=3 fused=4 filtered=4 tracks=4 dynamic=0 dyn_points=0 raw_dyn_points=0 service=14/0 split=4->0 (4 outputs) fusion_components=4 visual_only=1 lidar_only=3 yolo_in=3 yolo_match3d=0 yolo_match_det=0 yolo_human=0 fixed_size=0 size_reject=0
[lvdot_detector_main-8] [INFO] [1776984727.686957144] [lvdot_detector_node]: Input health: depth=1298 color=2950 lidar=8 pose=9979 odom=10284 yolo=183 depth_pose_sync=0 lidar_pose_sync=0 depth_odom_sync=0 lidar_odom_sync=0
[lvdot_detector_main-8] [INFO] [1776984727.687031534] [lvdot_detector_node]: Stage timers: detection=226 lidar_detection=7088 tracking=8292 classification=8316 vis=5236
[lvdot_detector_main-8] [INFO] [1776984727.687047544] [lvdot_detector_node]: Processing phases: detection=run_core lidar_detection=run_lidar_detector/dbscan tracking=waiting_new_filtered_update classification=snapshot
[lvdot_detector_main-8] [INFO] [1776984727.687059747] [lvdot_detector_node]: Pipeline stats: depth_samples=1452/71300 u_map=1 depth_boxes=0 u_map_merge=0 u_map_db=0 u_map_visual=0 u_map_fused=0 u_map_filtered=0 lidar_samples=3442/107832 uv=1 db=11 lidar=3 fused=4 filtered=4 tracks=4 dynamic=0 dyn_points=0 raw_dyn_points=0 service=14/0 split=4->0 (4 outputs) fusion_components=4 visual_only=1 lidar_only=3 yolo_in=2 yolo_match3d=0 yolo_match_det=0 yolo_human=0 fixed_size=0 size_reject=0
[lvdot_detector_main-8] [INFO] [1776984734.480365922] [lvdot_detector_node]: Input health: depth=1311 color=3004 lidar=8 pose=10140 odom=10451 yolo=187 depth_pose_sync=0 lidar_pose_sync=0 depth_odom_sync=0 lidar_odom_sync=0
[lvdot_detector_main-8] [INFO] [1776984734.480899082] [lvdot_detector_node]: Stage timers: detection=228 lidar_detection=7155 tracking=8417 classification=8440 vis=5283
[lvdot_detector_main-8] [INFO] [1776984734.480912945] [lvdot_detector_node]: Processing phases: detection=run_core lidar_detection=waiting_new_lidar tracking=snapshot classification=waiting_new_tracking_update
[lvdot_detector_main-8] [INFO] [1776984734.480923490] [lvdot_detector_node]: Pipeline stats: depth_samples=1438/71300 u_map=2 depth_boxes=0 u_map_merge=0 u_map_db=0 u_map_visual=0 u_map_fused=0 u_map_filtered=0 lidar_samples=3314/120945 uv=1 db=12 lidar=23 fused=4 filtered=4 tracks=4 dynamic=0 dyn_points=0 raw_dyn_points=0 service=14/0 split=4->0 (4 outputs) fusion_components=4 visual_only=1 lidar_only=3 yolo_in=4 yolo_match3d=0 yolo_match_det=0 yolo_human=0 fixed_size=0 size_reject=0
[lvdot_detector_main-8] [INFO] [1776984740.542083567] [lvdot_detector_node]: Input health: depth=1335 color=3042 lidar=8 pose=10293 odom=10615 yolo=190 depth_pose_sync=0 lidar_pose_sync=0 depth_odom_sync=0 lidar_odom_sync=0
[lvdot_detector_main-8] [INFO] [1776984740.548178675] [lvdot_detector_node]: Stage timers: detection=231 lidar_detection=7255 tracking=8520 classification=8545 vis=5320
[lvdot_detector_main-8] [INFO] [1776984740.548200542] [lvdot_detector_node]: Processing phases: detection=run_core lidar_detection=snapshot tracking=waiting_new_filtered_update classification=waiting_new_tracking_update
[lvdot_detector_main-8] [INFO] [1776984740.548210694] [lvdot_detector_node]: Pipeline stats: depth_samples=1389/71300 u_map=0 depth_boxes=0 u_map_merge=0 u_map_db=0 u_map_visual=0 u_map_fused=0 u_map_filtered=0 lidar_samples=3314/120945 uv=0 db=10 lidar=23 fused=23 filtered=23 tracks=23 dynamic=1 dyn_points=23 raw_dyn_points=444 service=14/0 split=23->0 (23 outputs) fusion_components=23 visual_only=0 lidar_only=23 yolo_in=2 yolo_match3d=1 yolo_match_det=1 yolo_human=1 fixed_size=0 size_reject=0
[lvdot_detector_main-8] [INFO] [1776984742.641634088] [lvdot_detector_node]: get_dynamic_obstacles responded with 1 obstacles from 1 tracked dynamic boxes.
[lvdot_detector_main-8] [INFO] [1776984746.480187796] [lvdot_detector_node]: Input health: depth=1346 color=3088 lidar=8 pose=10423 odom=10758 yolo=194 depth_pose_sync=0 lidar_pose_sync=0 depth_odom_sync=0 lidar_odom_sync=0
[lvdot_detector_main-8] [INFO] [1776984746.480279365] [lvdot_detector_node]: Stage timers: detection=233 lidar_detection=7357 tracking=8609 classification=8637 vis=5352
[lvdot_detector_main-8] [INFO] [1776984746.480300451] [lvdot_detector_node]: Processing phases: detection=run_core lidar_detection=waiting_new_lidar tracking=waiting_new_filtered_update classification=waiting_new_tracking_update
[lvdot_detector_main-8] [INFO] [1776984746.480319585] [lvdot_detector_node]: Pipeline stats: depth_samples=1442/71300 u_map=2 depth_boxes=0 u_map_merge=0 u_map_db=0 u_map_visual=0 u_map_fused=0 u_map_filtered=0 lidar_samples=3314/120945 uv=1 db=12 lidar=23 fused=24 filtered=24 tracks=24 dynamic=0 dyn_points=0 raw_dyn_points=0 service=15/1 split=24->0 (24 outputs) fusion_components=24 visual_only=1 lidar_only=23 yolo_in=3 yolo_match3d=0 yolo_match_det=0 yolo_human=0 fixed_size=0 size_reject=0
[lvdot_detector_main-8] [INFO] [1776984748.672503351] [lvdot_detector_node]: get_dynamic_obstacles responded with 0 obstacles from 0 tracked dynamic boxes.
[lvdot_detector_main-8] [INFO] [1776984752.475673889] [lvdot_detector_node]: Input health: depth=1359 color=3123 lidar=9 pose=10588 odom=10929 yolo=196 depth_pose_sync=0 lidar_pose_sync=0 depth_odom_sync=0 lidar_odom_sync=0
[lvdot_detector_main-8] [INFO] [1776984752.475763116] [lvdot_detector_node]: Stage timers: detection=235 lidar_detection=7419 tracking=8720 classification=8742 vis=5391
[lvdot_detector_main-8] [INFO] [1776984752.475782249] [lvdot_detector_node]: Processing phases: detection=run_core lidar_detection=run_lidar_detector/project tracking=waiting_new_filtered_update classification=waiting_new_tracking_update
[lvdot_detector_main-8] [INFO] [1776984752.475793574] [lvdot_detector_node]: Pipeline stats: depth_samples=1558/71300 u_map=2 depth_boxes=0 u_map_merge=0 u_map_db=0 u_map_visual=0 u_map_fused=0 u_map_filtered=0 lidar_samples=3314/120945 uv=1 db=11 lidar=23 fused=24 filtered=24 tracks=24 dynamic=1 dyn_points=176 raw_dyn_points=0 service=16/0 split=24->0 (24 outputs) fusion_components=24 visual_only=1 lidar_only=23 yolo_in=2 yolo_match3d=1 yolo_match_det=1 yolo_human=1 fixed_size=0 size_reject=0
[lvdot_detector_main-8] [INFO] [1776984755.269905889] [lvdot_detector_node]: get_dynamic_obstacles responded with 1 obstacles from 1 tracked dynamic boxes.
[lvdot_detector_main-8] [INFO] [1776984758.477278319] [lvdot_detector_node]: Input health: depth=1377 color=3183 lidar=10 pose=10736 odom=11079 yolo=199 depth_pose_sync=0 lidar_pose_sync=0 depth_odom_sync=0 lidar_odom_sync=0
[lvdot_detector_main-8] [INFO] [1776984758.477839647] [lvdot_detector_node]: Stage timers: detection=237 lidar_detection=7419 tracking=8826 classification=8853 vis=5427
[lvdot_detector_main-8] [INFO] [1776984758.477855950] [lvdot_detector_node]: Processing phases: detection=run_core lidar_detection=run_lidar_detector/dbscan tracking=waiting_new_filtered_update classification=waiting_new_tracking_update
[lvdot_detector_main-8] [INFO] [1776984758.477866981] [lvdot_detector_node]: Pipeline stats: depth_samples=1375/71300 u_map=3 depth_boxes=0 u_map_merge=0 u_map_db=0 u_map_visual=0 u_map_fused=0 u_map_filtered=0 lidar_samples=3314/120945 uv=1 db=13 lidar=23 fused=24 filtered=24 tracks=24 dynamic=1 dyn_points=137 raw_dyn_points=0 service=17/1 split=24->0 (24 outputs) fusion_components=24 visual_only=1 lidar_only=23 yolo_in=2 yolo_match3d=1 yolo_match_det=1 yolo_human=1 fixed_size=0 size_reject=0
[lvdot_detector_main-8] [INFO] [1776984765.264812932] [lvdot_detector_node]: Input health: depth=1398 color=3244 lidar=10 pose=10877 odom=11224 yolo=203 depth_pose_sync=0 lidar_pose_sync=0 depth_odom_sync=0 lidar_odom_sync=0
[lvdot_detector_main-8] [INFO] [1776984765.264882346] [lvdot_detector_node]: Stage timers: detection=239 lidar_detection=7420 tracking=8933 classification=8963 vis=5466
[lvdot_detector_main-8] [INFO] [1776984765.264894257] [lvdot_detector_node]: Processing phases: detection=run_core lidar_detection=run_lidar_detector/dbscan tracking=waiting_new_filtered_update classification=waiting_new_tracking_update
[lvdot_detector_main-8] [INFO] [1776984765.264903922] [lvdot_detector_node]: Pipeline stats: depth_samples=1304/71300 u_map=4 depth_boxes=0 u_map_merge=0 u_map_db=0 u_map_visual=0 u_map_fused=0 u_map_filtered=0 lidar_samples=3371/123472 uv=3 db=9 lidar=18 fused=21 filtered=22 tracks=22 dynamic=0 dyn_points=0 raw_dyn_points=0 service=17/1 split=21->1 (22 outputs) fusion_components=21 visual_only=3 lidar_only=18 yolo_in=2 yolo_match3d=1 yolo_match_det=2 yolo_human=2 fixed_size=0 size_reject=2
[lvdot_detector_main-8] [INFO] [1776984770.613729644] [lvdot_detector_node]: get_dynamic_obstacles responded with 0 obstacles from 0 tracked dynamic boxes.
[lvdot_detector_main-8] [INFO] [1776984771.290574686] [lvdot_detector_node]: Input health: depth=1421 color=3291 lidar=10 pose=11054 odom=11409 yolo=205 depth_pose_sync=0 lidar_pose_sync=0 depth_odom_sync=0 lidar_odom_sync=0
[lvdot_detector_main-8] [INFO] [1776984771.290648201] [lvdot_detector_node]: Stage timers: detection=241 lidar_detection=7475 tracking=9052 classification=9075 vis=5508
[lvdot_detector_main-8] [INFO] [1776984771.290662357] [lvdot_detector_node]: Processing phases: detection=idle lidar_detection=waiting_new_lidar tracking=idle classification=waiting_new_tracking_update
[lvdot_detector_main-8] [INFO] [1776984771.290673096] [lvdot_detector_node]: Pipeline stats: depth_samples=1486/71300 u_map=2 depth_boxes=0 u_map_merge=0 u_map_db=0 u_map_visual=0 u_map_fused=0 u_map_filtered=0 lidar_samples=3465/108073 uv=1 db=12 lidar=4 fused=5 filtered=5 tracks=5 dynamic=0 dyn_points=0 raw_dyn_points=0 service=18/0 split=5->0 (5 outputs) fusion_components=5 visual_only=1 lidar_only=4 yolo_in=2 yolo_match3d=0 yolo_match_det=0 yolo_human=0 fixed_size=0 size_reject=0
[lvdot_detector_main-8] [INFO] [1776984777.331081643] [lvdot_detector_node]: Input health: depth=1453 color=3354 lidar=10 pose=11221 odom=11586 yolo=208 depth_pose_sync=0 lidar_pose_sync=0 depth_odom_sync=0 lidar_odom_sync=0
[lvdot_detector_main-8] [INFO] [1776984777.331156713] [lvdot_detector_node]: Stage timers: detection=244 lidar_detection=7589 tracking=9160 classification=9185 vis=5547
[lvdot_detector_main-8] [INFO] [1776984777.331174090] [lvdot_detector_node]: Processing phases: detection=run_core lidar_detection=waiting_new_lidar tracking=waiting_new_filtered_update classification=waiting_new_tracking_update
[lvdot_detector_main-8] [INFO] [1776984777.331188635] [lvdot_detector_node]: Pipeline stats: depth_samples=1528/71300 u_map=3 depth_boxes=0 u_map_merge=0 u_map_db=0 u_map_visual=0 u_map_fused=0 u_map_filtered=0 lidar_samples=3465/108073 uv=0 db=13 lidar=4 fused=4 filtered=4 tracks=4 dynamic=0 dyn_points=0 raw_dyn_points=2009 service=18/0 split=4->0 (4 outputs) fusion_components=4 visual_only=0 lidar_only=4 yolo_in=5 yolo_match3d=0 yolo_match_det=0 yolo_human=0 fixed_size=0 size_reject=0
[lvdot_detector_main-8] [INFO] [1776984783.296711976] [lvdot_detector_node]: Input health: depth=1463 color=3413 lidar=11 pose=11406 odom=11773 yolo=211 depth_pose_sync=0 lidar_pose_sync=0 depth_odom_sync=0 lidar_odom_sync=0
[lvdot_detector_main-8] [INFO] [1776984783.296780799] [lvdot_detector_node]: Stage timers: detection=246 lidar_detection=7663 tracking=9288 classification=9312 vis=5597
[lvdot_detector_main-8] [INFO] [1776984783.296792220] [lvdot_detector_node]: Processing phases: detection=run_core lidar_detection=run_lidar_detector/dbscan tracking=snapshot classification=waiting_new_tracking_update
[lvdot_detector_main-8] [INFO] [1776984783.296801592] [lvdot_detector_node]: Pipeline stats: depth_samples=1418/71300 u_map=3 depth_boxes=0 u_map_merge=0 u_map_db=0 u_map_visual=0 u_map_fused=0 u_map_filtered=0 lidar_samples=3465/108073 uv=1 db=12 lidar=4 fused=5 filtered=5 tracks=5 dynamic=0 dyn_points=0 raw_dyn_points=0 service=18/0 split=5->0 (5 outputs) fusion_components=5 visual_only=1 lidar_only=4 yolo_in=1 yolo_match3d=0 yolo_match_det=0 yolo_human=0 fixed_size=0 size_reject=0
[lvdot_detector_main-8] [INFO] [1776984789.298191366] [lvdot_detector_node]: Input health: depth=1492 color=3462 lidar=12 pose=11574 odom=11943 yolo=215 depth_pose_sync=0 lidar_pose_sync=0 depth_odom_sync=0 lidar_odom_sync=0
[lvdot_detector_main-8] [INFO] [1776984789.298265656] [lvdot_detector_node]: Stage timers: detection=248 lidar_detection=7664 tracking=9420 classification=9446 vis=5641
[lvdot_detector_main-8] [INFO] [1776984789.298284595] [lvdot_detector_node]: Processing phases: detection=run_core lidar_detection=run_lidar_detector/project tracking=waiting_new_filtered_update classification=waiting_new_tracking_update
[lvdot_detector_main-8] [INFO] [1776984789.298295626] [lvdot_detector_node]: Pipeline stats: depth_samples=1443/71300 u_map=2 depth_boxes=0 u_map_merge=0 u_map_db=0 u_map_visual=0 u_map_fused=0 u_map_filtered=0 lidar_samples=3089/131991 uv=1 db=13 lidar=24 fused=25 filtered=27 tracks=27 dynamic=3 dyn_points=60 raw_dyn_points=2397 service=18/0 split=25->2 (27 outputs) fusion_components=25 visual_only=1 lidar_only=24 yolo_in=4 yolo_match3d=2 yolo_match_det=4 yolo_human=4 fixed_size=0 size_reject=1
[uav_trajectory_controller-4] [WARN] [1776984795.107194927] [uav_trajectory_controller]: SetEntityPose request timed out after 0.81s on /world/pedestrian_prototype/set_pose; dropping the pending request and retrying.
[lvdot_detector_main-8] [INFO] [1776984796.072625805] [lvdot_detector_node]: Input health: depth=1514 color=3512 lidar=12 pose=11718 odom=12087 yolo=219 depth_pose_sync=0 lidar_pose_sync=0 depth_odom_sync=0 lidar_odom_sync=0
[lvdot_detector_main-8] [INFO] [1776984796.072706343] [lvdot_detector_node]: Stage timers: detection=250 lidar_detection=7664 tracking=9527 classification=9560 vis=5674
[lvdot_detector_main-8] [INFO] [1776984796.072723329] [lvdot_detector_node]: Processing phases: detection=build_filter_input lidar_detection=run_lidar_detector/dbscan tracking=waiting_new_filtered_update classification=waiting_new_tracking_update
[lvdot_detector_main-8] [INFO] [1776984796.072735727] [lvdot_detector_node]: Pipeline stats: depth_samples=1662/71300 u_map=3 depth_boxes=0 u_map_merge=0 u_map_db=0 u_map_visual=0 u_map_fused=0 u_map_filtered=0 lidar_samples=3089/131991 uv=1 db=14 lidar=24 fused=25 filtered=25 tracks=25 dynamic=2 dyn_points=163 raw_dyn_points=959 service=18/0 split=25->0 (25 outputs) fusion_components=25 visual_only=1 lidar_only=24 yolo_in=2 yolo_match3d=2 yolo_match_det=2 yolo_human=2 fixed_size=0 size_reject=0
[lvdot_detector_main-8] [INFO] [1776984802.050920559] [lvdot_detector_node]: Input health: depth=1537 color=3550 lidar=12 pose=11898 odom=12269 yolo=220 depth_pose_sync=0 lidar_pose_sync=0 depth_odom_sync=0 lidar_odom_sync=0
[lvdot_detector_main-8] [INFO] [1776984802.052145109] [lvdot_detector_node]: Stage timers: detection=253 lidar_detection=7760 tracking=9638 classification=9679 vis=5714
[lvdot_detector_main-8] [INFO] [1776984802.052182696] [lvdot_detector_node]: Processing phases: detection=run_core lidar_detection=waiting_new_lidar tracking=waiting_new_filtered_update classification=snapshot
[lvdot_detector_main-8] [INFO] [1776984802.052195973] [lvdot_detector_node]: Pipeline stats: depth_samples=1400/71300 u_map=1 depth_boxes=0 u_map_merge=0 u_map_db=0 u_map_visual=0 u_map_fused=0 u_map_filtered=0 lidar_samples=3297/124323 uv=1 db=10 lidar=23 fused=24 filtered=24 tracks=24 dynamic=1 dyn_points=149 raw_dyn_points=0 service=18/0 split=24->0 (24 outputs) fusion_components=24 visual_only=1 lidar_only=23 yolo_in=6 yolo_match3d=1 yolo_match_det=1 yolo_human=1 fixed_size=0 size_reject=0
[lvdot_detector_main-8] [INFO] [1776984808.056420758] [lvdot_detector_node]: Input health: depth=1565 color=3612 lidar=12 pose=12066 odom=12444 yolo=224 depth_pose_sync=0 lidar_pose_sync=0 depth_odom_sync=0 lidar_odom_sync=0
[lvdot_detector_main-8] [INFO] [1776984808.056505199] [lvdot_detector_node]: Stage timers: detection=255 lidar_detection=7859 tracking=9743 classification=9782 vis=5756
[lvdot_detector_main-8] [INFO] [1776984808.056590128] [lvdot_detector_node]: Processing phases: detection=run_core lidar_detection=waiting_new_lidar tracking=waiting_new_filtered_update classification=waiting_new_tracking_update
[lvdot_detector_main-8] [INFO] [1776984808.056603892] [lvdot_detector_node]: Pipeline stats: depth_samples=1476/71300 u_map=1 depth_boxes=0 u_map_merge=0 u_map_db=0 u_map_visual=0 u_map_fused=0 u_map_filtered=0 lidar_samples=3297/124323 uv=1 db=11 lidar=23 fused=24 filtered=24 tracks=24 dynamic=1 dyn_points=53 raw_dyn_points=897 service=18/0 split=24->0 (24 outputs) fusion_components=24 visual_only=1 lidar_only=23 yolo_in=1 yolo_match3d=1 yolo_match_det=1 yolo_human=1 fixed_size=0 size_reject=0
[lvdot_detector_main-8] [INFO] [1776984814.061846606] [lvdot_detector_node]: Input health: depth=1588 color=3664 lidar=13 pose=12232 odom=12611 yolo=227 depth_pose_sync=0 lidar_pose_sync=0 depth_odom_sync=0 lidar_odom_sync=0
[lvdot_detector_main-8] [INFO] [1776984814.061920113] [lvdot_detector_node]: Stage timers: detection=258 lidar_detection=7901 tracking=9865 classification=9889 vis=5800
[lvdot_detector_main-8] [INFO] [1776984814.061931828] [lvdot_detector_node]: Processing phases: detection=run_core lidar_detection=run_lidar_detector/dbscan tracking=waiting_new_filtered_update classification=waiting_new_tracking_update
[lvdot_detector_main-8] [INFO] [1776984814.061941102] [lvdot_detector_node]: Pipeline stats: depth_samples=1444/71300 u_map=2 depth_boxes=0 u_map_merge=0 u_map_db=0 u_map_visual=0 u_map_fused=0 u_map_filtered=0 lidar_samples=3297/124323 uv=0 db=12 lidar=23 fused=23 filtered=23 tracks=23 dynamic=2 dyn_points=107 raw_dyn_points=1425 service=18/0 split=23->0 (23 outputs) fusion_components=23 visual_only=0 lidar_only=23 yolo_in=2 yolo_match3d=2 yolo_match_det=2 yolo_human=2 fixed_size=0 size_reject=0
[lvdot_detector_main-8] [INFO] [1776984820.063611474] [lvdot_detector_node]: Input health: depth=1611 color=3708 lidar=13 pose=12407 odom=12785 yolo=231 depth_pose_sync=0 lidar_pose_sync=0 depth_odom_sync=0 lidar_odom_sync=0
[lvdot_detector_main-8] [INFO] [1776984820.063673268] [lvdot_detector_node]: Stage timers: detection=260 lidar_detection=7912 tracking=9982 classification=9999 vis=5839
[lvdot_detector_main-8] [INFO] [1776984820.063684494] [lvdot_detector_node]: Processing phases: detection=run_core lidar_detection=waiting_new_lidar tracking=snapshot classification=waiting_new_tracking_update
[lvdot_detector_main-8] [INFO] [1776984820.063695037] [lvdot_detector_node]: Pipeline stats: depth_samples=1332/71300 u_map=1 depth_boxes=0 u_map_merge=0 u_map_db=0 u_map_visual=0 u_map_fused=0 u_map_filtered=0 lidar_samples=3464/158487 uv=1 db=11 lidar=22 fused=23 filtered=23 tracks=23 dynamic=2 dyn_points=167 raw_dyn_points=53927 service=18/0 split=23->0 (23 outputs) fusion_components=23 visual_only=1 lidar_only=22 yolo_in=3 yolo_match3d=2 yolo_match_det=2 yolo_human=2 fixed_size=0 size_reject=0
[lvdot_detector_main-8] [INFO] [1776984826.056027989] [lvdot_detector_node]: Input health: depth=1636 color=3756 lidar=14 pose=12540 odom=12923 yolo=234 depth_pose_sync=0 lidar_pose_sync=0 depth_odom_sync=0 lidar_odom_sync=0
[lvdot_detector_main-8] [INFO] [1776984826.056140838] [lvdot_detector_node]: Stage timers: detection=262 lidar_detection=7937 tracking=10080 classification=10095 vis=5870
[lvdot_detector_main-8] [INFO] [1776984826.056157726] [lvdot_detector_node]: Processing phases: detection=run_core lidar_detection=run_lidar_detector/dbscan tracking=waiting_new_filtered_update classification=waiting_new_tracking_update
[lvdot_detector_main-8] [INFO] [1776984826.056170027] [lvdot_detector_node]: Pipeline stats: depth_samples=1497/71300 u_map=2 depth_boxes=0 u_map_merge=0 u_map_db=0 u_map_visual=0 u_map_fused=0 u_map_filtered=0 lidar_samples=3464/158487 uv=1 db=12 lidar=22 fused=23 filtered=23 tracks=23 dynamic=1 dyn_points=149 raw_dyn_points=0 service=18/0 split=23->0 (23 outputs) fusion_components=23 visual_only=1 lidar_only=22 yolo_in=1 yolo_match3d=1 yolo_match_det=1 yolo_human=1 fixed_size=0 size_reject=0
[lvdot_detector_main-8] [INFO] [1776984832.839804157] [lvdot_detector_node]: Input health: depth=1659 color=3814 lidar=14 pose=12691 odom=13076 yolo=236 depth_pose_sync=0 lidar_pose_sync=0 depth_odom_sync=0 lidar_odom_sync=0
[lvdot_detector_main-8] [INFO] [1776984832.839868298] [lvdot_detector_node]: Stage timers: detection=264 lidar_detection=7960 tracking=10187 classification=10201 vis=5908
[lvdot_detector_main-8] [INFO] [1776984832.839879623] [lvdot_detector_node]: Processing phases: detection=run_core lidar_detection=waiting_new_lidar tracking=snapshot classification=waiting_new_tracking_update
[lvdot_detector_main-8] [INFO] [1776984832.839888898] [lvdot_detector_node]: Pipeline stats: depth_samples=1410/71300 u_map=1 depth_boxes=0 u_map_merge=0 u_map_db=0 u_map_visual=0 u_map_fused=0 u_map_filtered=0 lidar_samples=3318/122608 uv=1 db=10 lidar=26 fused=23 filtered=23 tracks=23 dynamic=0 dyn_points=0 raw_dyn_points=0 service=18/0 split=23->0 (23 outputs) fusion_components=23 visual_only=1 lidar_only=22 yolo_in=2 yolo_match3d=0 yolo_match_det=0 yolo_human=0 fixed_size=0 size_reject=0
[lvdot_detector_main-8] [INFO] [1776984838.856510143] [lvdot_detector_node]: Input health: depth=1686 color=3859 lidar=14 pose=12801 odom=13205 yolo=240 depth_pose_sync=0 lidar_pose_sync=0 depth_odom_sync=0 lidar_odom_sync=0
[lvdot_detector_main-8] [INFO] [1776984838.856575743] [lvdot_detector_node]: Stage timers: detection=266 lidar_detection=8052 tracking=10273 classification=10292 vis=5943
[lvdot_detector_main-8] [INFO] [1776984838.856586969] [lvdot_detector_node]: Processing phases: detection=run_core lidar_detection=snapshot tracking=waiting_new_filtered_update classification=waiting_new_tracking_update
[lvdot_detector_main-8] [INFO] [1776984838.856635290] [lvdot_detector_node]: Pipeline stats: depth_samples=1318/69225 u_map=1 depth_boxes=0 u_map_merge=0 u_map_db=0 u_map_visual=0 u_map_fused=0 u_map_filtered=0 lidar_samples=3318/122608 uv=1 db=10 lidar=26 fused=27 filtered=27 tracks=27 dynamic=0 dyn_points=0 raw_dyn_points=0 service=18/0 split=27->0 (27 outputs) fusion_components=27 visual_only=1 lidar_only=26 yolo_in=4 yolo_match3d=0 yolo_match_det=0 yolo_human=0 fixed_size=0 size_reject=0
[lvdot_detector_main-8] [INFO] [1776984844.860538865] [lvdot_detector_node]: Input health: depth=1710 color=3911 lidar=14 pose=12968 odom=13382 yolo=243 depth_pose_sync=0 lidar_pose_sync=0 depth_odom_sync=0 lidar_odom_sync=0
[lvdot_detector_main-8] [INFO] [1776984844.860603196] [lvdot_detector_node]: Stage timers: detection=268 lidar_detection=8146 tracking=10374 classification=10395 vis=5980
[lvdot_detector_main-8] [INFO] [1776984844.860617253] [lvdot_detector_node]: Processing phases: detection=run_core lidar_detection=waiting_new_lidar tracking=snapshot classification=waiting_new_tracking_update
[lvdot_detector_main-8] [INFO] [1776984844.860628577] [lvdot_detector_node]: Pipeline stats: depth_samples=1348/71300 u_map=2 depth_boxes=0 u_map_merge=0 u_map_db=0 u_map_visual=0 u_map_fused=0 u_map_filtered=0 lidar_samples=3318/122608 uv=1 db=11 lidar=26 fused=27 filtered=27 tracks=27 dynamic=0 dyn_points=0 raw_dyn_points=0 service=18/0 split=27->0 (27 outputs) fusion_components=27 visual_only=1 lidar_only=26 yolo_in=2 yolo_match3d=0 yolo_match_det=0 yolo_human=0 fixed_size=0 size_reject=0
[lvdot_detector_main-8] [INFO] [1776984850.851070549] [lvdot_detector_node]: Input health: depth=1741 color=3966 lidar=14 pose=13134 odom=13554 yolo=247 depth_pose_sync=0 lidar_pose_sync=0 depth_odom_sync=0 lidar_odom_sync=0
[lvdot_detector_main-8] [INFO] [1776984850.852039808] [lvdot_detector_node]: Stage timers: detection=270 lidar_detection=8259 tracking=10477 classification=10505 vis=6021
[lvdot_detector_main-8] [INFO] [1776984850.852656370] [lvdot_detector_node]: Processing phases: detection=idle lidar_detection=waiting_new_lidar tracking=snapshot classification=waiting_new_tracking_update
[lvdot_detector_main-8] [INFO] [1776984850.852684191] [lvdot_detector_node]: Pipeline stats: depth_samples=1447/71300 u_map=3 depth_boxes=0 u_map_merge=0 u_map_db=0 u_map_visual=0 u_map_fused=0 u_map_filtered=0 lidar_samples=3318/122608 uv=1 db=11 lidar=26 fused=27 filtered=27 tracks=27 dynamic=0 dyn_points=0 raw_dyn_points=0 service=18/0 split=27->0 (27 outputs) fusion_components=27 visual_only=1 lidar_only=26 yolo_in=3 yolo_match3d=1 yolo_match_det=1 yolo_human=1 fixed_size=0 size_reject=0
[lvdot_detector_main-8] [INFO] [1776984856.886018826] [lvdot_detector_node]: Input health: depth=1763 color=3998 lidar=14 pose=13295 odom=13718 yolo=251 depth_pose_sync=0 lidar_pose_sync=0 depth_odom_sync=0 lidar_odom_sync=0
[lvdot_detector_main-8] [INFO] [1776984856.886099948] [lvdot_detector_node]: Stage timers: detection=273 lidar_detection=8364 tracking=10571 classification=10607 vis=6060
[lvdot_detector_main-8] [INFO] [1776984856.886115567] [lvdot_detector_node]: Processing phases: detection=run_core lidar_detection=waiting_new_lidar tracking=waiting_new_filtered_update classification=run_core
[lvdot_detector_main-8] [INFO] [1776984856.886126794] [lvdot_detector_node]: Pipeline stats: depth_samples=1385/71300 u_map=1 depth_boxes=0 u_map_merge=0 u_map_db=0 u_map_visual=0 u_map_fused=0 u_map_filtered=0 lidar_samples=3318/122608 uv=1 db=10 lidar=26 fused=27 filtered=27 tracks=27 dynamic=0 dyn_points=0 raw_dyn_points=0 service=18/0 split=27->0 (27 outputs) fusion_components=27 visual_only=1 lidar_only=26 yolo_in=4 yolo_match3d=3 yolo_match_det=3 yolo_human=3 fixed_size=0 size_reject=0
[lvdot_detector_main-8] [INFO] [1776984863.669887917] [lvdot_detector_node]: Input health: depth=1800 color=4058 lidar=14 pose=13440 odom=13871 yolo=254 depth_pose_sync=0 lidar_pose_sync=0 depth_odom_sync=0 lidar_odom_sync=0
[lvdot_detector_main-8] [INFO] [1776984863.669954499] [lvdot_detector_node]: Stage timers: detection=275 lidar_detection=8467 tracking=10675 classification=10704 vis=6093
[lvdot_detector_main-8] [INFO] [1776984863.669965335] [lvdot_detector_node]: Processing phases: detection=run_core lidar_detection=waiting_new_lidar tracking=snapshot classification=waiting_new_tracking_update
[lvdot_detector_main-8] [INFO] [1776984863.669974415] [lvdot_detector_node]: Pipeline stats: depth_samples=1335/71300 u_map=1 depth_boxes=0 u_map_merge=0 u_map_db=0 u_map_visual=0 u_map_fused=0 u_map_filtered=0 lidar_samples=3318/122608 uv=1 db=10 lidar=26 fused=27 filtered=27 tracks=27 dynamic=0 dyn_points=0 raw_dyn_points=0 service=18/0 split=27->0 (27 outputs) fusion_components=27 visual_only=1 lidar_only=26 yolo_in=3 yolo_match3d=0 yolo_match_det=0 yolo_human=0 fixed_size=0 size_reject=0
[lvdot_detector_main-8] [INFO] [1776984869.640060822] [lvdot_detector_node]: Input health: depth=1816 color=4102 lidar=14 pose=13567 odom=14017 yolo=257 depth_pose_sync=0 lidar_pose_sync=0 depth_odom_sync=0 lidar_odom_sync=0
[lvdot_detector_main-8] [INFO] [1776984869.641278727] [lvdot_detector_node]: Stage timers: detection=277 lidar_detection=8561 tracking=10769 classification=10793 vis=6128
[lvdot_detector_main-8] [INFO] [1776984869.641298838] [lvdot_detector_node]: Processing phases: detection=run_core lidar_detection=snapshot tracking=waiting_new_filtered_update classification=snapshot
[lvdot_detector_main-8] [INFO] [1776984869.641309479] [lvdot_detector_node]: Pipeline stats: depth_samples=1795/71300 u_map=1 depth_boxes=0 u_map_merge=0 u_map_db=0 u_map_visual=0 u_map_fused=0 u_map_filtered=0 lidar_samples=3318/122608 uv=1 db=14 lidar=26 fused=27 filtered=27 tracks=27 dynamic=2 dyn_points=296 raw_dyn_points=1534 service=18/0 split=27->1 (27 outputs) fusion_components=27 visual_only=1 lidar_only=26 yolo_in=5 yolo_match3d=4 yolo_match_det=5 yolo_human=3 fixed_size=0 size_reject=1
[lvdot_detector_main-8] [INFO] [1776984875.646020819] [lvdot_detector_node]: Input health: depth=1840 color=4142 lidar=14 pose=13700 odom=14162 yolo=259 depth_pose_sync=0 lidar_pose_sync=0 depth_odom_sync=0 lidar_odom_sync=0
[lvdot_detector_main-8] [INFO] [1776984875.646099207] [lvdot_detector_node]: Stage timers: detection=279 lidar_detection=8651 tracking=10859 classification=10887 vis=6161
[lvdot_detector_main-8] [INFO] [1776984875.646114532] [lvdot_detector_node]: Processing phases: detection=idle lidar_detection=waiting_new_lidar tracking=waiting_new_filtered_update classification=snapshot
[lvdot_detector_main-8] [INFO] [1776984875.646125759] [lvdot_detector_node]: Pipeline stats: depth_samples=1332/71300 u_map=1 depth_boxes=0 u_map_merge=0 u_map_db=0 u_map_visual=0 u_map_fused=0 u_map_filtered=0 lidar_samples=3318/122608 uv=0 db=11 lidar=26 fused=26 filtered=26 tracks=26 dynamic=0 dyn_points=0 raw_dyn_points=0 service=18/0 split=26->0 (26 outputs) fusion_components=26 visual_only=0 lidar_only=26 yolo_in=3 yolo_match3d=0 yolo_match_det=0 yolo_human=0 fixed_size=0 size_reject=0
[lvdot_detector_main-8] [INFO] [1776984881.647637566] [lvdot_detector_node]: Input health: depth=1869 color=4184 lidar=15 pose=13851 odom=14315 yolo=263 depth_pose_sync=0 lidar_pose_sync=0 depth_odom_sync=0 lidar_odom_sync=0
[lvdot_detector_main-8] [INFO] [1776984881.647717808] [lvdot_detector_node]: Stage timers: detection=282 lidar_detection=8674 tracking=10962 classification=10986 vis=6200
[lvdot_detector_main-8] [INFO] [1776984881.647734989] [lvdot_detector_node]: Processing phases: detection=run_core lidar_detection=run_lidar_detector/dbscan tracking=waiting_new_filtered_update classification=waiting_new_tracking_update
[lvdot_detector_main-8] [INFO] [1776984881.647748070] [lvdot_detector_node]: Pipeline stats: depth_samples=1421/71300 u_map=3 depth_boxes=0 u_map_merge=0 u_map_db=0 u_map_visual=0 u_map_fused=0 u_map_filtered=0 lidar_samples=3318/122608 uv=2 db=10 lidar=26 fused=28 filtered=28 tracks=28 dynamic=1 dyn_points=89 raw_dyn_points=10344 service=18/0 split=28->0 (28 outputs) fusion_components=28 visual_only=2 lidar_only=26 yolo_in=2 yolo_match3d=2 yolo_match_det=2 yolo_human=2 fixed_size=0 size_reject=1
[lvdot_detector_main-8] [INFO] [1776984887.697070907] [lvdot_detector_node]: Input health: depth=1904 color=4235 lidar=15 pose=13950 odom=14423 yolo=266 depth_pose_sync=0 lidar_pose_sync=0 depth_odom_sync=0 lidar_odom_sync=0
[lvdot_detector_main-8] [INFO] [1776984887.697149392] [lvdot_detector_node]: Stage timers: detection=284 lidar_detection=8700 tracking=11048 classification=11069 vis=6227
[lvdot_detector_main-8] [INFO] [1776984887.697164035] [lvdot_detector_node]: Processing phases: detection=run_core lidar_detection=snapshot tracking=waiting_new_filtered_update classification=waiting_new_tracking_update
[lvdot_detector_main-8] [INFO] [1776984887.697174968] [lvdot_detector_node]: Pipeline stats: depth_samples=1318/71300 u_map=3 depth_boxes=0 u_map_merge=0 u_map_db=0 u_map_visual=0 u_map_fused=0 u_map_filtered=0 lidar_samples=3390/165180 uv=2 db=12 lidar=56 fused=28 filtered=28 tracks=28 dynamic=0 dyn_points=0 raw_dyn_points=0 service=18/0 split=28->1 (28 outputs) fusion_components=28 visual_only=2 lidar_only=26 yolo_in=3 yolo_match3d=1 yolo_match_det=2 yolo_human=1 fixed_size=0 size_reject=1
[lvdot_detector_main-8] [INFO] [1776984893.202277154] [lvdot_detector_node]: get_dynamic_obstacles responded with 0 obstacles from 0 tracked dynamic boxes.
[lvdot_detector_main-8] [INFO] [1776984893.691589176] [lvdot_detector_node]: Input health: depth=1928 color=4281 lidar=15 pose=14058 odom=14541 yolo=269 depth_pose_sync=0 lidar_pose_sync=0 depth_odom_sync=0 lidar_odom_sync=0
[lvdot_detector_main-8] [INFO] [1776984893.691656923] [lvdot_detector_node]: Stage timers: detection=286 lidar_detection=8773 tracking=11122 classification=11146 vis=6257
[lvdot_detector_main-8] [INFO] [1776984893.691667857] [lvdot_detector_node]: Processing phases: detection=run_core lidar_detection=waiting_new_lidar tracking=waiting_new_filtered_update classification=snapshot
[lvdot_detector_main-8] [INFO] [1776984893.691677130] [lvdot_detector_node]: Pipeline stats: depth_samples=1423/71300 u_map=2 depth_boxes=0 u_map_merge=0 u_map_db=0 u_map_visual=0 u_map_fused=0 u_map_filtered=0 lidar_samples=3390/165180 uv=2 db=14 lidar=56 fused=58 filtered=58 tracks=58 dynamic=0 dyn_points=0 raw_dyn_points=0 service=19/0 split=58->0 (58 outputs) fusion_components=58 visual_only=2 lidar_only=56 yolo_in=2 yolo_match3d=0 yolo_match_det=0 yolo_human=0 fixed_size=0 size_reject=0
[lvdot_detector_main-8] [INFO] [1776984900.486185023] [lvdot_detector_node]: Input health: depth=1956 color=4325 lidar=15 pose=14155 odom=14648 yolo=273 depth_pose_sync=0 lidar_pose_sync=0 depth_odom_sync=0 lidar_odom_sync=0
[lvdot_detector_main-8] [INFO] [1776984900.486269862] [lvdot_detector_node]: Stage timers: detection=288 lidar_detection=8850 tracking=11192 classification=11208 vis=6284
[lvdot_detector_main-8] [INFO] [1776984900.486284799] [lvdot_detector_node]: Processing phases: detection=run_core lidar_detection=waiting_new_lidar tracking=waiting_new_filtered_update classification=snapshot
[lvdot_detector_main-8] [INFO] [1776984900.486295831] [lvdot_detector_node]: Pipeline stats: depth_samples=1400/71300 u_map=1 depth_boxes=0 u_map_merge=0 u_map_db=0 u_map_visual=0 u_map_fused=0 u_map_filtered=0 lidar_samples=3390/165180 uv=1 db=10 lidar=56 fused=57 filtered=57 tracks=57 dynamic=0 dyn_points=0 raw_dyn_points=0 service=19/0 split=57->0 (57 outputs) fusion_components=57 visual_only=1 lidar_only=56 yolo_in=0 yolo_match3d=0 yolo_match_det=0 yolo_human=0 fixed_size=0 size_reject=0
[lvdot_detector_main-8] [INFO] [1776984906.434687656] [lvdot_detector_node]: Input health: depth=1979 color=4371 lidar=15 pose=14254 odom=14755 yolo=275 depth_pose_sync=0 lidar_pose_sync=0 depth_odom_sync=0 lidar_odom_sync=0
[lvdot_detector_main-8] [INFO] [1776984906.437270102] [lvdot_detector_node]: Stage timers: detection=290 lidar_detection=8928 tracking=11262 classification=11280 vis=6315
[lvdot_detector_main-8] [INFO] [1776984906.437329062] [lvdot_detector_node]: Processing phases: detection=run_core lidar_detection=waiting_new_lidar tracking=snapshot classification=waiting_new_tracking_update
[lvdot_detector_main-8] [INFO] [1776984906.437346926] [lvdot_detector_node]: Pipeline stats: depth_samples=1332/71300 u_map=1 depth_boxes=0 u_map_merge=0 u_map_db=0 u_map_visual=0 u_map_fused=0 u_map_filtered=0 lidar_samples=3390/165180 uv=0 db=11 lidar=56 fused=56 filtered=56 tracks=56 dynamic=0 dyn_points=0 raw_dyn_points=0 service=19/0 split=56->0 (56 outputs) fusion_components=56 visual_only=0 lidar_only=56 yolo_in=2 yolo_match3d=0 yolo_match_det=0 yolo_human=0 fixed_size=0 size_reject=0
[lvdot_detector_main-8] [INFO] [1776984912.422750917] [lvdot_detector_node]: Input health: depth=2006 color=4409 lidar=15 pose=14384 odom=14893 yolo=279 depth_pose_sync=0 lidar_pose_sync=0 depth_odom_sync=0 lidar_odom_sync=0
[lvdot_detector_main-8] [INFO] [1776984912.422815636] [lvdot_detector_node]: Stage timers: detection=293 lidar_detection=9016 tracking=11344 classification=11354 vis=6348
[lvdot_detector_main-8] [INFO] [1776984912.422826764] [lvdot_detector_node]: Processing phases: detection=run_core lidar_detection=snapshot tracking=waiting_new_filtered_update classification=waiting_new_tracking_update
[lvdot_detector_main-8] [INFO] [1776984912.422836038] [lvdot_detector_node]: Pipeline stats: depth_samples=1348/71300 u_map=1 depth_boxes=0 u_map_merge=0 u_map_db=0 u_map_visual=0 u_map_fused=0 u_map_filtered=0 lidar_samples=3390/165180 uv=1 db=13 lidar=56 fused=57 filtered=57 tracks=57 dynamic=0 dyn_points=0 raw_dyn_points=0 service=19/0 split=57->0 (57 outputs) fusion_components=57 visual_only=1 lidar_only=56 yolo_in=4 yolo_match3d=0 yolo_match_det=0 yolo_human=0 fixed_size=0 size_reject=0
[lvdot_detector_main-8] [INFO] [1776984918.427355725] [lvdot_detector_node]: Input health: depth=2015 color=4453 lidar=15 pose=14478 odom=14999 yolo=282 depth_pose_sync=0 lidar_pose_sync=0 depth_odom_sync=0 lidar_odom_sync=0
[lvdot_detector_main-8] [INFO] [1776984918.428359317] [lvdot_detector_node]: Stage timers: detection=295 lidar_detection=9084 tracking=11417 classification=11416 vis=6372
[lvdot_detector_main-8] [INFO] [1776984918.428388114] [lvdot_detector_node]: Processing phases: detection=run_core lidar_detection=waiting_new_lidar tracking=waiting_new_filtered_update classification=snapshot
[lvdot_detector_main-8] [INFO] [1776984918.428400901] [lvdot_detector_node]: Pipeline stats: depth_samples=1400/71300 u_map=1 depth_boxes=0 u_map_merge=0 u_map_db=0 u_map_visual=0 u_map_fused=0 u_map_filtered=0 lidar_samples=3390/165180 uv=1 db=10 lidar=56 fused=57 filtered=57 tracks=57 dynamic=1 dyn_points=74 raw_dyn_points=1286 service=19/0 split=57->0 (57 outputs) fusion_components=57 visual_only=1 lidar_only=56 yolo_in=1 yolo_match3d=1 yolo_match_det=1 yolo_human=1 fixed_size=0 size_reject=0
[lvdot_detector_main-8] [INFO] [1776984924.457976754] [lvdot_detector_node]: Input health: depth=2037 color=4490 lidar=15 pose=14560 odom=15094 yolo=285 depth_pose_sync=0 lidar_pose_sync=0 depth_odom_sync=0 lidar_odom_sync=0
[lvdot_detector_main-8] [INFO] [1776984924.458061194] [lvdot_detector_node]: Stage timers: detection=297 lidar_detection=9153 tracking=11485 classification=11484 vis=6401
[lvdot_detector_main-8] [INFO] [1776984924.458075447] [lvdot_detector_node]: Processing phases: detection=run_core lidar_detection=snapshot tracking=waiting_new_filtered_update classification=waiting_new_tracking_update
[lvdot_detector_main-8] [INFO] [1776984924.458086380] [lvdot_detector_node]: Pipeline stats: depth_samples=1294/60950 u_map=4 depth_boxes=0 u_map_merge=0 u_map_db=0 u_map_visual=0 u_map_fused=0 u_map_filtered=0 lidar_samples=3390/165180 uv=1 db=10 lidar=56 fused=57 filtered=57 tracks=57 dynamic=0 dyn_points=0 raw_dyn_points=0 service=19/0 split=57->0 (57 outputs) fusion_components=57 visual_only=1 lidar_only=56 yolo_in=1 yolo_match3d=0 yolo_match_det=0 yolo_human=0 fixed_size=0 size_reject=0
