[INFO] [launch]: All log files can be found below /home/skbt2/.ros/log/2026-04-28-10-04-56-460318-DESKTOP-90MQDL6-80156
[INFO] [launch]: Default logging verbosity is set to INFO
[INFO] [gazebo-1]: process started with pid [80234]
[INFO] [parameter_bridge-2]: process started with pid [80235]
[INFO] [pedestrian_state_publisher-3]: process started with pid [80236]
[INFO] [uav_trajectory_controller-4]: process started with pid [80237]
[INFO] [image_pointcloud_relay-5]: process started with pid [80238]
[INFO] [image_pointcloud_relay-6]: process started with pid [80239]
[INFO] [lvdot_yolo_node-7]: process started with pid [80240]
[INFO] [lvdot_detector_main-8]: process started with pid [80241]
[parameter_bridge-2] [INFO] [1777341898.130456106] [ros_gz_bridge]: Creating GZ->ROS Bridge: [/rgbd_camera/image (gz.msgs.Image) -> /rgbd_camera/image (sensor_msgs/msg/Image)] (Lazy 0)
[parameter_bridge-2] [INFO] [1777341898.177851208] [ros_gz_bridge]: Creating GZ->ROS Bridge: [/rgbd_camera/camera_info (gz.msgs.CameraInfo) -> /rgbd_camera/camera_info (sensor_msgs/msg/CameraInfo)] (Lazy 0)
[parameter_bridge-2] [INFO] [1777341898.207925950] [ros_gz_bridge]: Creating GZ->ROS Bridge: [/rgbd_camera/depth_image (gz.msgs.Image) -> /rgbd_camera/depth_image (sensor_msgs/msg/Image)] (Lazy 0)
[parameter_bridge-2] [INFO] [1777341898.229455353] [ros_gz_bridge]: Creating GZ->ROS Bridge: [/rgbd_camera/points (gz.msgs.PointCloudPacked) -> /rgbd_camera/points (sensor_msgs/msg/PointCloud2)] (Lazy 0)
[parameter_bridge-2] [INFO] [1777341898.249736247] [ros_gz_bridge]: Creating GZ->ROS Bridge: [/camera/imu (gz.msgs.IMU) -> /camera/imu (sensor_msgs/msg/Imu)] (Lazy 0)
[parameter_bridge-2] [INFO] [1777341898.267769562] [ros_gz_bridge]: Creating ROS->GZ service bridge [/world/pedestrian_prototype/set_pose (ros_gz_interfaces/srv/SetEntityPose -> /)]
[parameter_bridge-2] [INFO] [1777341898.280288589] [ros_gz_bridge]: Creating ROS->GZ service bridge [/world/pedestrian_prototype/set_pose/blocking (ros_gz_interfaces/srv/SetEntityPose -> /)]
[lvdot_detector_main-8] [INFO] [1777341899.262328790] [lvdot_detector_node]: Config loaded: localization_mode=0 dt=0.033 image=640x480 depth_range=[0.50, 5.00] stage_timers=true vis_stage=false executor_threads=1
[lvdot_detector_main-8] [INFO] [1777341899.563508123] [lvdot_detector_node]: LV-DOT ROS2 skeleton started. depth=/camera/depth/image_rect_raw color=/camera/color/image_raw lidar=/pointcloud pose=/mavros/local_position/pose odom=/mavros/local_position/odom yolo=/yolo_detector/detected_bounding_boxes
[lvdot_detector_main-8] [INFO] [1777341899.563578040] [lvdot_detector_node]: Starting executor with executor_threads=1
[lvdot_detector_main-8] [WARN] [1777341899.563691098] [rclcpp]: MultiThreadedExecutor is used with a single thread.
[lvdot_detector_main-8] Use the SingleThreadedExecutor instead.
[uav_trajectory_controller-4] [WARN] [1777341905.008917477] [uav_trajectory_controller]: SetEntityPose request timed out after 0.51s on /world/pedestrian_prototype/set_pose/blocking; dropping the pending request and retrying.
[uav_trajectory_controller-4] [WARN] [1777341905.011083195] [uav_trajectory_controller]: Falling back from /world/pedestrian_prototype/set_pose/blocking to /world/pedestrian_prototype/set_pose.
[gazebo-1] [INFO] [1777341905.304323969] [pedestrian_pose_sync_system]: Configured pedestrian pose sync plugin on topic [/pedestrian_sim/agent_states] for 8 models.
[lvdot_detector_main-8] [INFO] [1777341906.932176442] [lvdot_detector_node]: Input health: depth=1 color=0 lidar=0 pose=4 odom=4 yolo=0 depth_pose_sync=0 lidar_pose_sync=0 depth_odom_sync=0 lidar_odom_sync=0
[lvdot_detector_main-8] [INFO] [1777341906.932279250] [lvdot_detector_node]: Stage timers: detection=10 lidar_detection=10 tracking=10 classification=10 vis=0
[lvdot_detector_main-8] [INFO] [1777341906.932299612] [lvdot_detector_node]: Processing phases: detection=idle lidar_detection=waiting_new_lidar tracking=idle classification=waiting_new_tracking_update
[lvdot_detector_main-8] [INFO] [1777341906.932311989] [lvdot_detector_node]: Pipeline stats: depth_samples=1263/71300 u_map=1 depth_boxes=0 u_map_merge=0 u_map_db=0 u_map_visual=0 u_map_fused=0 u_map_filtered=0 lidar_samples=0/0 uv=1 db=11 lidar=0 fused=1 filtered=1 tracks=1 dynamic=0 dyn_points=0 raw_dyn_points=0 service=0/0 split=1->0 (1 outputs) fusion_components=1 visual_only=1 lidar_only=0 yolo_in=0 yolo_match3d=0 yolo_match_det=0 yolo_human=0 fixed_size=0 size_reject=0
[lvdot_detector_main-8] [INFO] [1777341912.278971117] [lvdot_detector_node]: Input health: depth=3 color=2 lidar=0 pose=6 odom=6 yolo=1 depth_pose_sync=0 lidar_pose_sync=0 depth_odom_sync=0 lidar_odom_sync=0
[lvdot_detector_main-8] [INFO] [1777341912.279057487] [lvdot_detector_node]: Stage timers: detection=12 lidar_detection=12 tracking=12 classification=12 vis=0
[lvdot_detector_main-8] [INFO] [1777341912.279106188] [lvdot_detector_node]: Processing phases: detection=idle lidar_detection=waiting_new_lidar tracking=idle classification=idle
[lvdot_detector_main-8] [INFO] [1777341912.279120401] [lvdot_detector_node]: Pipeline stats: depth_samples=1010/51693 u_map=3 depth_boxes=0 u_map_merge=0 u_map_db=0 u_map_visual=0 u_map_fused=0 u_map_filtered=0 lidar_samples=0/0 uv=1 db=9 lidar=0 fused=1 filtered=1 tracks=1 dynamic=0 dyn_points=0 raw_dyn_points=0 service=0/0 split=1->0 (1 outputs) fusion_components=1 visual_only=1 lidar_only=0 yolo_in=3 yolo_match3d=0 yolo_match_det=0 yolo_human=0 fixed_size=0 size_reject=0
[lvdot_detector_main-8] [INFO] [1777341918.438724013] [lvdot_detector_node]: Input health: depth=5 color=4 lidar=0 pose=8 odom=8 yolo=3 depth_pose_sync=0 lidar_pose_sync=0 depth_odom_sync=0 lidar_odom_sync=0
[lvdot_detector_main-8] [INFO] [1777341918.456967670] [lvdot_detector_node]: Stage timers: detection=14 lidar_detection=14 tracking=14 classification=14 vis=0
[lvdot_detector_main-8] [INFO] [1777341918.456984322] [lvdot_detector_node]: Processing phases: detection=idle lidar_detection=waiting_new_lidar tracking=waiting_filtered_bboxes classification=idle
[lvdot_detector_main-8] [INFO] [1777341918.456994829] [lvdot_detector_node]: Pipeline stats: depth_samples=1544/71300 u_map=3 depth_boxes=0 u_map_merge=0 u_map_db=0 u_map_visual=0 u_map_fused=0 u_map_filtered=0 lidar_samples=0/0 uv=2 db=13 lidar=0 fused=2 filtered=2 tracks=0 dynamic=0 dyn_points=0 raw_dyn_points=0 service=0/0 split=2->0 (2 outputs) fusion_components=2 visual_only=2 lidar_only=0 yolo_in=1 yolo_match3d=1 yolo_match_det=1 yolo_human=1 fixed_size=0 size_reject=0
[lvdot_detector_main-8] [INFO] [1777341924.393882081] [lvdot_detector_node]: Input health: depth=7 color=6 lidar=0 pose=10 odom=10 yolo=5 depth_pose_sync=0 lidar_pose_sync=0 depth_odom_sync=0 lidar_odom_sync=0
[lvdot_detector_main-8] [INFO] [1777341924.395744891] [lvdot_detector_node]: Stage timers: detection=16 lidar_detection=16 tracking=16 classification=16 vis=0
[lvdot_detector_main-8] [INFO] [1777341924.395762243] [lvdot_detector_node]: Processing phases: detection=idle lidar_detection=waiting_new_lidar tracking=waiting_filtered_bboxes classification=idle
[lvdot_detector_main-8] [INFO] [1777341924.395771465] [lvdot_detector_node]: Pipeline stats: depth_samples=1560/71300 u_map=4 depth_boxes=0 u_map_merge=0 u_map_db=0 u_map_visual=0 u_map_fused=0 u_map_filtered=0 lidar_samples=0/0 uv=2 db=19 lidar=0 fused=2 filtered=2 tracks=0 dynamic=1 dyn_points=0 raw_dyn_points=0 service=0/0 split=2->0 (2 outputs) fusion_components=2 visual_only=2 lidar_only=0 yolo_in=1 yolo_match3d=0 yolo_match_det=0 yolo_human=0 fixed_size=0 size_reject=0
[uav_trajectory_controller-4] [WARN] [1777341925.082471318] [uav_trajectory_controller]: SetEntityPose request timed out after 0.50s on /world/pedestrian_prototype/set_pose; dropping the pending request and retrying.
[lvdot_detector_main-8] [INFO] [1777341931.474944062] [lvdot_detector_node]: Input health: depth=9 color=8 lidar=0 pose=12 odom=12 yolo=7 depth_pose_sync=0 lidar_pose_sync=0 depth_odom_sync=0 lidar_odom_sync=0
[lvdot_detector_main-8] [INFO] [1777341931.475037275] [lvdot_detector_node]: Stage timers: detection=18 lidar_detection=18 tracking=18 classification=18 vis=0
[lvdot_detector_main-8] [INFO] [1777341931.475049609] [lvdot_detector_node]: Processing phases: detection=idle lidar_detection=waiting_new_lidar tracking=idle classification=idle
[lvdot_detector_main-8] [INFO] [1777341931.475058910] [lvdot_detector_node]: Pipeline stats: depth_samples=1389/71300 u_map=0 depth_boxes=0 u_map_merge=0 u_map_db=0 u_map_visual=0 u_map_fused=0 u_map_filtered=0 lidar_samples=0/0 uv=0 db=10 lidar=0 fused=0 filtered=0 tracks=1 dynamic=1 dyn_points=0 raw_dyn_points=0 service=0/0 split=0->0 (0 outputs) fusion_components=0 visual_only=0 lidar_only=0 yolo_in=2 yolo_match3d=0 yolo_match_det=0 yolo_human=0 fixed_size=0 size_reject=0
[lvdot_detector_main-8] [INFO] [1777341938.510737121] [lvdot_detector_node]: Input health: depth=11 color=10 lidar=0 pose=14 odom=14 yolo=9 depth_pose_sync=0 lidar_pose_sync=0 depth_odom_sync=0 lidar_odom_sync=0
[lvdot_detector_main-8] [INFO] [1777341938.510816904] [lvdot_detector_node]: Stage timers: detection=20 lidar_detection=20 tracking=20 classification=20 vis=0
[lvdot_detector_main-8] [INFO] [1777341938.510837274] [lvdot_detector_node]: Processing phases: detection=idle lidar_detection=waiting_new_lidar tracking=idle classification=waiting_new_tracking_update
[lvdot_detector_main-8] [INFO] [1777341938.510851053] [lvdot_detector_node]: Pipeline stats: depth_samples=1405/71300 u_map=2 depth_boxes=0 u_map_merge=0 u_map_db=0 u_map_visual=0 u_map_fused=0 u_map_filtered=0 lidar_samples=0/0 uv=2 db=11 lidar=0 fused=2 filtered=2 tracks=2 dynamic=1 dyn_points=0 raw_dyn_points=0 service=0/0 split=2->0 (2 outputs) fusion_components=2 visual_only=2 lidar_only=0 yolo_in=2 yolo_match3d=1 yolo_match_det=1 yolo_human=1 fixed_size=0 size_reject=0
[lvdot_detector_main-8] [INFO] [1777341945.410920834] [lvdot_detector_node]: Input health: depth=13 color=12 lidar=0 pose=16 odom=16 yolo=11 depth_pose_sync=0 lidar_pose_sync=0 depth_odom_sync=0 lidar_odom_sync=0
[lvdot_detector_main-8] [INFO] [1777341945.412033474] [lvdot_detector_node]: Stage timers: detection=22 lidar_detection=22 tracking=22 classification=22 vis=0
[lvdot_detector_main-8] [INFO] [1777341945.412405348] [lvdot_detector_node]: Processing phases: detection=idle lidar_detection=waiting_new_lidar tracking=idle classification=idle
[lvdot_detector_main-8] [INFO] [1777341945.412422531] [lvdot_detector_node]: Pipeline stats: depth_samples=1415/71300 u_map=3 depth_boxes=0 u_map_merge=0 u_map_db=0 u_map_visual=0 u_map_fused=0 u_map_filtered=0 lidar_samples=0/0 uv=1 db=16 lidar=0 fused=1 filtered=1 tracks=1 dynamic=1 dyn_points=0 raw_dyn_points=0 service=0/0 split=1->0 (1 outputs) fusion_components=1 visual_only=1 lidar_only=0 yolo_in=0 yolo_match3d=0 yolo_match_det=0 yolo_human=0 fixed_size=0 size_reject=0
[lvdot_detector_main-8] [INFO] [1777341952.693371986] [lvdot_detector_node]: Input health: depth=15 color=14 lidar=0 pose=18 odom=18 yolo=13 depth_pose_sync=0 lidar_pose_sync=0 depth_odom_sync=0 lidar_odom_sync=0
[lvdot_detector_main-8] [INFO] [1777341952.693444752] [lvdot_detector_node]: Stage timers: detection=24 lidar_detection=24 tracking=24 classification=24 vis=0
[lvdot_detector_main-8] [INFO] [1777341952.693462300] [lvdot_detector_node]: Processing phases: detection=idle lidar_detection=waiting_new_lidar tracking=idle classification=idle
[lvdot_detector_main-8] [INFO] [1777341952.693473998] [lvdot_detector_node]: Pipeline stats: depth_samples=1376/71300 u_map=3 depth_boxes=0 u_map_merge=0 u_map_db=0 u_map_visual=0 u_map_fused=0 u_map_filtered=0 lidar_samples=0/0 uv=1 db=12 lidar=0 fused=1 filtered=1 tracks=2 dynamic=1 dyn_points=0 raw_dyn_points=0 service=0/0 split=1->0 (1 outputs) fusion_components=1 visual_only=1 lidar_only=0 yolo_in=0 yolo_match3d=0 yolo_match_det=0 yolo_human=0 fixed_size=0 size_reject=0
[lvdot_detector_main-8] [INFO] [1777341959.126763079] [lvdot_detector_node]: Input health: depth=17 color=16 lidar=0 pose=20 odom=20 yolo=15 depth_pose_sync=0 lidar_pose_sync=0 depth_odom_sync=0 lidar_odom_sync=0
[lvdot_detector_main-8] [INFO] [1777341959.126856249] [lvdot_detector_node]: Stage timers: detection=26 lidar_detection=26 tracking=26 classification=26 vis=0
[lvdot_detector_main-8] [INFO] [1777341959.126872136] [lvdot_detector_node]: Processing phases: detection=idle lidar_detection=waiting_new_lidar tracking=idle classification=idle
[lvdot_detector_main-8] [INFO] [1777341959.126885050] [lvdot_detector_node]: Pipeline stats: depth_samples=1551/71300 u_map=4 depth_boxes=0 u_map_merge=0 u_map_db=0 u_map_visual=0 u_map_fused=0 u_map_filtered=0 lidar_samples=0/0 uv=3 db=11 lidar=0 fused=3 filtered=3 tracks=3 dynamic=1 dyn_points=0 raw_dyn_points=0 service=0/0 split=3->0 (3 outputs) fusion_components=3 visual_only=3 lidar_only=0 yolo_in=3 yolo_match3d=0 yolo_match_det=0 yolo_human=0 fixed_size=0 size_reject=0
[lvdot_detector_main-8] [INFO] [1777341969.251353215] [lvdot_detector_node]: Input health: depth=21 color=20 lidar=0 pose=24 odom=24 yolo=19 depth_pose_sync=0 lidar_pose_sync=0 depth_odom_sync=0 lidar_odom_sync=0
[lvdot_detector_main-8] [INFO] [1777341969.256196145] [lvdot_detector_node]: Stage timers: detection=30 lidar_detection=30 tracking=30 classification=30 vis=0
[lvdot_detector_main-8] [INFO] [1777341969.256235724] [lvdot_detector_node]: Processing phases: detection=idle lidar_detection=waiting_new_lidar tracking=idle classification=idle
[lvdot_detector_main-8] [INFO] [1777341969.256248517] [lvdot_detector_node]: Pipeline stats: depth_samples=1472/71300 u_map=2 depth_boxes=0 u_map_merge=0 u_map_db=0 u_map_visual=0 u_map_fused=0 u_map_filtered=0 lidar_samples=0/0 uv=2 db=11 lidar=0 fused=2 filtered=2 tracks=1 dynamic=1 dyn_points=0 raw_dyn_points=0 service=0/0 split=2->0 (2 outputs) fusion_components=2 visual_only=2 lidar_only=0 yolo_in=0 yolo_match3d=0 yolo_match_det=0 yolo_human=0 fixed_size=0 size_reject=0
[lvdot_detector_main-8] [INFO] [1777341975.339279194] [lvdot_detector_node]: Input health: depth=23 color=22 lidar=0 pose=26 odom=26 yolo=21 depth_pose_sync=0 lidar_pose_sync=0 depth_odom_sync=0 lidar_odom_sync=0
[lvdot_detector_main-8] [INFO] [1777341975.372055516] [lvdot_detector_node]: Stage timers: detection=32 lidar_detection=32 tracking=32 classification=32 vis=0
[lvdot_detector_main-8] [INFO] [1777341975.372084556] [lvdot_detector_node]: Processing phases: detection=idle lidar_detection=waiting_new_lidar tracking=idle classification=idle
[lvdot_detector_main-8] [INFO] [1777341975.372100268] [lvdot_detector_node]: Pipeline stats: depth_samples=1440/71300 u_map=4 depth_boxes=0 u_map_merge=0 u_map_db=0 u_map_visual=0 u_map_fused=0 u_map_filtered=0 lidar_samples=0/0 uv=1 db=14 lidar=0 fused=1 filtered=1 tracks=1 dynamic=1 dyn_points=0 raw_dyn_points=0 service=0/0 split=1->1 (1 outputs) fusion_components=1 visual_only=1 lidar_only=0 yolo_in=3 yolo_match3d=1 yolo_match_det=2 yolo_human=0 fixed_size=0 size_reject=0
[lvdot_detector_main-8] [INFO] [1777341981.231607537] [lvdot_detector_node]: Input health: depth=25 color=24 lidar=0 pose=28 odom=28 yolo=23 depth_pose_sync=0 lidar_pose_sync=0 depth_odom_sync=0 lidar_odom_sync=0
[lvdot_detector_main-8] [INFO] [1777341981.231735099] [lvdot_detector_node]: Stage timers: detection=34 lidar_detection=34 tracking=34 classification=34 vis=0
[lvdot_detector_main-8] [INFO] [1777341981.231747766] [lvdot_detector_node]: Processing phases: detection=idle lidar_detection=waiting_new_lidar tracking=idle classification=idle
[lvdot_detector_main-8] [INFO] [1777341981.231757761] [lvdot_detector_node]: Pipeline stats: depth_samples=1486/71300 u_map=3 depth_boxes=0 u_map_merge=0 u_map_db=0 u_map_visual=0 u_map_fused=0 u_map_filtered=0 lidar_samples=0/0 uv=2 db=10 lidar=0 fused=2 filtered=2 tracks=2 dynamic=1 dyn_points=0 raw_dyn_points=0 service=0/0 split=2->0 (2 outputs) fusion_components=2 visual_only=2 lidar_only=0 yolo_in=3 yolo_match3d=1 yolo_match_det=1 yolo_human=1 fixed_size=0 size_reject=0
[lvdot_detector_main-8] [INFO] [1777341986.906626519] [lvdot_detector_node]: Input health: depth=27 color=26 lidar=0 pose=30 odom=30 yolo=25 depth_pose_sync=0 lidar_pose_sync=0 depth_odom_sync=0 lidar_odom_sync=0
[lvdot_detector_main-8] [INFO] [1777341986.908106585] [lvdot_detector_node]: Stage timers: detection=36 lidar_detection=36 tracking=36 classification=36 vis=0
[lvdot_detector_main-8] [INFO] [1777341986.909131575] [lvdot_detector_node]: Processing phases: detection=idle lidar_detection=waiting_new_lidar tracking=idle classification=idle
[lvdot_detector_main-8] [INFO] [1777341986.909165787] [lvdot_detector_node]: Pipeline stats: depth_samples=1431/71300 u_map=2 depth_boxes=0 u_map_merge=0 u_map_db=0 u_map_visual=0 u_map_fused=0 u_map_filtered=0 lidar_samples=0/0 uv=0 db=12 lidar=0 fused=0 filtered=0 tracks=2 dynamic=1 dyn_points=0 raw_dyn_points=0 service=0/0 split=0->0 (0 outputs) fusion_components=0 visual_only=0 lidar_only=0 yolo_in=4 yolo_match3d=0 yolo_match_det=0 yolo_human=0 fixed_size=0 size_reject=0
[lvdot_detector_main-8] [INFO] [1777341992.886909804] [lvdot_detector_node]: Input health: depth=29 color=28 lidar=0 pose=32 odom=32 yolo=27 depth_pose_sync=0 lidar_pose_sync=0 depth_odom_sync=0 lidar_odom_sync=0
[lvdot_detector_main-8] [INFO] [1777341992.894416843] [lvdot_detector_node]: Stage timers: detection=38 lidar_detection=38 tracking=38 classification=38 vis=0
[lvdot_detector_main-8] [INFO] [1777341992.899058760] [lvdot_detector_node]: Processing phases: detection=idle lidar_detection=waiting_new_lidar tracking=idle classification=waiting_new_tracking_update
[lvdot_detector_main-8] [INFO] [1777341992.899082793] [lvdot_detector_node]: Pipeline stats: depth_samples=1286/71300 u_map=3 depth_boxes=0 u_map_merge=0 u_map_db=0 u_map_visual=0 u_map_fused=0 u_map_filtered=0 lidar_samples=0/0 uv=1 db=9 lidar=0 fused=1 filtered=2 tracks=2 dynamic=1 dyn_points=0 raw_dyn_points=0 service=0/0 split=1->1 (2 outputs) fusion_components=1 visual_only=1 lidar_only=0 yolo_in=2 yolo_match3d=1 yolo_match_det=2 yolo_human=2 fixed_size=0 size_reject=0
[uav_trajectory_controller-4] [WARN] [1777341999.579145426] [uav_trajectory_controller]: SetEntityPose request timed out after 0.62s on /world/pedestrian_prototype/set_pose; dropping the pending request and retrying.
[lvdot_detector_main-8] [INFO] [1777342003.007634967] [lvdot_detector_node]: Input health: depth=33 color=32 lidar=0 pose=36 odom=36 yolo=31 depth_pose_sync=0 lidar_pose_sync=0 depth_odom_sync=0 lidar_odom_sync=0
[lvdot_detector_main-8] [INFO] [1777342003.009383360] [lvdot_detector_node]: Stage timers: detection=42 lidar_detection=42 tracking=42 classification=42 vis=0
[lvdot_detector_main-8] [INFO] [1777342003.010106027] [lvdot_detector_node]: Processing phases: detection=idle lidar_detection=waiting_new_lidar tracking=idle classification=waiting_new_tracking_update
[lvdot_detector_main-8] [INFO] [1777342003.010123091] [lvdot_detector_node]: Pipeline stats: depth_samples=1371/71300 u_map=2 depth_boxes=0 u_map_merge=0 u_map_db=0 u_map_visual=0 u_map_fused=0 u_map_filtered=0 lidar_samples=0/0 uv=1 db=12 lidar=0 fused=1 filtered=1 tracks=1 dynamic=1 dyn_points=0 raw_dyn_points=0 service=0/0 split=1->0 (1 outputs) fusion_components=1 visual_only=1 lidar_only=0 yolo_in=1 yolo_match3d=1 yolo_match_det=1 yolo_human=1 fixed_size=0 size_reject=0
[lvdot_detector_main-8] [INFO] [1777342008.548983426] [lvdot_detector_node]: Input health: depth=35 color=34 lidar=0 pose=38 odom=38 yolo=33 depth_pose_sync=0 lidar_pose_sync=0 depth_odom_sync=0 lidar_odom_sync=0
[lvdot_detector_main-8] [INFO] [1777342008.549061081] [lvdot_detector_node]: Stage timers: detection=44 lidar_detection=44 tracking=44 classification=44 vis=0
[lvdot_detector_main-8] [INFO] [1777342008.549077686] [lvdot_detector_node]: Processing phases: detection=idle lidar_detection=waiting_new_lidar tracking=idle classification=idle
[lvdot_detector_main-8] [INFO] [1777342008.549088722] [lvdot_detector_node]: Pipeline stats: depth_samples=1426/71300 u_map=4 depth_boxes=0 u_map_merge=0 u_map_db=0 u_map_visual=0 u_map_fused=0 u_map_filtered=0 lidar_samples=0/0 uv=3 db=12 lidar=0 fused=3 filtered=3 tracks=1 dynamic=1 dyn_points=0 raw_dyn_points=0 service=0/0 split=3->0 (3 outputs) fusion_components=3 visual_only=3 lidar_only=0 yolo_in=5 yolo_match3d=0 yolo_match_det=0 yolo_human=0 fixed_size=0 size_reject=0
[lvdot_detector_main-8] [INFO] [1777342013.814962104] [lvdot_detector_node]: Input health: depth=37 color=36 lidar=0 pose=40 odom=40 yolo=35 depth_pose_sync=0 lidar_pose_sync=0 depth_odom_sync=0 lidar_odom_sync=0
[lvdot_detector_main-8] [INFO] [1777342013.818853956] [lvdot_detector_node]: Stage timers: detection=46 lidar_detection=46 tracking=46 classification=46 vis=0
[lvdot_detector_main-8] [INFO] [1777342013.818966917] [lvdot_detector_node]: Processing phases: detection=idle lidar_detection=waiting_new_lidar tracking=idle classification=idle
[lvdot_detector_main-8] [INFO] [1777342013.818984967] [lvdot_detector_node]: Pipeline stats: depth_samples=1423/71300 u_map=2 depth_boxes=0 u_map_merge=0 u_map_db=0 u_map_visual=0 u_map_fused=0 u_map_filtered=0 lidar_samples=0/0 uv=2 db=12 lidar=0 fused=2 filtered=2 tracks=1 dynamic=1 dyn_points=0 raw_dyn_points=0 service=0/0 split=2->0 (2 outputs) fusion_components=2 visual_only=2 lidar_only=0 yolo_in=3 yolo_match3d=1 yolo_match_det=1 yolo_human=1 fixed_size=0 size_reject=0
[lvdot_detector_main-8] [INFO] [1777342021.278825409] [lvdot_detector_node]: Input health: depth=39 color=38 lidar=0 pose=42 odom=42 yolo=37 depth_pose_sync=0 lidar_pose_sync=0 depth_odom_sync=0 lidar_odom_sync=0
[lvdot_detector_main-8] [INFO] [1777342021.288843418] [lvdot_detector_node]: Stage timers: detection=48 lidar_detection=48 tracking=48 classification=48 vis=0
[lvdot_detector_main-8] [INFO] [1777342021.288872854] [lvdot_detector_node]: Processing phases: detection=idle lidar_detection=waiting_new_lidar tracking=idle classification=idle
[lvdot_detector_main-8] [INFO] [1777342021.288882666] [lvdot_detector_node]: Pipeline stats: depth_samples=1518/71300 u_map=2 depth_boxes=0 u_map_merge=0 u_map_db=0 u_map_visual=0 u_map_fused=0 u_map_filtered=0 lidar_samples=0/0 uv=2 db=13 lidar=0 fused=2 filtered=2 tracks=2 dynamic=1 dyn_points=0 raw_dyn_points=0 service=0/0 split=2->0 (2 outputs) fusion_components=2 visual_only=2 lidar_only=0 yolo_in=0 yolo_match3d=0 yolo_match_det=0 yolo_human=0 fixed_size=0 size_reject=0
[lvdot_detector_main-8] [INFO] [1777342027.104621502] [lvdot_detector_node]: Input health: depth=41 color=40 lidar=0 pose=44 odom=44 yolo=39 depth_pose_sync=0 lidar_pose_sync=0 depth_odom_sync=0 lidar_odom_sync=0
[lvdot_detector_main-8] [INFO] [1777342027.104696119] [lvdot_detector_node]: Stage timers: detection=50 lidar_detection=50 tracking=50 classification=50 vis=0
[lvdot_detector_main-8] [INFO] [1777342027.104714368] [lvdot_detector_node]: Processing phases: detection=idle lidar_detection=waiting_new_lidar tracking=waiting_filtered_bboxes classification=idle
[lvdot_detector_main-8] [INFO] [1777342027.104724709] [lvdot_detector_node]: Pipeline stats: depth_samples=1108/71300 u_map=1 depth_boxes=0 u_map_merge=0 u_map_db=0 u_map_visual=0 u_map_fused=0 u_map_filtered=0 lidar_samples=0/0 uv=0 db=10 lidar=0 fused=0 filtered=0 tracks=0 dynamic=1 dyn_points=0 raw_dyn_points=0 service=0/0 split=0->0 (0 outputs) fusion_components=0 visual_only=0 lidar_only=0 yolo_in=0 yolo_match3d=0 yolo_match_det=0 yolo_human=0 fixed_size=0 size_reject=0
[uav_trajectory_controller-4] [WARN] [1777342029.827298015] [uav_trajectory_controller]: SetEntityPose request timed out after 0.50s on /world/pedestrian_prototype/set_pose; dropping the pending request and retrying.
[lvdot_detector_main-8] [INFO] [1777342034.452495452] [lvdot_detector_node]: Input health: depth=43 color=42 lidar=0 pose=46 odom=46 yolo=41 depth_pose_sync=0 lidar_pose_sync=0 depth_odom_sync=0 lidar_odom_sync=0
[lvdot_detector_main-8] [INFO] [1777342034.452563821] [lvdot_detector_node]: Stage timers: detection=52 lidar_detection=52 tracking=52 classification=52 vis=0
[lvdot_detector_main-8] [INFO] [1777342034.452578115] [lvdot_detector_node]: Processing phases: detection=idle lidar_detection=waiting_new_lidar tracking=idle classification=waiting_new_tracking_update
[lvdot_detector_main-8] [INFO] [1777342034.452588810] [lvdot_detector_node]: Pipeline stats: depth_samples=1467/71300 u_map=3 depth_boxes=0 u_map_merge=0 u_map_db=0 u_map_visual=0 u_map_fused=0 u_map_filtered=0 lidar_samples=0/0 uv=1 db=11 lidar=0 fused=1 filtered=1 tracks=1 dynamic=1 dyn_points=0 raw_dyn_points=0 service=0/0 split=1->0 (1 outputs) fusion_components=1 visual_only=1 lidar_only=0 yolo_in=1 yolo_match3d=0 yolo_match_det=0 yolo_human=0 fixed_size=0 size_reject=0
[uav_trajectory_controller-4] [WARN] [1777342036.834095076] [uav_trajectory_controller]: SetEntityPose request timed out after 0.63s on /world/pedestrian_prototype/set_pose; dropping the pending request and retrying.
[uav_trajectory_controller-4] [WARN] [1777342038.457666158] [uav_trajectory_controller]: SetEntityPose request timed out after 0.62s on /world/pedestrian_prototype/set_pose; dropping the pending request and retrying.
[lvdot_detector_main-8] [INFO] [1777342040.374063731] [lvdot_detector_node]: Input health: depth=45 color=44 lidar=0 pose=48 odom=48 yolo=43 depth_pose_sync=0 lidar_pose_sync=0 depth_odom_sync=0 lidar_odom_sync=0
[lvdot_detector_main-8] [INFO] [1777342040.378300206] [lvdot_detector_node]: Stage timers: detection=54 lidar_detection=54 tracking=54 classification=54 vis=0
[lvdot_detector_main-8] [INFO] [1777342040.378324472] [lvdot_detector_node]: Processing phases: detection=idle lidar_detection=waiting_new_lidar tracking=idle classification=idle
[lvdot_detector_main-8] [INFO] [1777342040.378335610] [lvdot_detector_node]: Pipeline stats: depth_samples=1686/71300 u_map=1 depth_boxes=0 u_map_merge=0 u_map_db=0 u_map_visual=0 u_map_fused=0 u_map_filtered=0 lidar_samples=0/0 uv=0 db=13 lidar=0 fused=0 filtered=0 tracks=1 dynamic=1 dyn_points=0 raw_dyn_points=0 service=0/0 split=0->0 (0 outputs) fusion_components=0 visual_only=0 lidar_only=0 yolo_in=3 yolo_match3d=0 yolo_match_det=0 yolo_human=0 fixed_size=0 size_reject=0
[uav_trajectory_controller-4] [WARN] [1777342045.079315672] [uav_trajectory_controller]: SetEntityPose request timed out after 0.62s on /world/pedestrian_prototype/set_pose; dropping the pending request and retrying.
[lvdot_detector_main-8] [INFO] [1777342045.984903930] [lvdot_detector_node]: Input health: depth=47 color=46 lidar=0 pose=50 odom=50 yolo=45 depth_pose_sync=0 lidar_pose_sync=0 depth_odom_sync=0 lidar_odom_sync=0
[lvdot_detector_main-8] [INFO] [1777342045.984972595] [lvdot_detector_node]: Stage timers: detection=56 lidar_detection=56 tracking=56 classification=56 vis=0
[lvdot_detector_main-8] [INFO] [1777342045.984983692] [lvdot_detector_node]: Processing phases: detection=idle lidar_detection=waiting_new_lidar tracking=idle classification=waiting_new_tracking_update
[lvdot_detector_main-8] [INFO] [1777342045.984992610] [lvdot_detector_node]: Pipeline stats: depth_samples=1367/71300 u_map=3 depth_boxes=0 u_map_merge=0 u_map_db=0 u_map_visual=0 u_map_fused=0 u_map_filtered=0 lidar_samples=0/0 uv=1 db=8 lidar=0 fused=1 filtered=1 tracks=2 dynamic=1 dyn_points=0 raw_dyn_points=0 service=0/0 split=1->1 (1 outputs) fusion_components=1 visual_only=1 lidar_only=0 yolo_in=3 yolo_match3d=1 yolo_match_det=2 yolo_human=0 fixed_size=0 size_reject=0
[uav_trajectory_controller-4] [WARN] [1777342050.885459525] [uav_trajectory_controller]: SetEntityPose request timed out after 0.51s on /world/pedestrian_prototype/set_pose; dropping the pending request and retrying.
[uav_trajectory_controller-4] [WARN] [1777342054.949049821] [uav_trajectory_controller]: SetEntityPose request timed out after 0.62s on /world/pedestrian_prototype/set_pose; dropping the pending request and retrying.
[lvdot_detector_main-8] [INFO] [1777342061.017465240] [lvdot_detector_node]: Input health: depth=49 color=48 lidar=1 pose=52 odom=52 yolo=47 depth_pose_sync=0 lidar_pose_sync=0 depth_odom_sync=0 lidar_odom_sync=0
[lvdot_detector_main-8] [INFO] [1777342061.017548896] [lvdot_detector_node]: Stage timers: detection=58 lidar_detection=58 tracking=58 classification=58 vis=0
[lvdot_detector_main-8] [INFO] [1777342061.017561106] [lvdot_detector_node]: Processing phases: detection=idle lidar_detection=idle tracking=waiting_filtered_bboxes classification=idle
[lvdot_detector_main-8] [INFO] [1777342061.017570592] [lvdot_detector_node]: Pipeline stats: depth_samples=1328/71300 u_map=1 depth_boxes=0 u_map_merge=0 u_map_db=0 u_map_visual=0 u_map_fused=0 u_map_filtered=0 lidar_samples=3268/121639 uv=1 db=8 lidar=10 fused=11 filtered=12 tracks=0 dynamic=1 dyn_points=0 raw_dyn_points=0 service=0/0 split=11->1 (12 outputs) fusion_components=11 visual_only=1 lidar_only=10 yolo_in=3 yolo_match3d=2 yolo_match_det=3 yolo_human=3 fixed_size=0 size_reject=0
[lvdot_detector_main-8] [INFO] [1777342066.403116030] [lvdot_detector_node]: Input health: depth=51 color=50 lidar=1 pose=54 odom=54 yolo=49 depth_pose_sync=0 lidar_pose_sync=0 depth_odom_sync=0 lidar_odom_sync=0
[lvdot_detector_main-8] [INFO] [1777342066.405665573] [lvdot_detector_node]: Stage timers: detection=60 lidar_detection=60 tracking=60 classification=60 vis=0
[lvdot_detector_main-8] [INFO] [1777342066.405688672] [lvdot_detector_node]: Processing phases: detection=idle lidar_detection=waiting_new_lidar tracking=idle classification=idle
[lvdot_detector_main-8] [INFO] [1777342066.405698471] [lvdot_detector_node]: Pipeline stats: depth_samples=1285/68310 u_map=2 depth_boxes=0 u_map_merge=0 u_map_db=0 u_map_visual=0 u_map_fused=0 u_map_filtered=0 lidar_samples=3268/121639 uv=0 db=10 lidar=10 fused=10 filtered=10 tracks=10 dynamic=3 dyn_points=0 raw_dyn_points=0 service=0/0 split=10->0 (10 outputs) fusion_components=10 visual_only=0 lidar_only=10 yolo_in=3 yolo_match3d=0 yolo_match_det=0 yolo_human=0 fixed_size=0 size_reject=0
[lvdot_detector_main-8] [INFO] [1777342072.299666250] [lvdot_detector_node]: Input health: depth=53 color=52 lidar=1 pose=56 odom=56 yolo=51 depth_pose_sync=0 lidar_pose_sync=0 depth_odom_sync=0 lidar_odom_sync=0
[lvdot_detector_main-8] [INFO] [1777342072.299734684] [lvdot_detector_node]: Stage timers: detection=62 lidar_detection=62 tracking=62 classification=62 vis=0
[lvdot_detector_main-8] [INFO] [1777342072.299745625] [lvdot_detector_node]: Processing phases: detection=idle lidar_detection=waiting_new_lidar tracking=idle classification=idle
[lvdot_detector_main-8] [INFO] [1777342072.299754577] [lvdot_detector_node]: Pipeline stats: depth_samples=1396/71300 u_map=2 depth_boxes=0 u_map_merge=0 u_map_db=0 u_map_visual=0 u_map_fused=0 u_map_filtered=0 lidar_samples=3268/121639 uv=2 db=14 lidar=10 fused=12 filtered=13 tracks=12 dynamic=3 dyn_points=0 raw_dyn_points=0 service=0/0 split=12->1 (13 outputs) fusion_components=12 visual_only=2 lidar_only=10 yolo_in=4 yolo_match3d=2 yolo_match_det=3 yolo_human=3 fixed_size=0 size_reject=0
[uav_trajectory_controller-4] [WARN] [1777342074.955727646] [uav_trajectory_controller]: SetEntityPose request timed out after 0.63s on /world/pedestrian_prototype/set_pose; dropping the pending request and retrying.
[lvdot_detector_main-8] [INFO] [1777342079.932427894] [lvdot_detector_node]: Input health: depth=55 color=54 lidar=1 pose=58 odom=58 yolo=53 depth_pose_sync=0 lidar_pose_sync=0 depth_odom_sync=0 lidar_odom_sync=0
[lvdot_detector_main-8] [INFO] [1777342079.932496022] [lvdot_detector_node]: Stage timers: detection=64 lidar_detection=64 tracking=64 classification=64 vis=0
[lvdot_detector_main-8] [INFO] [1777342079.932506831] [lvdot_detector_node]: Processing phases: detection=idle lidar_detection=waiting_new_lidar tracking=idle classification=idle
[lvdot_detector_main-8] [INFO] [1777342079.932516054] [lvdot_detector_node]: Pipeline stats: depth_samples=1547/71300 u_map=2 depth_boxes=0 u_map_merge=0 u_map_db=0 u_map_visual=0 u_map_fused=0 u_map_filtered=0 lidar_samples=3268/121639 uv=1 db=11 lidar=10 fused=11 filtered=11 tracks=11 dynamic=1 dyn_points=0 raw_dyn_points=0 service=0/0 split=11->0 (11 outputs) fusion_components=11 visual_only=1 lidar_only=10 yolo_in=2 yolo_match3d=2 yolo_match_det=2 yolo_human=2 fixed_size=0 size_reject=2
[lvdot_detector_main-8] [INFO] [1777342085.685288141] [lvdot_detector_node]: Input health: depth=57 color=56 lidar=1 pose=60 odom=60 yolo=55 depth_pose_sync=0 lidar_pose_sync=0 depth_odom_sync=0 lidar_odom_sync=0
[lvdot_detector_main-8] [INFO] [1777342085.685364155] [lvdot_detector_node]: Stage timers: detection=66 lidar_detection=66 tracking=66 classification=66 vis=0
[lvdot_detector_main-8] [INFO] [1777342085.685377634] [lvdot_detector_node]: Processing phases: detection=idle lidar_detection=waiting_new_lidar tracking=idle classification=idle
[lvdot_detector_main-8] [INFO] [1777342085.685387941] [lvdot_detector_node]: Pipeline stats: depth_samples=1475/71300 u_map=2 depth_boxes=0 u_map_merge=0 u_map_db=0 u_map_visual=0 u_map_fused=0 u_map_filtered=0 lidar_samples=3268/121639 uv=1 db=10 lidar=10 fused=11 filtered=11 tracks=12 dynamic=2 dyn_points=0 raw_dyn_points=0 service=0/0 split=11->0 (11 outputs) fusion_components=11 visual_only=1 lidar_only=10 yolo_in=4 yolo_match3d=1 yolo_match_det=1 yolo_human=1 fixed_size=0 size_reject=0
[lvdot_detector_main-8] [INFO] [1777342091.020099723] [lvdot_detector_node]: Input health: depth=59 color=58 lidar=1 pose=62 odom=62 yolo=57 depth_pose_sync=0 lidar_pose_sync=0 depth_odom_sync=0 lidar_odom_sync=0
[lvdot_detector_main-8] [INFO] [1777342091.020691832] [lvdot_detector_node]: Stage timers: detection=68 lidar_detection=68 tracking=68 classification=68 vis=0
[lvdot_detector_main-8] [INFO] [1777342091.021147674] [lvdot_detector_node]: Processing phases: detection=idle lidar_detection=waiting_new_lidar tracking=idle classification=idle
[lvdot_detector_main-8] [INFO] [1777342091.021174542] [lvdot_detector_node]: Pipeline stats: depth_samples=1442/71300 u_map=4 depth_boxes=0 u_map_merge=0 u_map_db=0 u_map_visual=0 u_map_fused=0 u_map_filtered=0 lidar_samples=3268/121639 uv=2 db=11 lidar=10 fused=11 filtered=11 tracks=10 dynamic=1 dyn_points=0 raw_dyn_points=0 service=0/0 split=11->1 (11 outputs) fusion_components=11 visual_only=1 lidar_only=9 yolo_in=4 yolo_match3d=1 yolo_match_det=2 yolo_human=0 fixed_size=9 size_reject=0
[uav_trajectory_controller-4] [WARN] [1777342100.824857864] [uav_trajectory_controller]: SetEntityPose request timed out after 0.62s on /world/pedestrian_prototype/set_pose; dropping the pending request and retrying.
[uav_trajectory_controller-4] [WARN] [1777342104.706019564] [uav_trajectory_controller]: SetEntityPose request timed out after 0.51s on /world/pedestrian_prototype/set_pose; dropping the pending request and retrying.
[lvdot_detector_main-8] [INFO] [1777342110.707067814] [lvdot_detector_node]: Input health: depth=61 color=60 lidar=2 pose=64 odom=64 yolo=59 depth_pose_sync=0 lidar_pose_sync=0 depth_odom_sync=0 lidar_odom_sync=0
[lvdot_detector_main-8] [INFO] [1777342110.707171971] [lvdot_detector_node]: Stage timers: detection=70 lidar_detection=70 tracking=70 classification=70 vis=0
[lvdot_detector_main-8] [INFO] [1777342110.707192584] [lvdot_detector_node]: Processing phases: detection=idle lidar_detection=waiting_new_lidar tracking=idle classification=idle
[lvdot_detector_main-8] [INFO] [1777342110.707204773] [lvdot_detector_node]: Pipeline stats: depth_samples=1434/71300 u_map=1 depth_boxes=0 u_map_merge=0 u_map_db=0 u_map_visual=0 u_map_fused=0 u_map_filtered=0 lidar_samples=3254/120335 uv=1 db=14 lidar=22 fused=23 filtered=23 tracks=22 dynamic=1 dyn_points=0 raw_dyn_points=0 service=0/0 split=23->0 (23 outputs) fusion_components=23 visual_only=1 lidar_only=22 yolo_in=0 yolo_match3d=0 yolo_match_det=0 yolo_human=0 fixed_size=0 size_reject=0
[lvdot_detector_main-8] [INFO] [1777342116.926484748] [lvdot_detector_node]: Input health: depth=63 color=62 lidar=2 pose=66 odom=66 yolo=61 depth_pose_sync=0 lidar_pose_sync=0 depth_odom_sync=0 lidar_odom_sync=0
[lvdot_detector_main-8] [INFO] [1777342116.926574049] [lvdot_detector_node]: Stage timers: detection=72 lidar_detection=72 tracking=72 classification=72 vis=0
[lvdot_detector_main-8] [INFO] [1777342116.926592782] [lvdot_detector_node]: Processing phases: detection=idle lidar_detection=waiting_new_lidar tracking=idle classification=idle
[lvdot_detector_main-8] [INFO] [1777342116.926604477] [lvdot_detector_node]: Pipeline stats: depth_samples=1321/71300 u_map=2 depth_boxes=0 u_map_merge=0 u_map_db=0 u_map_visual=0 u_map_fused=0 u_map_filtered=0 lidar_samples=3254/120335 uv=0 db=10 lidar=22 fused=22 filtered=22 tracks=22 dynamic=1 dyn_points=0 raw_dyn_points=0 service=0/0 split=22->0 (22 outputs) fusion_components=22 visual_only=0 lidar_only=22 yolo_in=3 yolo_match3d=0 yolo_match_det=0 yolo_human=0 fixed_size=0 size_reject=0
[lvdot_detector_main-8] [INFO] [1777342120.761924613] [lvdot_detector_node]: get_dynamic_obstacles responded with 1 obstacles from 1 tracked dynamic boxes.
[lvdot_detector_main-8] [INFO] [1777342124.250699965] [lvdot_detector_node]: Input health: depth=65 color=64 lidar=2 pose=68 odom=68 yolo=63 depth_pose_sync=0 lidar_pose_sync=0 depth_odom_sync=0 lidar_odom_sync=0
[lvdot_detector_main-8] [INFO] [1777342124.250779363] [lvdot_detector_node]: Stage timers: detection=74 lidar_detection=74 tracking=74 classification=74 vis=0
[lvdot_detector_main-8] [INFO] [1777342124.250790493] [lvdot_detector_node]: Processing phases: detection=idle lidar_detection=waiting_new_lidar tracking=idle classification=idle
[lvdot_detector_main-8] [INFO] [1777342124.250799834] [lvdot_detector_node]: Pipeline stats: depth_samples=1410/71300 u_map=1 depth_boxes=0 u_map_merge=0 u_map_db=0 u_map_visual=0 u_map_fused=0 u_map_filtered=0 lidar_samples=3254/120335 uv=1 db=10 lidar=22 fused=23 filtered=23 tracks=25 dynamic=1 dyn_points=0 raw_dyn_points=0 service=1/1 split=23->0 (23 outputs) fusion_components=23 visual_only=1 lidar_only=22 yolo_in=3 yolo_match3d=1 yolo_match_det=1 yolo_human=1 fixed_size=0 size_reject=0
[uav_trajectory_controller-4] [WARN] [1777342130.457062315] [uav_trajectory_controller]: SetEntityPose request timed out after 0.51s on /world/pedestrian_prototype/set_pose; dropping the pending request and retrying.
[uav_trajectory_controller-4] [WARN] [1777342134.832424193] [uav_trajectory_controller]: SetEntityPose request timed out after 0.61s on /world/pedestrian_prototype/set_pose; dropping the pending request and retrying.
[uav_trajectory_controller-4] [WARN] [1777342140.213205014] [uav_trajectory_controller]: SetEntityPose request timed out after 0.51s on /world/pedestrian_prototype/set_pose; dropping the pending request and retrying.
[lvdot_detector_main-8] [INFO] [1777342142.969299242] [lvdot_detector_node]: Input health: depth=67 color=66 lidar=3 pose=70 odom=70 yolo=65 depth_pose_sync=0 lidar_pose_sync=0 depth_odom_sync=0 lidar_odom_sync=0
[lvdot_detector_main-8] [INFO] [1777342142.969374321] [lvdot_detector_node]: Stage timers: detection=76 lidar_detection=76 tracking=76 classification=76 vis=0
[lvdot_detector_main-8] [INFO] [1777342142.969388645] [lvdot_detector_node]: Processing phases: detection=idle lidar_detection=idle tracking=idle classification=idle
[lvdot_detector_main-8] [INFO] [1777342142.969399511] [lvdot_detector_node]: Pipeline stats: depth_samples=1501/71300 u_map=3 depth_boxes=0 u_map_merge=0 u_map_db=0 u_map_visual=0 u_map_fused=0 u_map_filtered=0 lidar_samples=3429/132672 uv=2 db=18 lidar=70 fused=72 filtered=72 tracks=23 dynamic=1 dyn_points=0 raw_dyn_points=0 service=1/1 split=72->1 (72 outputs) fusion_components=72 visual_only=2 lidar_only=70 yolo_in=2 yolo_match3d=1 yolo_match_det=2 yolo_human=1 fixed_size=0 size_reject=0
[lvdot_detector_main-8] [INFO] [1777342145.875568165] [lvdot_detector_node]: get_dynamic_obstacles responded with 1 obstacles from 1 tracked dynamic boxes.
[lvdot_detector_main-8] [WARN] [1777342145.993754214] [lvdot_detector_node.rclcpp]: failed to send response to /onboard_detector/get_dynamic_obstacles (timeout): client will not receive response, at ./src/rmw_response.cpp:153, at ./src/rcl/service.c:400
[lvdot_detector_main-8] [INFO] [1777342149.057115431] [lvdot_detector_node]: Input health: depth=69 color=68 lidar=3 pose=72 odom=72 yolo=67 depth_pose_sync=0 lidar_pose_sync=0 depth_odom_sync=0 lidar_odom_sync=0
[lvdot_detector_main-8] [INFO] [1777342149.057193342] [lvdot_detector_node]: Stage timers: detection=78 lidar_detection=78 tracking=78 classification=78 vis=0
[lvdot_detector_main-8] [INFO] [1777342149.057207925] [lvdot_detector_node]: Processing phases: detection=idle lidar_detection=waiting_new_lidar tracking=idle classification=idle
[lvdot_detector_main-8] [INFO] [1777342149.057218398] [lvdot_detector_node]: Pipeline stats: depth_samples=1477/71300 u_map=3 depth_boxes=0 u_map_merge=0 u_map_db=0 u_map_visual=0 u_map_fused=0 u_map_filtered=0 lidar_samples=3429/132672 uv=1 db=13 lidar=70 fused=71 filtered=71 tracks=70 dynamic=1 dyn_points=0 raw_dyn_points=0 service=2/1 split=71->0 (71 outputs) fusion_components=71 visual_only=1 lidar_only=70 yolo_in=1 yolo_match3d=0 yolo_match_det=0 yolo_human=0 fixed_size=0 size_reject=1
[lvdot_detector_main-8] [INFO] [1777342156.771018290] [lvdot_detector_node]: Input health: depth=71 color=70 lidar=3 pose=74 odom=74 yolo=69 depth_pose_sync=0 lidar_pose_sync=0 depth_odom_sync=0 lidar_odom_sync=0
[lvdot_detector_main-8] [INFO] [1777342156.771096512] [lvdot_detector_node]: Stage timers: detection=80 lidar_detection=80 tracking=80 classification=80 vis=0
[lvdot_detector_main-8] [INFO] [1777342156.771110176] [lvdot_detector_node]: Processing phases: detection=idle lidar_detection=waiting_new_lidar tracking=idle classification=idle
[lvdot_detector_main-8] [INFO] [1777342156.771120374] [lvdot_detector_node]: Pipeline stats: depth_samples=1478/71300 u_map=2 depth_boxes=0 u_map_merge=0 u_map_db=0 u_map_visual=0 u_map_fused=0 u_map_filtered=0 lidar_samples=3429/132672 uv=1 db=10 lidar=70 fused=71 filtered=71 tracks=71 dynamic=1 dyn_points=0 raw_dyn_points=0 service=2/1 split=71->0 (71 outputs) fusion_components=71 visual_only=1 lidar_only=70 yolo_in=3 yolo_match3d=3 yolo_match_det=3 yolo_human=3 fixed_size=0 size_reject=0
[lvdot_detector_main-8] [INFO] [1777342161.203494384] [lvdot_detector_node]: get_dynamic_obstacles responded with 1 obstacles from 1 tracked dynamic boxes.
[lvdot_detector_main-8] [INFO] [1777342164.300150920] [lvdot_detector_node]: Input health: depth=73 color=72 lidar=3 pose=76 odom=76 yolo=71 depth_pose_sync=0 lidar_pose_sync=0 depth_odom_sync=0 lidar_odom_sync=0
[lvdot_detector_main-8] [INFO] [1777342164.301209405] [lvdot_detector_node]: Stage timers: detection=82 lidar_detection=82 tracking=82 classification=82 vis=0
[lvdot_detector_main-8] [INFO] [1777342164.302532487] [lvdot_detector_node]: Processing phases: detection=idle lidar_detection=waiting_new_lidar tracking=idle classification=idle
[lvdot_detector_main-8] [INFO] [1777342164.302552726] [lvdot_detector_node]: Pipeline stats: depth_samples=1385/71300 u_map=1 depth_boxes=0 u_map_merge=0 u_map_db=0 u_map_visual=0 u_map_fused=0 u_map_filtered=0 lidar_samples=3429/132672 uv=0 db=11 lidar=70 fused=70 filtered=70 tracks=72 dynamic=1 dyn_points=0 raw_dyn_points=0 service=3/1 split=70->0 (70 outputs) fusion_components=70 visual_only=0 lidar_only=70 yolo_in=4 yolo_match3d=0 yolo_match_det=0 yolo_human=0 fixed_size=0 size_reject=3
[lvdot_detector_main-8] [INFO] [1777342171.068142801] [lvdot_detector_node]: Input health: depth=75 color=74 lidar=3 pose=78 odom=78 yolo=73 depth_pose_sync=0 lidar_pose_sync=0 depth_odom_sync=0 lidar_odom_sync=0
[lvdot_detector_main-8] [INFO] [1777342171.069434452] [lvdot_detector_node]: Stage timers: detection=84 lidar_detection=84 tracking=84 classification=84 vis=0
[lvdot_detector_main-8] [INFO] [1777342171.075302289] [lvdot_detector_node]: Processing phases: detection=idle lidar_detection=waiting_new_lidar tracking=idle classification=idle
[lvdot_detector_main-8] [INFO] [1777342171.075333251] [lvdot_detector_node]: Pipeline stats: depth_samples=1343/71300 u_map=1 depth_boxes=0 u_map_merge=0 u_map_db=0 u_map_visual=0 u_map_fused=0 u_map_filtered=0 lidar_samples=3429/132672 uv=0 db=11 lidar=70 fused=70 filtered=70 tracks=70 dynamic=1 dyn_points=0 raw_dyn_points=0 service=3/1 split=70->0 (70 outputs) fusion_components=70 visual_only=0 lidar_only=70 yolo_in=3 yolo_match3d=3 yolo_match_det=3 yolo_human=3 fixed_size=0 size_reject=0
[lvdot_detector_main-8] [INFO] [1777342178.325848096] [lvdot_detector_node]: Input health: depth=77 color=76 lidar=3 pose=80 odom=80 yolo=75 depth_pose_sync=0 lidar_pose_sync=0 depth_odom_sync=0 lidar_odom_sync=0
[lvdot_detector_main-8] [INFO] [1777342178.332730580] [lvdot_detector_node]: Stage timers: detection=86 lidar_detection=86 tracking=86 classification=86 vis=0
[lvdot_detector_main-8] [INFO] [1777342178.332752809] [lvdot_detector_node]: Processing phases: detection=idle lidar_detection=waiting_new_lidar tracking=idle classification=idle
[lvdot_detector_main-8] [INFO] [1777342178.332771634] [lvdot_detector_node]: Pipeline stats: depth_samples=1318/71300 u_map=2 depth_boxes=0 u_map_merge=0 u_map_db=0 u_map_visual=0 u_map_fused=0 u_map_filtered=0 lidar_samples=3429/132672 uv=2 db=9 lidar=70 fused=72 filtered=72 tracks=71 dynamic=1 dyn_points=0 raw_dyn_points=0 service=3/1 split=72->2 (72 outputs) fusion_components=72 visual_only=2 lidar_only=70 yolo_in=4 yolo_match3d=2 yolo_match_det=4 yolo_human=1 fixed_size=69 size_reject=2
[lvdot_detector_main-8] [INFO] [1777342178.334684458] [lvdot_detector_node]: get_dynamic_obstacles responded with 1 obstacles from 1 tracked dynamic boxes.
[lvdot_detector_main-8] [INFO] [1777342185.735525061] [lvdot_detector_node]: Input health: depth=79 color=78 lidar=3 pose=82 odom=82 yolo=77 depth_pose_sync=0 lidar_pose_sync=0 depth_odom_sync=0 lidar_odom_sync=0
[lvdot_detector_main-8] [INFO] [1777342185.754116024] [lvdot_detector_node]: Stage timers: detection=88 lidar_detection=88 tracking=88 classification=88 vis=0
[lvdot_detector_main-8] [INFO] [1777342185.754153622] [lvdot_detector_node]: Processing phases: detection=idle lidar_detection=waiting_new_lidar tracking=idle classification=idle
[lvdot_detector_main-8] [INFO] [1777342185.754164861] [lvdot_detector_node]: Pipeline stats: depth_samples=1400/71300 u_map=1 depth_boxes=0 u_map_merge=0 u_map_db=0 u_map_visual=0 u_map_fused=0 u_map_filtered=0 lidar_samples=3429/132672 uv=1 db=10 lidar=70 fused=71 filtered=71 tracks=73 dynamic=1 dyn_points=0 raw_dyn_points=0 service=4/1 split=71->0 (71 outputs) fusion_components=71 visual_only=1 lidar_only=70 yolo_in=1 yolo_match3d=0 yolo_match_det=0 yolo_human=0 fixed_size=70 size_reject=0
[lvdot_detector_main-8] [INFO] [1777342193.486405967] [lvdot_detector_node]: Input health: depth=81 color=80 lidar=3 pose=84 odom=84 yolo=79 depth_pose_sync=0 lidar_pose_sync=0 depth_odom_sync=0 lidar_odom_sync=0
[lvdot_detector_main-8] [INFO] [1777342193.486469735] [lvdot_detector_node]: Stage timers: detection=90 lidar_detection=90 tracking=90 classification=90 vis=0
[lvdot_detector_main-8] [INFO] [1777342193.486480644] [lvdot_detector_node]: Processing phases: detection=idle lidar_detection=waiting_new_lidar tracking=idle classification=idle
[lvdot_detector_main-8] [INFO] [1777342193.486489768] [lvdot_detector_node]: Pipeline stats: depth_samples=1115/71300 u_map=2 depth_boxes=0 u_map_merge=0 u_map_db=0 u_map_visual=0 u_map_fused=0 u_map_filtered=0 lidar_samples=3429/132672 uv=1 db=8 lidar=70 fused=71 filtered=71 tracks=70 dynamic=2 dyn_points=0 raw_dyn_points=0 service=4/1 split=71->0 (71 outputs) fusion_components=71 visual_only=1 lidar_only=70 yolo_in=4 yolo_match3d=0 yolo_match_det=0 yolo_human=0 fixed_size=70 size_reject=0
[uav_trajectory_controller-4] [WARN] [1777342193.697962788] [uav_trajectory_controller]: SetEntityPose request timed out after 0.59s on /world/pedestrian_prototype/set_pose; dropping the pending request and retrying.
[lvdot_detector_main-8] [INFO] [1777342197.853375510] [lvdot_detector_node]: get_dynamic_obstacles responded with 2 obstacles from 2 tracked dynamic boxes.
[lvdot_detector_main-8] [INFO] [1777342201.889240050] [lvdot_detector_node]: Input health: depth=83 color=82 lidar=3 pose=86 odom=86 yolo=81 depth_pose_sync=0 lidar_pose_sync=0 depth_odom_sync=0 lidar_odom_sync=0
[lvdot_detector_main-8] [INFO] [1777342201.889317750] [lvdot_detector_node]: Stage timers: detection=92 lidar_detection=92 tracking=92 classification=92 vis=0
[lvdot_detector_main-8] [INFO] [1777342201.889328923] [lvdot_detector_node]: Processing phases: detection=idle lidar_detection=waiting_new_lidar tracking=idle classification=idle
[lvdot_detector_main-8] [INFO] [1777342201.889338046] [lvdot_detector_node]: Pipeline stats: depth_samples=1444/71300 u_map=3 depth_boxes=0 u_map_merge=0 u_map_db=0 u_map_visual=0 u_map_fused=0 u_map_filtered=0 lidar_samples=3429/132672 uv=2 db=7 lidar=70 fused=72 filtered=72 tracks=71 dynamic=2 dyn_points=0 raw_dyn_points=0 service=5/2 split=72->0 (72 outputs) fusion_components=72 visual_only=2 lidar_only=70 yolo_in=2 yolo_match3d=1 yolo_match_det=1 yolo_human=1 fixed_size=70 size_reject=0
[uav_trajectory_controller-4] [WARN] [1777342205.460099999] [uav_trajectory_controller]: SetEntityPose request timed out after 0.51s on /world/pedestrian_prototype/set_pose; dropping the pending request and retrying.
[lvdot_detector_main-8] [INFO] [1777342208.566435071] [lvdot_detector_node]: Input health: depth=85 color=84 lidar=3 pose=88 odom=88 yolo=83 depth_pose_sync=0 lidar_pose_sync=0 depth_odom_sync=0 lidar_odom_sync=0
[lvdot_detector_main-8] [INFO] [1777342208.567975979] [lvdot_detector_node]: Stage timers: detection=94 lidar_detection=94 tracking=94 classification=94 vis=0
[lvdot_detector_main-8] [INFO] [1777342208.568001178] [lvdot_detector_node]: Processing phases: detection=idle lidar_detection=waiting_new_lidar tracking=idle classification=idle
[lvdot_detector_main-8] [INFO] [1777342208.568017642] [lvdot_detector_node]: Pipeline stats: depth_samples=1348/71300 u_map=1 depth_boxes=0 u_map_merge=0 u_map_db=0 u_map_visual=0 u_map_fused=0 u_map_filtered=0 lidar_samples=3429/132672 uv=1 db=13 lidar=70 fused=70 filtered=70 tracks=72 dynamic=1 dyn_points=0 raw_dyn_points=0 service=5/2 split=70->0 (70 outputs) fusion_components=70 visual_only=0 lidar_only=69 yolo_in=0 yolo_match3d=0 yolo_match_det=0 yolo_human=0 fixed_size=70 size_reject=0
[uav_trajectory_controller-4] [WARN] [1777342214.969598263] [uav_trajectory_controller]: SetEntityPose request timed out after 0.52s on /world/pedestrian_prototype/set_pose; dropping the pending request and retrying.
[lvdot_detector_main-8] [INFO] [1777342216.325600700] [lvdot_detector_node]: Input health: depth=87 color=86 lidar=3 pose=90 odom=90 yolo=85 depth_pose_sync=0 lidar_pose_sync=0 depth_odom_sync=0 lidar_odom_sync=0
[lvdot_detector_main-8] [INFO] [1777342216.333064506] [lvdot_detector_node]: Stage timers: detection=96 lidar_detection=96 tracking=96 classification=96 vis=0
[lvdot_detector_main-8] [INFO] [1777342216.333099428] [lvdot_detector_node]: Processing phases: detection=idle lidar_detection=waiting_new_lidar tracking=idle classification=idle
[lvdot_detector_main-8] [INFO] [1777342216.333110272] [lvdot_detector_node]: Pipeline stats: depth_samples=1408/71300 u_map=2 depth_boxes=0 u_map_merge=0 u_map_db=0 u_map_visual=0 u_map_fused=0 u_map_filtered=0 lidar_samples=3429/132672 uv=2 db=14 lidar=70 fused=72 filtered=72 tracks=71 dynamic=1 dyn_points=0 raw_dyn_points=0 service=5/2 split=72->0 (72 outputs) fusion_components=72 visual_only=2 lidar_only=70 yolo_in=0 yolo_match3d=0 yolo_match_det=0 yolo_human=0 fixed_size=70 size_reject=0
[lvdot_detector_main-8] [INFO] [1777342216.334468341] [lvdot_detector_node]: get_dynamic_obstacles responded with 1 obstacles from 1 tracked dynamic boxes.
[lvdot_detector_main-8] [INFO] [1777342224.677416707] [lvdot_detector_node]: Input health: depth=89 color=88 lidar=3 pose=92 odom=92 yolo=87 depth_pose_sync=0 lidar_pose_sync=0 depth_odom_sync=0 lidar_odom_sync=0
[lvdot_detector_main-8] [INFO] [1777342224.677498325] [lvdot_detector_node]: Stage timers: detection=98 lidar_detection=98 tracking=98 classification=98 vis=0
[lvdot_detector_main-8] [INFO] [1777342224.677515680] [lvdot_detector_node]: Processing phases: detection=idle lidar_detection=waiting_new_lidar tracking=idle classification=idle
[lvdot_detector_main-8] [INFO] [1777342224.677528175] [lvdot_detector_node]: Pipeline stats: depth_samples=1524/71300 u_map=3 depth_boxes=0 u_map_merge=0 u_map_db=0 u_map_visual=0 u_map_fused=0 u_map_filtered=0 lidar_samples=3429/132672 uv=2 db=9 lidar=70 fused=72 filtered=72 tracks=70 dynamic=1 dyn_points=0 raw_dyn_points=0 service=6/1 split=72->1 (72 outputs) fusion_components=72 visual_only=2 lidar_only=70 yolo_in=4 yolo_match3d=1 yolo_match_det=3 yolo_human=1 fixed_size=70 size_reject=0
[lvdot_detector_main-8] [INFO] [1777342233.238370289] [lvdot_detector_node]: Input health: depth=91 color=90 lidar=3 pose=94 odom=94 yolo=89 depth_pose_sync=0 lidar_pose_sync=0 depth_odom_sync=0 lidar_odom_sync=0
[lvdot_detector_main-8] [INFO] [1777342233.238460817] [lvdot_detector_node]: Stage timers: detection=100 lidar_detection=100 tracking=100 classification=100 vis=0
[lvdot_detector_main-8] [INFO] [1777342233.238480706] [lvdot_detector_node]: Processing phases: detection=idle lidar_detection=waiting_new_lidar tracking=idle classification=idle
[lvdot_detector_main-8] [INFO] [1777342233.238495162] [lvdot_detector_node]: Pipeline stats: depth_samples=1218/71300 u_map=2 depth_boxes=0 u_map_merge=0 u_map_db=0 u_map_visual=0 u_map_fused=0 u_map_filtered=0 lidar_samples=3429/132672 uv=0 db=10 lidar=70 fused=70 filtered=70 tracks=70 dynamic=1 dyn_points=0 raw_dyn_points=0 service=6/1 split=70->0 (70 outputs) fusion_components=70 visual_only=0 lidar_only=70 yolo_in=0 yolo_match3d=0 yolo_match_det=0 yolo_human=0 fixed_size=70 size_reject=0
[lvdot_detector_main-8] [INFO] [1777342233.246620259] [lvdot_detector_node]: get_dynamic_obstacles responded with 1 obstacles from 1 tracked dynamic boxes.
[uav_trajectory_controller-4] [WARN] [1777342237.197782181] [uav_trajectory_controller]: SetEntityPose request timed out after 0.61s on /world/pedestrian_prototype/set_pose; dropping the pending request and retrying.
[uav_trajectory_controller-4] [WARN] [1777342243.077508269] [uav_trajectory_controller]: SetEntityPose request timed out after 0.50s on /world/pedestrian_prototype/set_pose; dropping the pending request and retrying.
[lvdot_detector_main-8] [INFO] [1777342243.451235614] [lvdot_detector_node]: Input health: depth=93 color=92 lidar=3 pose=96 odom=96 yolo=91 depth_pose_sync=0 lidar_pose_sync=0 depth_odom_sync=0 lidar_odom_sync=0
[lvdot_detector_main-8] [INFO] [1777342243.452633155] [lvdot_detector_node]: Stage timers: detection=102 lidar_detection=102 tracking=102 classification=102 vis=0
[lvdot_detector_main-8] [INFO] [1777342243.452659439] [lvdot_detector_node]: Processing phases: detection=idle lidar_detection=waiting_new_lidar tracking=idle classification=idle
[lvdot_detector_main-8] [INFO] [1777342243.452671032] [lvdot_detector_node]: Pipeline stats: depth_samples=1388/71300 u_map=2 depth_boxes=0 u_map_merge=0 u_map_db=0 u_map_visual=0 u_map_fused=0 u_map_filtered=0 lidar_samples=3429/132672 uv=1 db=15 lidar=70 fused=70 filtered=70 tracks=71 dynamic=1 dyn_points=0 raw_dyn_points=0 service=7/1 split=70->2 (70 outputs) fusion_components=70 visual_only=0 lidar_only=69 yolo_in=5 yolo_match3d=3 yolo_match_det=5 yolo_human=3 fixed_size=70 size_reject=0
[lvdot_detector_main-8] [INFO] [1777342251.490650812] [lvdot_detector_node]: Input health: depth=95 color=94 lidar=3 pose=98 odom=98 yolo=93 depth_pose_sync=0 lidar_pose_sync=0 depth_odom_sync=0 lidar_odom_sync=0
[lvdot_detector_main-8] [INFO] [1777342251.490726293] [lvdot_detector_node]: Stage timers: detection=104 lidar_detection=104 tracking=104 classification=104 vis=0
[lvdot_detector_main-8] [INFO] [1777342251.490737218] [lvdot_detector_node]: Processing phases: detection=idle lidar_detection=waiting_new_lidar tracking=idle classification=idle
[lvdot_detector_main-8] [INFO] [1777342251.490745958] [lvdot_detector_node]: Pipeline stats: depth_samples=1376/71300 u_map=3 depth_boxes=0 u_map_merge=0 u_map_db=0 u_map_visual=0 u_map_fused=0 u_map_filtered=0 lidar_samples=3429/132672 uv=1 db=13 lidar=70 fused=71 filtered=71 tracks=71 dynamic=1 dyn_points=0 raw_dyn_points=0 service=7/1 split=71->0 (71 outputs) fusion_components=71 visual_only=1 lidar_only=70 yolo_in=3 yolo_match3d=0 yolo_match_det=0 yolo_human=0 fixed_size=68 size_reject=2
[lvdot_detector_main-8] [INFO] [1777342251.492651366] [lvdot_detector_node]: get_dynamic_obstacles responded with 1 obstacles from 1 tracked dynamic boxes.
[uav_trajectory_controller-4] [WARN] [1777342254.208654683] [uav_trajectory_controller]: SetEntityPose request timed out after 0.63s on /world/pedestrian_prototype/set_pose; dropping the pending request and retrying.
[uav_trajectory_controller-4] [WARN] [1777342257.072984564] [uav_trajectory_controller]: SetEntityPose request timed out after 0.62s on /world/pedestrian_prototype/set_pose; dropping the pending request and retrying.
[lvdot_detector_main-8] [INFO] [1777342259.976706272] [lvdot_detector_node]: Input health: depth=97 color=96 lidar=3 pose=100 odom=100 yolo=95 depth_pose_sync=0 lidar_pose_sync=0 depth_odom_sync=0 lidar_odom_sync=0
[lvdot_detector_main-8] [INFO] [1777342259.977803944] [lvdot_detector_node]: Stage timers: detection=106 lidar_detection=106 tracking=106 classification=106 vis=0
[lvdot_detector_main-8] [INFO] [1777342259.977824661] [lvdot_detector_node]: Processing phases: detection=idle lidar_detection=waiting_new_lidar tracking=idle classification=idle
[lvdot_detector_main-8] [INFO] [1777342259.977857073] [lvdot_detector_node]: Pipeline stats: depth_samples=1471/71300 u_map=2 depth_boxes=0 u_map_merge=0 u_map_db=0 u_map_visual=0 u_map_fused=0 u_map_filtered=0 lidar_samples=3429/132672 uv=1 db=11 lidar=70 fused=71 filtered=71 tracks=71 dynamic=1 dyn_points=0 raw_dyn_points=0 service=8/1 split=71->0 (71 outputs) fusion_components=71 visual_only=1 lidar_only=70 yolo_in=3 yolo_match3d=0 yolo_match_det=0 yolo_human=0 fixed_size=68 size_reject=0
[uav_trajectory_controller-4] [WARN] [1777342264.201790764] [uav_trajectory_controller]: SetEntityPose request timed out after 0.62s on /world/pedestrian_prototype/set_pose; dropping the pending request and retrying.
[lvdot_detector_main-8] [INFO] [1777342267.863745951] [lvdot_detector_node]: Input health: depth=99 color=98 lidar=3 pose=102 odom=102 yolo=97 depth_pose_sync=0 lidar_pose_sync=0 depth_odom_sync=0 lidar_odom_sync=0
[lvdot_detector_main-8] [INFO] [1777342267.863839571] [lvdot_detector_node]: Stage timers: detection=108 lidar_detection=108 tracking=108 classification=108 vis=0
[lvdot_detector_main-8] [INFO] [1777342267.863854835] [lvdot_detector_node]: Processing phases: detection=idle lidar_detection=waiting_new_lidar tracking=idle classification=idle
[lvdot_detector_main-8] [INFO] [1777342267.863866537] [lvdot_detector_node]: Pipeline stats: depth_samples=1383/71300 u_map=1 depth_boxes=0 u_map_merge=0 u_map_db=0 u_map_visual=0 u_map_fused=0 u_map_filtered=0 lidar_samples=3429/132672 uv=1 db=10 lidar=70 fused=71 filtered=71 tracks=71 dynamic=1 dyn_points=0 raw_dyn_points=0 service=8/1 split=71->0 (71 outputs) fusion_components=71 visual_only=1 lidar_only=70 yolo_in=2 yolo_match3d=0 yolo_match_det=0 yolo_human=0 fixed_size=68 size_reject=0
[lvdot_detector_main-8] [INFO] [1777342267.864942752] [lvdot_detector_node]: get_dynamic_obstacles responded with 1 obstacles from 1 tracked dynamic boxes.
[lvdot_detector_main-8] [INFO] [1777342277.126171928] [lvdot_detector_node]: Input health: depth=101 color=100 lidar=3 pose=104 odom=104 yolo=99 depth_pose_sync=0 lidar_pose_sync=0 depth_odom_sync=0 lidar_odom_sync=0
[lvdot_detector_main-8] [INFO] [1777342277.126260094] [lvdot_detector_node]: Stage timers: detection=110 lidar_detection=110 tracking=110 classification=110 vis=0
[lvdot_detector_main-8] [INFO] [1777342277.126280141] [lvdot_detector_node]: Processing phases: detection=idle lidar_detection=waiting_new_lidar tracking=idle classification=idle
[lvdot_detector_main-8] [INFO] [1777342277.126293506] [lvdot_detector_node]: Pipeline stats: depth_samples=1404/71300 u_map=2 depth_boxes=0 u_map_merge=0 u_map_db=0 u_map_visual=0 u_map_fused=0 u_map_filtered=0 lidar_samples=3429/132672 uv=1 db=12 lidar=70 fused=71 filtered=71 tracks=70 dynamic=1 dyn_points=0 raw_dyn_points=0 service=9/1 split=71->0 (71 outputs) fusion_components=71 visual_only=1 lidar_only=70 yolo_in=1 yolo_match3d=0 yolo_match_det=0 yolo_human=0 fixed_size=68 size_reject=0
[uav_trajectory_controller-4] [WARN] [1777342277.575875859] [uav_trajectory_controller]: SetEntityPose request timed out after 0.62s on /world/pedestrian_prototype/set_pose; dropping the pending request and retrying.
[lvdot_detector_main-8] [INFO] [1777342285.266378963] [lvdot_detector_node]: Input health: depth=103 color=102 lidar=3 pose=106 odom=106 yolo=101 depth_pose_sync=0 lidar_pose_sync=0 depth_odom_sync=0 lidar_odom_sync=0
[lvdot_detector_main-8] [INFO] [1777342285.267568837] [lvdot_detector_node]: Stage timers: detection=112 lidar_detection=112 tracking=112 classification=112 vis=0
[lvdot_detector_main-8] [INFO] [1777342285.267866579] [lvdot_detector_node]: Processing phases: detection=idle lidar_detection=waiting_new_lidar tracking=idle classification=idle
[lvdot_detector_main-8] [INFO] [1777342285.267878786] [lvdot_detector_node]: Pipeline stats: depth_samples=1383/71300 u_map=1 depth_boxes=0 u_map_merge=0 u_map_db=0 u_map_visual=0 u_map_fused=0 u_map_filtered=0 lidar_samples=3429/132672 uv=1 db=10 lidar=70 fused=71 filtered=71 tracks=71 dynamic=1 dyn_points=0 raw_dyn_points=0 service=9/1 split=71->0 (71 outputs) fusion_components=71 visual_only=1 lidar_only=70 yolo_in=1 yolo_match3d=0 yolo_match_det=0 yolo_human=0 fixed_size=68 size_reject=0
[lvdot_detector_main-8] [INFO] [1777342285.270156210] [lvdot_detector_node]: get_dynamic_obstacles responded with 1 obstacles from 1 tracked dynamic boxes.
[lvdot_detector_main-8] [INFO] [1777342294.296634962] [lvdot_detector_node]: Input health: depth=105 color=104 lidar=3 pose=108 odom=108 yolo=103 depth_pose_sync=0 lidar_pose_sync=0 depth_odom_sync=0 lidar_odom_sync=0
[lvdot_detector_main-8] [INFO] [1777342294.296705907] [lvdot_detector_node]: Stage timers: detection=114 lidar_detection=114 tracking=114 classification=114 vis=0
[lvdot_detector_main-8] [INFO] [1777342294.296718392] [lvdot_detector_node]: Processing phases: detection=idle lidar_detection=waiting_new_lidar tracking=idle classification=idle
[lvdot_detector_main-8] [INFO] [1777342294.296728597] [lvdot_detector_node]: Pipeline stats: depth_samples=1332/71300 u_map=1 depth_boxes=0 u_map_merge=0 u_map_db=0 u_map_visual=0 u_map_fused=0 u_map_filtered=0 lidar_samples=3429/132672 uv=0 db=11 lidar=70 fused=70 filtered=70 tracks=72 dynamic=1 dyn_points=0 raw_dyn_points=0 service=10/1 split=70->0 (70 outputs) fusion_components=70 visual_only=0 lidar_only=70 yolo_in=1 yolo_match3d=1 yolo_match_det=1 yolo_human=1 fixed_size=70 size_reject=0
[uav_trajectory_controller-4] [WARN] [1777342295.334127816] [uav_trajectory_controller]: SetEntityPose request timed out after 0.50s on /world/pedestrian_prototype/set_pose; dropping the pending request and retrying.
[lvdot_detector_main-8] [INFO] [1777342302.426816904] [lvdot_detector_node]: Input health: depth=107 color=106 lidar=3 pose=110 odom=110 yolo=105 depth_pose_sync=0 lidar_pose_sync=0 depth_odom_sync=0 lidar_odom_sync=0
[lvdot_detector_main-8] [INFO] [1777342302.426888523] [lvdot_detector_node]: Stage timers: detection=116 lidar_detection=116 tracking=116 classification=116 vis=0
[lvdot_detector_main-8] [INFO] [1777342302.426899820] [lvdot_detector_node]: Processing phases: detection=idle lidar_detection=waiting_new_lidar tracking=idle classification=idle
[lvdot_detector_main-8] [INFO] [1777342302.426909100] [lvdot_detector_node]: Pipeline stats: depth_samples=1348/71300 u_map=1 depth_boxes=0 u_map_merge=0 u_map_db=0 u_map_visual=0 u_map_fused=0 u_map_filtered=0 lidar_samples=3429/132672 uv=1 db=13 lidar=70 fused=70 filtered=70 tracks=70 dynamic=1 dyn_points=0 raw_dyn_points=0 service=10/1 split=70->0 (70 outputs) fusion_components=70 visual_only=0 lidar_only=69 yolo_in=2 yolo_match3d=2 yolo_match_det=2 yolo_human=2 fixed_size=70 size_reject=1
[lvdot_detector_main-8] [INFO] [1777342302.427741493] [lvdot_detector_node]: get_dynamic_obstacles responded with 1 obstacles from 1 tracked dynamic boxes.
[lvdot_detector_main-8] [INFO] [1777342310.128067861] [lvdot_detector_node]: Input health: depth=109 color=108 lidar=3 pose=112 odom=112 yolo=107 depth_pose_sync=0 lidar_pose_sync=0 depth_odom_sync=0 lidar_odom_sync=0
[lvdot_detector_main-8] [INFO] [1777342310.130190088] [lvdot_detector_node]: Stage timers: detection=118 lidar_detection=118 tracking=118 classification=118 vis=0
[lvdot_detector_main-8] [INFO] [1777342310.130218688] [lvdot_detector_node]: Processing phases: detection=idle lidar_detection=waiting_new_lidar tracking=idle classification=idle
[lvdot_detector_main-8] [INFO] [1777342310.130228354] [lvdot_detector_node]: Pipeline stats: depth_samples=1423/71300 u_map=3 depth_boxes=0 u_map_merge=0 u_map_db=0 u_map_visual=0 u_map_fused=0 u_map_filtered=0 lidar_samples=3429/132672 uv=1 db=14 lidar=70 fused=71 filtered=71 tracks=70 dynamic=1 dyn_points=0 raw_dyn_points=0 service=11/1 split=71->1 (71 outputs) fusion_components=71 visual_only=1 lidar_only=70 yolo_in=4 yolo_match3d=1 yolo_match_det=4 yolo_human=0 fixed_size=70 size_reject=1
[uav_trajectory_controller-4] [WARN] [1777342310.577930032] [uav_trajectory_controller]: SetEntityPose request timed out after 0.50s on /world/pedestrian_prototype/set_pose; dropping the pending request and retrying.
[uav_trajectory_controller-4] [WARN] [1777342313.340714289] [uav_trajectory_controller]: SetEntityPose request timed out after 0.64s on /world/pedestrian_prototype/set_pose; dropping the pending request and retrying.
[lvdot_detector_main-8] [INFO] [1777342319.183006517] [lvdot_detector_node]: Input health: depth=111 color=110 lidar=3 pose=114 odom=114 yolo=109 depth_pose_sync=0 lidar_pose_sync=0 depth_odom_sync=0 lidar_odom_sync=0
[lvdot_detector_main-8] [INFO] [1777342319.183072774] [lvdot_detector_node]: Stage timers: detection=120 lidar_detection=120 tracking=120 classification=120 vis=0
[lvdot_detector_main-8] [INFO] [1777342319.183083486] [lvdot_detector_node]: Processing phases: detection=idle lidar_detection=waiting_new_lidar tracking=idle classification=idle
[lvdot_detector_main-8] [INFO] [1777342319.183092810] [lvdot_detector_node]: Pipeline stats: depth_samples=1432/71300 u_map=2 depth_boxes=0 u_map_merge=0 u_map_db=0 u_map_visual=0 u_map_fused=0 u_map_filtered=0 lidar_samples=3429/132672 uv=2 db=13 lidar=70 fused=72 filtered=72 tracks=70 dynamic=1 dyn_points=0 raw_dyn_points=0 service=11/1 split=72->0 (72 outputs) fusion_components=72 visual_only=2 lidar_only=70 yolo_in=1 yolo_match3d=1 yolo_match_det=1 yolo_human=1 fixed_size=70 size_reject=0
[lvdot_detector_main-8] [INFO] [1777342319.184321041] [lvdot_detector_node]: get_dynamic_obstacles responded with 1 obstacles from 1 tracked dynamic boxes.
[lvdot_detector_main-8] [INFO] [1777342328.128352013] [lvdot_detector_node]: Input health: depth=113 color=112 lidar=3 pose=116 odom=116 yolo=111 depth_pose_sync=0 lidar_pose_sync=0 depth_odom_sync=0 lidar_odom_sync=0
[lvdot_detector_main-8] [INFO] [1777342328.128430274] [lvdot_detector_node]: Stage timers: detection=122 lidar_detection=122 tracking=122 classification=122 vis=0
[lvdot_detector_main-8] [INFO] [1777342328.128441963] [lvdot_detector_node]: Processing phases: detection=idle lidar_detection=waiting_new_lidar tracking=idle classification=idle
[lvdot_detector_main-8] [INFO] [1777342328.128451275] [lvdot_detector_node]: Pipeline stats: depth_samples=1460/71300 u_map=2 depth_boxes=0 u_map_merge=0 u_map_db=0 u_map_visual=0 u_map_fused=0 u_map_filtered=0 lidar_samples=3429/132672 uv=1 db=10 lidar=70 fused=71 filtered=71 tracks=71 dynamic=1 dyn_points=0 raw_dyn_points=0 service=12/1 split=71->0 (71 outputs) fusion_components=71 visual_only=1 lidar_only=70 yolo_in=3 yolo_match3d=0 yolo_match_det=0 yolo_human=0 fixed_size=70 size_reject=1
[lvdot_detector_main-8] [INFO] [1777342336.241988799] [lvdot_detector_node]: Input health: depth=115 color=114 lidar=3 pose=118 odom=118 yolo=113 depth_pose_sync=0 lidar_pose_sync=0 depth_odom_sync=0 lidar_odom_sync=0
[lvdot_detector_main-8] [INFO] [1777342336.242065422] [lvdot_detector_node]: Stage timers: detection=124 lidar_detection=124 tracking=124 classification=124 vis=0
[lvdot_detector_main-8] [INFO] [1777342336.242076698] [lvdot_detector_node]: Processing phases: detection=idle lidar_detection=waiting_new_lidar tracking=idle classification=idle
[lvdot_detector_main-8] [INFO] [1777342336.242085760] [lvdot_detector_node]: Pipeline stats: depth_samples=1410/71300 u_map=1 depth_boxes=0 u_map_merge=0 u_map_db=0 u_map_visual=0 u_map_fused=0 u_map_filtered=0 lidar_samples=3429/132672 uv=1 db=10 lidar=70 fused=71 filtered=71 tracks=70 dynamic=1 dyn_points=0 raw_dyn_points=0 service=12/1 split=71->0 (71 outputs) fusion_components=71 visual_only=1 lidar_only=70 yolo_in=2 yolo_match3d=1 yolo_match_det=1 yolo_human=1 fixed_size=70 size_reject=0
[lvdot_detector_main-8] [INFO] [1777342340.494269751] [lvdot_detector_node]: get_dynamic_obstacles responded with 1 obstacles from 1 tracked dynamic boxes.
[lvdot_detector_main-8] [INFO] [1777342344.466951295] [lvdot_detector_node]: Input health: depth=117 color=116 lidar=3 pose=120 odom=120 yolo=115 depth_pose_sync=0 lidar_pose_sync=0 depth_odom_sync=0 lidar_odom_sync=0
[lvdot_detector_main-8] [INFO] [1777342344.481446354] [lvdot_detector_node]: Stage timers: detection=126 lidar_detection=126 tracking=126 classification=126 vis=0
[lvdot_detector_main-8] [INFO] [1777342344.481473242] [lvdot_detector_node]: Processing phases: detection=idle lidar_detection=waiting_new_lidar tracking=idle classification=idle
[lvdot_detector_main-8] [INFO] [1777342344.481485491] [lvdot_detector_node]: Pipeline stats: depth_samples=1348/71300 u_map=1 depth_boxes=0 u_map_merge=0 u_map_db=0 u_map_visual=0 u_map_fused=0 u_map_filtered=0 lidar_samples=3429/132672 uv=1 db=13 lidar=70 fused=70 filtered=70 tracks=72 dynamic=1 dyn_points=0 raw_dyn_points=0 service=13/1 split=70->0 (70 outputs) fusion_components=70 visual_only=0 lidar_only=69 yolo_in=0 yolo_match3d=0 yolo_match_det=0 yolo_human=0 fixed_size=70 size_reject=1
[lvdot_detector_main-8] [INFO] [1777342354.565826139] [lvdot_detector_node]: Input health: depth=119 color=118 lidar=3 pose=122 odom=122 yolo=117 depth_pose_sync=0 lidar_pose_sync=0 depth_odom_sync=0 lidar_odom_sync=0
[lvdot_detector_main-8] [INFO] [1777342354.565923899] [lvdot_detector_node]: Stage timers: detection=128 lidar_detection=128 tracking=128 classification=128 vis=0
[lvdot_detector_main-8] [INFO] [1777342354.565935995] [lvdot_detector_node]: Processing phases: detection=idle lidar_detection=waiting_new_lidar tracking=idle classification=idle
[lvdot_detector_main-8] [INFO] [1777342354.565945414] [lvdot_detector_node]: Pipeline stats: depth_samples=1479/71300 u_map=3 depth_boxes=0 u_map_merge=0 u_map_db=0 u_map_visual=0 u_map_fused=0 u_map_filtered=0 lidar_samples=3429/132672 uv=1 db=14 lidar=70 fused=71 filtered=71 tracks=71 dynamic=1 dyn_points=0 raw_dyn_points=0 service=13/1 split=71->1 (71 outputs) fusion_components=71 visual_only=1 lidar_only=70 yolo_in=3 yolo_match3d=1 yolo_match_det=2 yolo_human=1 fixed_size=70 size_reject=0
[lvdot_detector_main-8] [INFO] [1777342371.628712704] [lvdot_detector_node]: Input health: depth=121 color=120 lidar=4 pose=124 odom=124 yolo=119 depth_pose_sync=0 lidar_pose_sync=0 depth_odom_sync=0 lidar_odom_sync=0
[lvdot_detector_main-8] [INFO] [1777342371.628791248] [lvdot_detector_node]: Stage timers: detection=130 lidar_detection=130 tracking=130 classification=130 vis=0
[lvdot_detector_main-8] [INFO] [1777342371.628803054] [lvdot_detector_node]: Processing phases: detection=idle lidar_detection=idle tracking=idle classification=idle
[lvdot_detector_main-8] [INFO] [1777342371.628812059] [lvdot_detector_node]: Pipeline stats: depth_samples=1049/71300 u_map=1 depth_boxes=0 u_map_merge=0 u_map_db=0 u_map_visual=0 u_map_fused=0 u_map_filtered=0 lidar_samples=3294/125376 uv=0 db=12 lidar=19 fused=19 filtered=19 tracks=71 dynamic=1 dyn_points=0 raw_dyn_points=0 service=13/1 split=19->0 (19 outputs) fusion_components=19 visual_only=0 lidar_only=19 yolo_in=2 yolo_match3d=2 yolo_match_det=2 yolo_human=2 fixed_size=70 size_reject=0
[lvdot_detector_main-8] [INFO] [1777342371.629778188] [lvdot_detector_node]: get_dynamic_obstacles responded with 1 obstacles from 1 tracked dynamic boxes.
[lvdot_detector_main-8] [WARN] [1777342371.764975181] [lvdot_detector_node.rclcpp]: failed to send response to /onboard_detector/get_dynamic_obstacles (timeout): client will not receive response, at ./src/rmw_response.cpp:153, at ./src/rcl/service.c:400
[lvdot_detector_main-8] [INFO] [1777342379.493550929] [lvdot_detector_node]: Input health: depth=123 color=122 lidar=4 pose=126 odom=126 yolo=121 depth_pose_sync=0 lidar_pose_sync=0 depth_odom_sync=0 lidar_odom_sync=0
[lvdot_detector_main-8] [INFO] [1777342379.495571416] [lvdot_detector_node]: Stage timers: detection=132 lidar_detection=132 tracking=132 classification=132 vis=0
[lvdot_detector_main-8] [INFO] [1777342379.495593768] [lvdot_detector_node]: Processing phases: detection=idle lidar_detection=waiting_new_lidar tracking=idle classification=idle
[lvdot_detector_main-8] [INFO] [1777342379.495604498] [lvdot_detector_node]: Pipeline stats: depth_samples=1424/71300 u_map=2 depth_boxes=0 u_map_merge=0 u_map_db=0 u_map_visual=0 u_map_fused=0 u_map_filtered=0 lidar_samples=3294/125376 uv=1 db=12 lidar=19 fused=20 filtered=20 tracks=20 dynamic=2 dyn_points=0 raw_dyn_points=0 service=14/1 split=20->0 (20 outputs) fusion_components=20 visual_only=1 lidar_only=19 yolo_in=4 yolo_match3d=1 yolo_match_det=1 yolo_human=1 fixed_size=10 size_reject=0
[lvdot_detector_main-8] [INFO] [1777342379.499476981] [lvdot_detector_node]: get_dynamic_obstacles responded with 2 obstacles from 2 tracked dynamic boxes.
[lvdot_detector_main-8] [INFO] [1777342385.996015986] [lvdot_detector_node]: Input health: depth=125 color=124 lidar=4 pose=128 odom=128 yolo=123 depth_pose_sync=0 lidar_pose_sync=0 depth_odom_sync=0 lidar_odom_sync=0
[lvdot_detector_main-8] [INFO] [1777342385.996089553] [lvdot_detector_node]: Stage timers: detection=134 lidar_detection=134 tracking=134 classification=134 vis=0
[lvdot_detector_main-8] [INFO] [1777342385.996103731] [lvdot_detector_node]: Processing phases: detection=idle lidar_detection=waiting_new_lidar tracking=idle classification=idle
[lvdot_detector_main-8] [INFO] [1777342385.996114439] [lvdot_detector_node]: Pipeline stats: depth_samples=1477/71300 u_map=2 depth_boxes=0 u_map_merge=0 u_map_db=0 u_map_visual=0 u_map_fused=0 u_map_filtered=0 lidar_samples=3294/125376 uv=0 db=15 lidar=19 fused=19 filtered=19 tracks=20 dynamic=1 dyn_points=0 raw_dyn_points=0 service=15/2 split=19->0 (19 outputs) fusion_components=19 visual_only=0 lidar_only=19 yolo_in=6 yolo_match3d=0 yolo_match_det=0 yolo_human=0 fixed_size=10 size_reject=0
[lvdot_detector_main-8] [INFO] [1777342392.221509780] [lvdot_detector_node]: Input health: depth=127 color=126 lidar=4 pose=130 odom=130 yolo=125 depth_pose_sync=0 lidar_pose_sync=0 depth_odom_sync=0 lidar_odom_sync=0
[lvdot_detector_main-8] [INFO] [1777342392.221646291] [lvdot_detector_node]: Stage timers: detection=136 lidar_detection=136 tracking=136 classification=136 vis=0
[lvdot_detector_main-8] [INFO] [1777342392.221666005] [lvdot_detector_node]: Processing phases: detection=idle lidar_detection=waiting_new_lidar tracking=idle classification=idle
[lvdot_detector_main-8] [INFO] [1777342392.221677497] [lvdot_detector_node]: Pipeline stats: depth_samples=1389/71300 u_map=0 depth_boxes=0 u_map_merge=0 u_map_db=0 u_map_visual=0 u_map_fused=0 u_map_filtered=0 lidar_samples=3294/125376 uv=0 db=10 lidar=19 fused=19 filtered=19 tracks=20 dynamic=1 dyn_points=0 raw_dyn_points=0 service=15/2 split=19->0 (19 outputs) fusion_components=19 visual_only=0 lidar_only=19 yolo_in=5 yolo_match3d=0 yolo_match_det=0 yolo_human=0 fixed_size=10 size_reject=0
[uav_trajectory_controller-4] [WARN] [1777342394.205181431] [uav_trajectory_controller]: SetEntityPose request timed out after 0.63s on /world/pedestrian_prototype/set_pose; dropping the pending request and retrying.
[lvdot_detector_main-8] [INFO] [1777342399.384462562] [lvdot_detector_node]: Input health: depth=129 color=128 lidar=4 pose=132 odom=132 yolo=127 depth_pose_sync=0 lidar_pose_sync=0 depth_odom_sync=0 lidar_odom_sync=0
[lvdot_detector_main-8] [INFO] [1777342399.385135831] [lvdot_detector_node]: Stage timers: detection=138 lidar_detection=138 tracking=138 classification=138 vis=0
[lvdot_detector_main-8] [INFO] [1777342399.385155294] [lvdot_detector_node]: Processing phases: detection=idle lidar_detection=waiting_new_lidar tracking=idle classification=idle
[lvdot_detector_main-8] [INFO] [1777342399.385166892] [lvdot_detector_node]: Pipeline stats: depth_samples=1322/71300 u_map=0 depth_boxes=0 u_map_merge=0 u_map_db=0 u_map_visual=0 u_map_fused=0 u_map_filtered=0 lidar_samples=3294/125376 uv=0 db=14 lidar=19 fused=19 filtered=19 tracks=19 dynamic=1 dyn_points=0 raw_dyn_points=0 service=15/2 split=19->0 (19 outputs) fusion_components=19 visual_only=0 lidar_only=19 yolo_in=2 yolo_match3d=1 yolo_match_det=1 yolo_human=1 fixed_size=10 size_reject=0
[lvdot_detector_main-8] [INFO] [1777342399.388665144] [lvdot_detector_node]: get_dynamic_obstacles responded with 1 obstacles from 1 tracked dynamic boxes.
[lvdot_detector_main-8] [INFO] [1777342406.236653296] [lvdot_detector_node]: Input health: depth=131 color=130 lidar=4 pose=134 odom=134 yolo=129 depth_pose_sync=0 lidar_pose_sync=0 depth_odom_sync=0 lidar_odom_sync=0
[lvdot_detector_main-8] [INFO] [1777342406.236720215] [lvdot_detector_node]: Stage timers: detection=140 lidar_detection=140 tracking=140 classification=140 vis=0
[lvdot_detector_main-8] [INFO] [1777342406.236731385] [lvdot_detector_node]: Processing phases: detection=idle lidar_detection=waiting_new_lidar tracking=idle classification=idle
[lvdot_detector_main-8] [INFO] [1777342406.236740760] [lvdot_detector_node]: Pipeline stats: depth_samples=1369/71300 u_map=0 depth_boxes=0 u_map_merge=0 u_map_db=0 u_map_visual=0 u_map_fused=0 u_map_filtered=0 lidar_samples=3294/125376 uv=0 db=10 lidar=19 fused=19 filtered=19 tracks=21 dynamic=1 dyn_points=0 raw_dyn_points=0 service=16/1 split=19->0 (19 outputs) fusion_components=19 visual_only=0 lidar_only=19 yolo_in=2 yolo_match3d=0 yolo_match_det=0 yolo_human=0 fixed_size=19 size_reject=0
[lvdot_detector_main-8] [INFO] [1777342414.381190829] [lvdot_detector_node]: Input health: depth=133 color=132 lidar=4 pose=136 odom=136 yolo=131 depth_pose_sync=0 lidar_pose_sync=0 depth_odom_sync=0 lidar_odom_sync=0
[lvdot_detector_main-8] [INFO] [1777342414.382240903] [lvdot_detector_node]: Stage timers: detection=142 lidar_detection=142 tracking=142 classification=142 vis=0
[lvdot_detector_main-8] [INFO] [1777342414.382254676] [lvdot_detector_node]: Processing phases: detection=idle lidar_detection=waiting_new_lidar tracking=idle classification=idle
[lvdot_detector_main-8] [INFO] [1777342414.382263892] [lvdot_detector_node]: Pipeline stats: depth_samples=1443/71300 u_map=1 depth_boxes=0 u_map_merge=0 u_map_db=0 u_map_visual=0 u_map_fused=0 u_map_filtered=0 lidar_samples=3294/125376 uv=1 db=10 lidar=19 fused=20 filtered=20 tracks=19 dynamic=1 dyn_points=0 raw_dyn_points=0 service=16/1 split=20->0 (20 outputs) fusion_components=20 visual_only=1 lidar_only=19 yolo_in=2 yolo_match3d=0 yolo_match_det=0 yolo_human=0 fixed_size=19 size_reject=0
[uav_trajectory_controller-4] [WARN] [1777342418.327689427] [uav_trajectory_controller]: SetEntityPose request timed out after 0.62s on /world/pedestrian_prototype/set_pose; dropping the pending request and retrying.
[lvdot_detector_main-8] [INFO] [1777342418.349796894] [lvdot_detector_node]: get_dynamic_obstacles responded with 1 obstacles from 1 tracked dynamic boxes.
[uav_trajectory_controller-4] [WARN] [1777342419.205487504] [uav_trajectory_controller]: SetEntityPose request timed out after 0.63s on /world/pedestrian_prototype/set_pose; dropping the pending request and retrying.
[uav_trajectory_controller-4] [WARN] [1777342421.207043383] [uav_trajectory_controller]: SetEntityPose request timed out after 0.50s on /world/pedestrian_prototype/set_pose; dropping the pending request and retrying.
[lvdot_detector_main-8] [INFO] [1777342421.449438690] [lvdot_detector_node]: Input health: depth=135 color=134 lidar=4 pose=138 odom=138 yolo=133 depth_pose_sync=0 lidar_pose_sync=0 depth_odom_sync=0 lidar_odom_sync=0
[lvdot_detector_main-8] [INFO] [1777342421.456842067] [lvdot_detector_node]: Stage timers: detection=144 lidar_detection=144 tracking=144 classification=144 vis=0
[lvdot_detector_main-8] [INFO] [1777342421.456864858] [lvdot_detector_node]: Processing phases: detection=idle lidar_detection=waiting_new_lidar tracking=idle classification=idle
[lvdot_detector_main-8] [INFO] [1777342421.456878136] [lvdot_detector_node]: Pipeline stats: depth_samples=1332/71300 u_map=1 depth_boxes=0 u_map_merge=0 u_map_db=0 u_map_visual=0 u_map_fused=0 u_map_filtered=0 lidar_samples=3294/125376 uv=0 db=11 lidar=19 fused=19 filtered=19 tracks=19 dynamic=1 dyn_points=0 raw_dyn_points=0 service=17/1 split=19->0 (19 outputs) fusion_components=19 visual_only=0 lidar_only=19 yolo_in=5 yolo_match3d=3 yolo_match_det=3 yolo_human=3 fixed_size=19 size_reject=0
[lvdot_detector_main-8] [INFO] [1777342428.799598885] [lvdot_detector_node]: Input health: depth=137 color=136 lidar=4 pose=140 odom=140 yolo=135 depth_pose_sync=0 lidar_pose_sync=0 depth_odom_sync=0 lidar_odom_sync=0
[lvdot_detector_main-8] [INFO] [1777342428.804104544] [lvdot_detector_node]: Stage timers: detection=146 lidar_detection=146 tracking=146 classification=146 vis=0
[lvdot_detector_main-8] [INFO] [1777342428.804147718] [lvdot_detector_node]: Processing phases: detection=idle lidar_detection=waiting_new_lidar tracking=idle classification=idle
[lvdot_detector_main-8] [INFO] [1777342428.804163844] [lvdot_detector_node]: Pipeline stats: depth_samples=1144/71300 u_map=1 depth_boxes=0 u_map_merge=0 u_map_db=0 u_map_visual=0 u_map_fused=0 u_map_filtered=0 lidar_samples=3294/125376 uv=1 db=12 lidar=19 fused=20 filtered=20 tracks=19 dynamic=3 dyn_points=0 raw_dyn_points=0 service=17/1 split=20->0 (20 outputs) fusion_components=20 visual_only=1 lidar_only=19 yolo_in=3 yolo_match3d=2 yolo_match_det=2 yolo_human=2 fixed_size=19 size_reject=0
[lvdot_detector_main-8] [INFO] [1777342437.336725844] [lvdot_detector_node]: Input health: depth=139 color=138 lidar=4 pose=142 odom=142 yolo=137 depth_pose_sync=0 lidar_pose_sync=0 depth_odom_sync=0 lidar_odom_sync=0
[lvdot_detector_main-8] [INFO] [1777342437.336796686] [lvdot_detector_node]: Stage timers: detection=148 lidar_detection=148 tracking=148 classification=148 vis=0
[lvdot_detector_main-8] [INFO] [1777342437.336808276] [lvdot_detector_node]: Processing phases: detection=idle lidar_detection=waiting_new_lidar tracking=idle classification=idle
[lvdot_detector_main-8] [INFO] [1777342437.336817469] [lvdot_detector_node]: Pipeline stats: depth_samples=1517/71300 u_map=2 depth_boxes=0 u_map_merge=0 u_map_db=0 u_map_visual=0 u_map_fused=0 u_map_filtered=0 lidar_samples=3294/125376 uv=1 db=14 lidar=19 fused=20 filtered=20 tracks=20 dynamic=1 dyn_points=0 raw_dyn_points=0 service=17/1 split=20->0 (20 outputs) fusion_components=20 visual_only=1 lidar_only=19 yolo_in=2 yolo_match3d=1 yolo_match_det=1 yolo_human=1 fixed_size=19 size_reject=1
[lvdot_detector_main-8] [INFO] [1777342437.337671772] [lvdot_detector_node]: get_dynamic_obstacles responded with 1 obstacles from 1 tracked dynamic boxes.
[lvdot_detector_main-8] [INFO] [1777342444.965875205] [lvdot_detector_node]: Input health: depth=141 color=140 lidar=4 pose=144 odom=144 yolo=139 depth_pose_sync=0 lidar_pose_sync=0 depth_odom_sync=0 lidar_odom_sync=0
[lvdot_detector_main-8] [INFO] [1777342444.965952186] [lvdot_detector_node]: Stage timers: detection=150 lidar_detection=150 tracking=150 classification=150 vis=0
[lvdot_detector_main-8] [INFO] [1777342444.965968874] [lvdot_detector_node]: Processing phases: detection=idle lidar_detection=waiting_new_lidar tracking=idle classification=idle
[lvdot_detector_main-8] [INFO] [1777342444.965981489] [lvdot_detector_node]: Pipeline stats: depth_samples=1391/71300 u_map=1 depth_boxes=0 u_map_merge=0 u_map_db=0 u_map_visual=0 u_map_fused=0 u_map_filtered=0 lidar_samples=3294/125376 uv=1 db=10 lidar=19 fused=20 filtered=20 tracks=21 dynamic=1 dyn_points=0 raw_dyn_points=0 service=18/1 split=20->0 (20 outputs) fusion_components=20 visual_only=1 lidar_only=19 yolo_in=0 yolo_match3d=0 yolo_match_det=0 yolo_human=0 fixed_size=19 size_reject=0
[uav_trajectory_controller-4] [WARN] [1777342449.197763030] [uav_trajectory_controller]: SetEntityPose request timed out after 0.62s on /world/pedestrian_prototype/set_pose; dropping the pending request and retrying.
[lvdot_detector_main-8] [INFO] [1777342452.467163864] [lvdot_detector_node]: Input health: depth=143 color=142 lidar=4 pose=146 odom=146 yolo=141 depth_pose_sync=0 lidar_pose_sync=0 depth_odom_sync=0 lidar_odom_sync=0
[lvdot_detector_main-8] [INFO] [1777342452.467237841] [lvdot_detector_node]: Stage timers: detection=152 lidar_detection=152 tracking=152 classification=152 vis=0
[lvdot_detector_main-8] [INFO] [1777342452.467250434] [lvdot_detector_node]: Processing phases: detection=idle lidar_detection=waiting_new_lidar tracking=idle classification=idle
[lvdot_detector_main-8] [INFO] [1777342452.467259260] [lvdot_detector_node]: Pipeline stats: depth_samples=1407/71300 u_map=2 depth_boxes=0 u_map_merge=0 u_map_db=0 u_map_visual=0 u_map_fused=0 u_map_filtered=0 lidar_samples=3294/125376 uv=2 db=12 lidar=19 fused=21 filtered=21 tracks=22 dynamic=1 dyn_points=0 raw_dyn_points=0 service=18/1 split=21->0 (21 outputs) fusion_components=21 visual_only=2 lidar_only=19 yolo_in=4 yolo_match3d=1 yolo_match_det=1 yolo_human=1 fixed_size=19 size_reject=0
[uav_trajectory_controller-4] [WARN] [1777342453.822811547] [uav_trajectory_controller]: SetEntityPose request timed out after 0.61s on /world/pedestrian_prototype/set_pose; dropping the pending request and retrying.
[lvdot_detector_main-8] [INFO] [1777342456.173734649] [lvdot_detector_node]: get_dynamic_obstacles responded with 1 obstacles from 1 tracked dynamic boxes.
[lvdot_detector_main-8] [INFO] [1777342459.953721951] [lvdot_detector_node]: Input health: depth=145 color=144 lidar=4 pose=148 odom=148 yolo=143 depth_pose_sync=0 lidar_pose_sync=0 depth_odom_sync=0 lidar_odom_sync=0
[lvdot_detector_main-8] [INFO] [1777342459.953805216] [lvdot_detector_node]: Stage timers: detection=154 lidar_detection=154 tracking=154 classification=154 vis=0
[lvdot_detector_main-8] [INFO] [1777342459.953824407] [lvdot_detector_node]: Processing phases: detection=idle lidar_detection=waiting_new_lidar tracking=idle classification=idle
[lvdot_detector_main-8] [INFO] [1777342459.953839265] [lvdot_detector_node]: Pipeline stats: depth_samples=1388/71300 u_map=0 depth_boxes=0 u_map_merge=0 u_map_db=0 u_map_visual=0 u_map_fused=0 u_map_filtered=0 lidar_samples=3294/125376 uv=0 db=11 lidar=19 fused=19 filtered=19 tracks=21 dynamic=1 dyn_points=0 raw_dyn_points=0 service=19/1 split=19->0 (19 outputs) fusion_components=19 visual_only=0 lidar_only=19 yolo_in=3 yolo_match3d=0 yolo_match_det=0 yolo_human=0 fixed_size=19 size_reject=0
[uav_trajectory_controller-4] [WARN] [1777342463.573542566] [uav_trajectory_controller]: SetEntityPose request timed out after 0.62s on /world/pedestrian_prototype/set_pose; dropping the pending request and retrying.
[lvdot_detector_main-8] [INFO] [1777342467.150836929] [lvdot_detector_node]: Input health: depth=147 color=146 lidar=4 pose=150 odom=150 yolo=145 depth_pose_sync=0 lidar_pose_sync=0 depth_odom_sync=0 lidar_odom_sync=0
[lvdot_detector_main-8] [INFO] [1777342467.150903609] [lvdot_detector_node]: Stage timers: detection=156 lidar_detection=156 tracking=156 classification=156 vis=0
[lvdot_detector_main-8] [INFO] [1777342467.150917266] [lvdot_detector_node]: Processing phases: detection=idle lidar_detection=waiting_new_lidar tracking=idle classification=idle
[lvdot_detector_main-8] [INFO] [1777342467.150926806] [lvdot_detector_node]: Pipeline stats: depth_samples=1337/71300 u_map=2 depth_boxes=0 u_map_merge=0 u_map_db=0 u_map_visual=0 u_map_fused=0 u_map_filtered=0 lidar_samples=3294/125376 uv=2 db=12 lidar=19 fused=21 filtered=21 tracks=19 dynamic=3 dyn_points=0 raw_dyn_points=0 service=19/1 split=21->0 (21 outputs) fusion_components=21 visual_only=2 lidar_only=19 yolo_in=2 yolo_match3d=1 yolo_match_det=1 yolo_human=1 fixed_size=19 size_reject=0
[lvdot_detector_main-8] [INFO] [1777342473.325728868] [lvdot_detector_node]: Input health: depth=149 color=148 lidar=4 pose=152 odom=152 yolo=147 depth_pose_sync=0 lidar_pose_sync=0 depth_odom_sync=0 lidar_odom_sync=0
[lvdot_detector_main-8] [INFO] [1777342473.325804499] [lvdot_detector_node]: Stage timers: detection=158 lidar_detection=158 tracking=158 classification=158 vis=0
[lvdot_detector_main-8] [INFO] [1777342473.325823930] [lvdot_detector_node]: Processing phases: detection=idle lidar_detection=waiting_new_lidar tracking=idle classification=idle
[lvdot_detector_main-8] [INFO] [1777342473.325838180] [lvdot_detector_node]: Pipeline stats: depth_samples=1400/71300 u_map=2 depth_boxes=0 u_map_merge=0 u_map_db=0 u_map_visual=0 u_map_fused=0 u_map_filtered=0 lidar_samples=3294/125376 uv=1 db=15 lidar=19 fused=20 filtered=20 tracks=20 dynamic=1 dyn_points=0 raw_dyn_points=0 service=19/1 split=20->0 (20 outputs) fusion_components=20 visual_only=1 lidar_only=19 yolo_in=2 yolo_match3d=2 yolo_match_det=2 yolo_human=2 fixed_size=19 size_reject=0
[lvdot_detector_main-8] [INFO] [1777342473.326742862] [lvdot_detector_node]: get_dynamic_obstacles responded with 1 obstacles from 1 tracked dynamic boxes.
[uav_trajectory_controller-4] [WARN] [1777342476.948075389] [uav_trajectory_controller]: SetEntityPose request timed out after 0.62s on /world/pedestrian_prototype/set_pose; dropping the pending request and retrying.
[lvdot_detector_main-8] [INFO] [1777342480.331873992] [lvdot_detector_node]: Input health: depth=151 color=150 lidar=4 pose=154 odom=154 yolo=149 depth_pose_sync=0 lidar_pose_sync=0 depth_odom_sync=0 lidar_odom_sync=0
[lvdot_detector_main-8] [INFO] [1777342480.342710706] [lvdot_detector_node]: Stage timers: detection=160 lidar_detection=160 tracking=160 classification=160 vis=0
[lvdot_detector_main-8] [INFO] [1777342480.342762244] [lvdot_detector_node]: Processing phases: detection=idle lidar_detection=waiting_new_lidar tracking=idle classification=idle
[lvdot_detector_main-8] [INFO] [1777342480.342777706] [lvdot_detector_node]: Pipeline stats: depth_samples=1479/71300 u_map=3 depth_boxes=0 u_map_merge=0 u_map_db=0 u_map_visual=0 u_map_fused=0 u_map_filtered=0 lidar_samples=3294/125376 uv=1 db=14 lidar=19 fused=20 filtered=21 tracks=23 dynamic=2 dyn_points=0 raw_dyn_points=0 service=20/1 split=20->1 (21 outputs) fusion_components=20 visual_only=1 lidar_only=19 yolo_in=4 yolo_match3d=1 yolo_match_det=2 yolo_human=2 fixed_size=19 size_reject=0
[lvdot_detector_main-8] [INFO] [1777342487.742866941] [lvdot_detector_node]: Input health: depth=153 color=152 lidar=4 pose=156 odom=156 yolo=151 depth_pose_sync=0 lidar_pose_sync=0 depth_odom_sync=0 lidar_odom_sync=0
[lvdot_detector_main-8] [INFO] [1777342487.742964832] [lvdot_detector_node]: Stage timers: detection=162 lidar_detection=162 tracking=162 classification=162 vis=0
[lvdot_detector_main-8] [INFO] [1777342487.742978887] [lvdot_detector_node]: Processing phases: detection=idle lidar_detection=waiting_new_lidar tracking=idle classification=idle
[lvdot_detector_main-8] [INFO] [1777342487.742987993] [lvdot_detector_node]: Pipeline stats: depth_samples=1385/71300 u_map=2 depth_boxes=0 u_map_merge=0 u_map_db=0 u_map_visual=0 u_map_fused=0 u_map_filtered=0 lidar_samples=3294/125376 uv=1 db=11 lidar=19 fused=20 filtered=21 tracks=21 dynamic=1 dyn_points=0 raw_dyn_points=0 service=20/1 split=20->1 (21 outputs) fusion_components=20 visual_only=1 lidar_only=19 yolo_in=3 yolo_match3d=1 yolo_match_det=2 yolo_human=2 fixed_size=19 size_reject=1
[uav_trajectory_controller-4] [WARN] [1777342488.948001573] [uav_trajectory_controller]: SetEntityPose request timed out after 0.58s on /world/pedestrian_prototype/set_pose; dropping the pending request and retrying.
[lvdot_detector_main-8] [INFO] [1777342492.683825752] [lvdot_detector_node]: get_dynamic_obstacles responded with 1 obstacles from 1 tracked dynamic boxes.
[lvdot_detector_main-8] [INFO] [1777342496.535995585] [lvdot_detector_node]: Input health: depth=155 color=154 lidar=4 pose=158 odom=158 yolo=153 depth_pose_sync=0 lidar_pose_sync=0 depth_odom_sync=0 lidar_odom_sync=0
[lvdot_detector_main-8] [INFO] [1777342496.539031720] [lvdot_detector_node]: Stage timers: detection=164 lidar_detection=164 tracking=164 classification=164 vis=0
[lvdot_detector_main-8] [INFO] [1777342496.540325181] [lvdot_detector_node]: Processing phases: detection=idle lidar_detection=waiting_new_lidar tracking=idle classification=idle
[lvdot_detector_main-8] [INFO] [1777342496.541417952] [lvdot_detector_node]: Pipeline stats: depth_samples=1374/71300 u_map=1 depth_boxes=0 u_map_merge=0 u_map_db=0 u_map_visual=0 u_map_fused=0 u_map_filtered=0 lidar_samples=3294/125376 uv=1 db=10 lidar=19 fused=20 filtered=20 tracks=20 dynamic=2 dyn_points=0 raw_dyn_points=0 service=21/1 split=20->0 (20 outputs) fusion_components=20 visual_only=1 lidar_only=19 yolo_in=0 yolo_match3d=0 yolo_match_det=0 yolo_human=0 fixed_size=18 size_reject=0
[uav_trajectory_controller-4] [WARN] [1777342500.852435215] [uav_trajectory_controller]: SetEntityPose request timed out after 0.65s on /world/pedestrian_prototype/set_pose; dropping the pending request and retrying.
[lvdot_detector_main-8] [INFO] [1777342515.708554676] [lvdot_detector_node]: Input health: depth=157 color=156 lidar=5 pose=160 odom=160 yolo=155 depth_pose_sync=0 lidar_pose_sync=0 depth_odom_sync=0 lidar_odom_sync=0
[lvdot_detector_main-8] [INFO] [1777342515.749637235] [lvdot_detector_node]: Stage timers: detection=166 lidar_detection=166 tracking=166 classification=166 vis=0
[lvdot_detector_main-8] [INFO] [1777342515.749658941] [lvdot_detector_node]: Processing phases: detection=idle lidar_detection=waiting_new_lidar tracking=idle classification=idle
[lvdot_detector_main-8] [INFO] [1777342515.749668456] [lvdot_detector_node]: Pipeline stats: depth_samples=1389/71300 u_map=0 depth_boxes=0 u_map_merge=0 u_map_db=0 u_map_visual=0 u_map_fused=0 u_map_filtered=0 lidar_samples=3215/121833 uv=0 db=10 lidar=20 fused=20 filtered=20 tracks=20 dynamic=1 dyn_points=0 raw_dyn_points=0 service=21/1 split=20->0 (20 outputs) fusion_components=20 visual_only=0 lidar_only=20 yolo_in=0 yolo_match3d=0 yolo_match_det=0 yolo_human=0 fixed_size=0 size_reject=0
[uav_trajectory_controller-4] [WARN] [1777342517.414523982] [uav_trajectory_controller]: SetEntityPose request timed out after 0.56s on /world/pedestrian_prototype/set_pose; dropping the pending request and retrying.
[uav_trajectory_controller-4] [WARN] [1777342518.389887648] [uav_trajectory_controller]: SetEntityPose request timed out after 0.53s on /world/pedestrian_prototype/set_pose; dropping the pending request and retrying.
[uav_trajectory_controller-4] [WARN] [1777342520.072485466] [uav_trajectory_controller]: SetEntityPose request timed out after 0.59s on /world/pedestrian_prototype/set_pose; dropping the pending request and retrying.
[uav_trajectory_controller-4] [WARN] [1777342520.822870937] [uav_trajectory_controller]: SetEntityPose request timed out after 0.62s on /world/pedestrian_prototype/set_pose; dropping the pending request and retrying.
[lvdot_detector_main-8] [INFO] [1777342520.854886070] [lvdot_detector_node]: Input health: depth=160 color=159 lidar=5 pose=163 odom=163 yolo=158 depth_pose_sync=0 lidar_pose_sync=0 depth_odom_sync=0 lidar_odom_sync=0
[lvdot_detector_main-8] [INFO] [1777342520.855180146] [lvdot_detector_node]: Stage timers: detection=169 lidar_detection=169 tracking=169 classification=169 vis=0
[lvdot_detector_main-8] [INFO] [1777342520.855301283] [lvdot_detector_node]: Processing phases: detection=idle lidar_detection=waiting_new_lidar tracking=idle classification=idle
[lvdot_detector_main-8] [INFO] [1777342520.855330404] [lvdot_detector_node]: Pipeline stats: depth_samples=1328/71300 u_map=0 depth_boxes=0 u_map_merge=0 u_map_db=0 u_map_visual=0 u_map_fused=0 u_map_filtered=0 lidar_samples=3215/121833 uv=0 db=14 lidar=20 fused=20 filtered=20 tracks=23 dynamic=1 dyn_points=0 raw_dyn_points=0 service=21/1 split=20->0 (20 outputs) fusion_components=20 visual_only=0 lidar_only=20 yolo_in=3 yolo_match3d=0 yolo_match_det=0 yolo_human=0 fixed_size=0 size_reject=0
[uav_trajectory_controller-4] [WARN] [1777342521.572568115] [uav_trajectory_controller]: SetEntityPose request timed out after 0.62s on /world/pedestrian_prototype/set_pose; dropping the pending request and retrying.
[uav_trajectory_controller-4] [WARN] [1777342522.322828087] [uav_trajectory_controller]: SetEntityPose request timed out after 0.62s on /world/pedestrian_prototype/set_pose; dropping the pending request and retrying.
[uav_trajectory_controller-4] [WARN] [1777342523.079029509] [uav_trajectory_controller]: SetEntityPose request timed out after 0.63s on /world/pedestrian_prototype/set_pose; dropping the pending request and retrying.
[uav_trajectory_controller-4] [WARN] [1777342525.823131661] [uav_trajectory_controller]: SetEntityPose request timed out after 0.62s on /world/pedestrian_prototype/set_pose; dropping the pending request and retrying.
[uav_trajectory_controller-4] [WARN] [1777342526.980016974] [uav_trajectory_controller]: SetEntityPose request timed out after 0.99s on /world/pedestrian_prototype/set_pose; dropping the pending request and retrying.
[uav_trajectory_controller-4] [WARN] [1777342527.697703176] [uav_trajectory_controller]: SetEntityPose request timed out after 0.59s on /world/pedestrian_prototype/set_pose; dropping the pending request and retrying.
[uav_trajectory_controller-4] [WARN] [1777342528.572584288] [uav_trajectory_controller]: SetEntityPose request timed out after 0.61s on /world/pedestrian_prototype/set_pose; dropping the pending request and retrying.
[uav_trajectory_controller-4] [WARN] [1777342529.947692355] [uav_trajectory_controller]: SetEntityPose request timed out after 0.56s on /world/pedestrian_prototype/set_pose; dropping the pending request and retrying.
[uav_trajectory_controller-4] [WARN] [1777342530.577665434] [uav_trajectory_controller]: SetEntityPose request timed out after 0.50s on /world/pedestrian_prototype/set_pose; dropping the pending request and retrying.
[uav_trajectory_controller-4] [WARN] [1777342531.322497310] [uav_trajectory_controller]: SetEntityPose request timed out after 0.62s on /world/pedestrian_prototype/set_pose; dropping the pending request and retrying.
[lvdot_detector_main-8] [INFO] [1777342535.613618241] [lvdot_detector_node]: Input health: depth=164 color=161 lidar=6 pose=167 odom=167 yolo=161 depth_pose_sync=0 lidar_pose_sync=0 depth_odom_sync=0 lidar_odom_sync=0
[lvdot_detector_main-8] [INFO] [1777342535.613728072] [lvdot_detector_node]: Stage timers: detection=173 lidar_detection=173 tracking=173 classification=173 vis=0
[lvdot_detector_main-8] [INFO] [1777342535.613739954] [lvdot_detector_node]: Processing phases: detection=idle lidar_detection=idle tracking=idle classification=idle
[lvdot_detector_main-8] [INFO] [1777342535.613746644] [lvdot_detector_node]: Pipeline stats: depth_samples=1466/71300 u_map=3 depth_boxes=0 u_map_merge=0 u_map_db=0 u_map_visual=0 u_map_fused=0 u_map_filtered=0 lidar_samples=3338/126210 uv=3 db=10 lidar=18 fused=20 filtered=20 tracks=23 dynamic=1 dyn_points=0 raw_dyn_points=0 service=21/1 split=20->0 (20 outputs) fusion_components=20 visual_only=2 lidar_only=17 yolo_in=5 yolo_match3d=4 yolo_match_det=4 yolo_human=4 fixed_size=0 size_reject=0
[uav_trajectory_controller-4] [WARN] [1777342535.697888637] [uav_trajectory_controller]: SetEntityPose request timed out after 0.59s on /world/pedestrian_prototype/set_pose; dropping the pending request and retrying.
[uav_trajectory_controller-4] [WARN] [1777342536.572795628] [uav_trajectory_controller]: SetEntityPose request timed out after 0.59s on /world/pedestrian_prototype/set_pose; dropping the pending request and retrying.
[uav_trajectory_controller-4] [WARN] [1777342538.447905045] [uav_trajectory_controller]: SetEntityPose request timed out after 0.54s on /world/pedestrian_prototype/set_pose; dropping the pending request and retrying.
[uav_trajectory_controller-4] [WARN] [1777342539.197460409] [uav_trajectory_controller]: SetEntityPose request timed out after 0.62s on /world/pedestrian_prototype/set_pose; dropping the pending request and retrying.
[uav_trajectory_controller-4] [WARN] [1777342540.072565155] [uav_trajectory_controller]: SetEntityPose request timed out after 0.57s on /world/pedestrian_prototype/set_pose; dropping the pending request and retrying.
[uav_trajectory_controller-4] [WARN] [1777342540.824968263] [uav_trajectory_controller]: SetEntityPose request timed out after 0.62s on /world/pedestrian_prototype/set_pose; dropping the pending request and retrying.
[lvdot_detector_main-8] [INFO] [1777342541.527978177] [lvdot_detector_node]: Input health: depth=166 color=161 lidar=8 pose=169 odom=169 yolo=163 depth_pose_sync=0 lidar_pose_sync=0 depth_odom_sync=0 lidar_odom_sync=0
[lvdot_detector_main-8] [INFO] [1777342541.528063633] [lvdot_detector_node]: Stage timers: detection=175 lidar_detection=175 tracking=175 classification=175 vis=0
[lvdot_detector_main-8] [INFO] [1777342541.528077246] [lvdot_detector_node]: Processing phases: detection=idle lidar_detection=idle tracking=idle classification=idle
[lvdot_detector_main-8] [INFO] [1777342541.528088375] [lvdot_detector_node]: Pipeline stats: depth_samples=1488/71300 u_map=3 depth_boxes=0 u_map_merge=0 u_map_db=0 u_map_visual=0 u_map_fused=0 u_map_filtered=0 lidar_samples=3076/134620 uv=3 db=11 lidar=16 fused=19 filtered=20 tracks=25 dynamic=4 dyn_points=0 raw_dyn_points=0 service=21/1 split=19->1 (20 outputs) fusion_components=19 visual_only=3 lidar_only=16 yolo_in=4 yolo_match3d=3 yolo_match_det=4 yolo_human=4 fixed_size=0 size_reject=0
[uav_trajectory_controller-4] [WARN] [1777342541.572576896] [uav_trajectory_controller]: SetEntityPose request timed out after 0.62s on /world/pedestrian_prototype/set_pose; dropping the pending request and retrying.
[uav_trajectory_controller-4] [WARN] [1777342542.322737907] [uav_trajectory_controller]: SetEntityPose request timed out after 0.62s on /world/pedestrian_prototype/set_pose; dropping the pending request and retrying.
[uav_trajectory_controller-4] [WARN] [1777342543.072494094] [uav_trajectory_controller]: SetEntityPose request timed out after 0.62s on /world/pedestrian_prototype/set_pose; dropping the pending request and retrying.
[uav_trajectory_controller-4] [WARN] [1777342543.822744268] [uav_trajectory_controller]: SetEntityPose request timed out after 0.62s on /world/pedestrian_prototype/set_pose; dropping the pending request and retrying.
[uav_trajectory_controller-4] [WARN] [1777342544.453100486] [uav_trajectory_controller]: SetEntityPose request timed out after 0.50s on /world/pedestrian_prototype/set_pose; dropping the pending request and retrying.
[uav_trajectory_controller-4] [WARN] [1777342545.197494282] [uav_trajectory_controller]: SetEntityPose request timed out after 0.62s on /world/pedestrian_prototype/set_pose; dropping the pending request and retrying.
[uav_trajectory_controller-4] [WARN] [1777342545.947858693] [uav_trajectory_controller]: SetEntityPose request timed out after 0.62s on /world/pedestrian_prototype/set_pose; dropping the pending request and retrying.
[uav_trajectory_controller-4] [WARN] [1777342546.698161897] [uav_trajectory_controller]: SetEntityPose request timed out after 0.62s on /world/pedestrian_prototype/set_pose; dropping the pending request and retrying.
[lvdot_detector_main-8] [INFO] [1777342547.042323882] [lvdot_detector_node]: Input health: depth=168 color=163 lidar=10 pose=170 odom=170 yolo=165 depth_pose_sync=0 lidar_pose_sync=0 depth_odom_sync=0 lidar_odom_sync=0
[lvdot_detector_main-8] [INFO] [1777342547.042451890] [lvdot_detector_node]: Stage timers: detection=177 lidar_detection=177 tracking=177 classification=177 vis=0
[lvdot_detector_main-8] [INFO] [1777342547.042472712] [lvdot_detector_node]: Processing phases: detection=idle lidar_detection=idle tracking=idle classification=idle
[lvdot_detector_main-8] [INFO] [1777342547.042484710] [lvdot_detector_node]: Pipeline stats: depth_samples=1510/71300 u_map=1 depth_boxes=0 u_map_merge=0 u_map_db=0 u_map_visual=0 u_map_fused=0 u_map_filtered=0 lidar_samples=3048/134307 uv=1 db=12 lidar=14 fused=15 filtered=15 tracks=15 dynamic=3 dyn_points=0 raw_dyn_points=0 service=21/1 split=15->1 (15 outputs) fusion_components=15 visual_only=1 lidar_only=14 yolo_in=3 yolo_match3d=2 yolo_match_det=3 yolo_human=2 fixed_size=0 size_reject=1
[uav_trajectory_controller-4] [WARN] [1777342547.447712065] [uav_trajectory_controller]: SetEntityPose request timed out after 0.62s on /world/pedestrian_prototype/set_pose; dropping the pending request and retrying.
[uav_trajectory_controller-4] [WARN] [1777342548.197450994] [uav_trajectory_controller]: SetEntityPose request timed out after 0.62s on /world/pedestrian_prototype/set_pose; dropping the pending request and retrying.
[uav_trajectory_controller-4] [WARN] [1777342548.947479635] [uav_trajectory_controller]: SetEntityPose request timed out after 0.62s on /world/pedestrian_prototype/set_pose; dropping the pending request and retrying.
[uav_trajectory_controller-4] [WARN] [1777342551.448104631] [uav_trajectory_controller]: SetEntityPose request timed out after 0.60s on /world/pedestrian_prototype/set_pose; dropping the pending request and retrying.
[uav_trajectory_controller-4] [WARN] [1777342552.197527572] [uav_trajectory_controller]: SetEntityPose request timed out after 0.62s on /world/pedestrian_prototype/set_pose; dropping the pending request and retrying.
[lvdot_detector_main-8] [INFO] [1777342552.922142213] [lvdot_detector_node]: Input health: depth=171 color=166 lidar=11 pose=170 odom=170 yolo=170 depth_pose_sync=0 lidar_pose_sync=0 depth_odom_sync=0 lidar_odom_sync=0
[lvdot_detector_main-8] [INFO] [1777342552.922224047] [lvdot_detector_node]: Stage timers: detection=183 lidar_detection=183 tracking=183 classification=183 vis=0
[lvdot_detector_main-8] [INFO] [1777342552.922233459] [lvdot_detector_node]: Processing phases: detection=idle lidar_detection=waiting_new_lidar tracking=idle classification=idle
[lvdot_detector_main-8] [INFO] [1777342552.922240196] [lvdot_detector_node]: Pipeline stats: depth_samples=1510/71300 u_map=1 depth_boxes=0 u_map_merge=0 u_map_db=0 u_map_visual=0 u_map_fused=0 u_map_filtered=0 lidar_samples=3070/134209 uv=1 db=12 lidar=16 fused=17 filtered=18 tracks=18 dynamic=4 dyn_points=0 raw_dyn_points=0 service=21/1 split=17->1 (18 outputs) fusion_components=17 visual_only=1 lidar_only=16 yolo_in=5 yolo_match3d=4 yolo_match_det=5 yolo_human=5 fixed_size=0 size_reject=0
[uav_trajectory_controller-4] [WARN] [1777342552.948006170] [uav_trajectory_controller]: SetEntityPose request timed out after 0.62s on /world/pedestrian_prototype/set_pose; dropping the pending request and retrying.
[uav_trajectory_controller-4] [WARN] [1777342553.822380926] [uav_trajectory_controller]: SetEntityPose request timed out after 0.52s on /world/pedestrian_prototype/set_pose; dropping the pending request and retrying.
[uav_trajectory_controller-4] [WARN] [1777342554.572491450] [uav_trajectory_controller]: SetEntityPose request timed out after 0.62s on /world/pedestrian_prototype/set_pose; dropping the pending request and retrying.
[uav_trajectory_controller-4] [WARN] [1777342555.323456960] [uav_trajectory_controller]: SetEntityPose request timed out after 0.62s on /world/pedestrian_prototype/set_pose; dropping the pending request and retrying.
[uav_trajectory_controller-4] [WARN] [1777342556.072649378] [uav_trajectory_controller]: SetEntityPose request timed out after 0.62s on /world/pedestrian_prototype/set_pose; dropping the pending request and retrying.
[uav_trajectory_controller-4] [WARN] [1777342556.823766461] [uav_trajectory_controller]: SetEntityPose request timed out after 0.60s on /world/pedestrian_prototype/set_pose; dropping the pending request and retrying.
[uav_trajectory_controller-4] [WARN] [1777342557.572726950] [uav_trajectory_controller]: SetEntityPose request timed out after 0.52s on /world/pedestrian_prototype/set_pose; dropping the pending request and retrying.
[uav_trajectory_controller-4] [WARN] [1777342558.322614884] [uav_trajectory_controller]: SetEntityPose request timed out after 0.51s on /world/pedestrian_prototype/set_pose; dropping the pending request and retrying.
[uav_trajectory_controller-4] [WARN] [1777342559.073658632] [uav_trajectory_controller]: SetEntityPose request timed out after 0.62s on /world/pedestrian_prototype/set_pose; dropping the pending request and retrying.
[lvdot_detector_main-8] [INFO] [1777342559.435659070] [lvdot_detector_node]: Input health: depth=171 color=166 lidar=11 pose=170 odom=170 yolo=170 depth_pose_sync=0 lidar_pose_sync=0 depth_odom_sync=0 lidar_odom_sync=0
[lvdot_detector_main-8] [INFO] [1777342559.435741986] [lvdot_detector_node]: Stage timers: detection=192 lidar_detection=192 tracking=192 classification=192 vis=0
[lvdot_detector_main-8] [INFO] [1777342559.435751729] [lvdot_detector_node]: Processing phases: detection=idle lidar_detection=waiting_new_lidar tracking=idle classification=idle
[lvdot_detector_main-8] [INFO] [1777342559.435758529] [lvdot_detector_node]: Pipeline stats: depth_samples=1510/71300 u_map=1 depth_boxes=0 u_map_merge=0 u_map_db=0 u_map_visual=0 u_map_fused=0 u_map_filtered=0 lidar_samples=3070/134209 uv=1 db=12 lidar=16 fused=17 filtered=18 tracks=18 dynamic=4 dyn_points=0 raw_dyn_points=0 service=21/1 split=17->1 (18 outputs) fusion_components=17 visual_only=1 lidar_only=16 yolo_in=5 yolo_match3d=4 yolo_match_det=5 yolo_human=5 fixed_size=18 size_reject=1
[uav_trajectory_controller-4] [WARN] [1777342559.823091279] [uav_trajectory_controller]: SetEntityPose request timed out after 0.62s on /world/pedestrian_prototype/set_pose; dropping the pending request and retrying.
[uav_trajectory_controller-4] [WARN] [1777342560.823109182] [uav_trajectory_controller]: SetEntityPose request timed out after 0.58s on /world/pedestrian_prototype/set_pose; dropping the pending request and retrying.
[uav_trajectory_controller-4] [WARN] [1777342561.948213279] [uav_trajectory_controller]: SetEntityPose request timed out after 0.56s on /world/pedestrian_prototype/set_pose; dropping the pending request and retrying.
[uav_trajectory_controller-4] [WARN] [1777342562.949433829] [uav_trajectory_controller]: SetEntityPose request timed out after 0.55s on /world/pedestrian_prototype/set_pose; dropping the pending request and retrying.
[uav_trajectory_controller-4] [WARN] [1777342563.703072323] [uav_trajectory_controller]: SetEntityPose request timed out after 0.63s on /world/pedestrian_prototype/set_pose; dropping the pending request and retrying.
[lvdot_detector_main-8] [INFO] [1777342564.994955498] [lvdot_detector_node]: Input health: depth=171 color=166 lidar=12 pose=170 odom=170 yolo=170 depth_pose_sync=0 lidar_pose_sync=0 depth_odom_sync=0 lidar_odom_sync=0
[lvdot_detector_main-8] [INFO] [1777342564.995062284] [lvdot_detector_node]: Stage timers: detection=196 lidar_detection=196 tracking=196 classification=196 vis=0
[lvdot_detector_main-8] [INFO] [1777342564.995073715] [lvdot_detector_node]: Processing phases: detection=idle lidar_detection=waiting_new_lidar tracking=idle classification=idle
[lvdot_detector_main-8] [INFO] [1777342564.995080934] [lvdot_detector_node]: Pipeline stats: depth_samples=1510/71300 u_map=1 depth_boxes=0 u_map_merge=0 u_map_db=0 u_map_visual=0 u_map_fused=0 u_map_filtered=0 lidar_samples=3458/142613 uv=1 db=12 lidar=51 fused=52 filtered=53 tracks=53 dynamic=4 dyn_points=0 raw_dyn_points=0 service=21/1 split=52->1 (53 outputs) fusion_components=52 visual_only=1 lidar_only=51 yolo_in=5 yolo_match3d=3 yolo_match_det=4 yolo_human=4 fixed_size=4 size_reject=1
[uav_trajectory_controller-4] [WARN] [1777342565.822558018] [uav_trajectory_controller]: SetEntityPose request timed out after 0.57s on /world/pedestrian_prototype/set_pose; dropping the pending request and retrying.
[uav_trajectory_controller-4] [WARN] [1777342566.824116594] [uav_trajectory_controller]: SetEntityPose request timed out after 0.61s on /world/pedestrian_prototype/set_pose; dropping the pending request and retrying.
[uav_trajectory_controller-4] [WARN] [1777342567.822590873] [uav_trajectory_controller]: SetEntityPose request timed out after 0.52s on /world/pedestrian_prototype/set_pose; dropping the pending request and retrying.
[uav_trajectory_controller-4] [WARN] [1777342665.935937076] [uav_trajectory_controller]: SetEntityPose request timed out after 95.28s on /world/pedestrian_prototype/set_pose; dropping the pending request and retrying.
[uav_trajectory_controller-4] [WARN] [1777342666.698907607] [uav_trajectory_controller]: SetEntityPose request timed out after 0.58s on /world/pedestrian_prototype/set_pose; dropping the pending request and retrying.
[uav_trajectory_controller-4] [WARN] [1777342667.448936448] [uav_trajectory_controller]: SetEntityPose request timed out after 0.62s on /world/pedestrian_prototype/set_pose; dropping the pending request and retrying.
[uav_trajectory_controller-4] [WARN] [1777342668.199458855] [uav_trajectory_controller]: SetEntityPose request timed out after 0.62s on /world/pedestrian_prototype/set_pose; dropping the pending request and retrying.
[uav_trajectory_controller-4] [WARN] [1777342668.947796514] [uav_trajectory_controller]: SetEntityPose request timed out after 0.62s on /world/pedestrian_prototype/set_pose; dropping the pending request and retrying.
[uav_trajectory_controller-4] [WARN] [1777342669.699150891] [uav_trajectory_controller]: SetEntityPose request timed out after 0.62s on /world/pedestrian_prototype/set_pose; dropping the pending request and retrying.
[uav_trajectory_controller-4] [WARN] [1777342670.447516294] [uav_trajectory_controller]: SetEntityPose request timed out after 0.62s on /world/pedestrian_prototype/set_pose; dropping the pending request and retrying.
[uav_trajectory_controller-4] [WARN] [1777342671.198173544] [uav_trajectory_controller]: SetEntityPose request timed out after 0.62s on /world/pedestrian_prototype/set_pose; dropping the pending request and retrying.
[uav_trajectory_controller-4] [WARN] [1777342671.947537450] [uav_trajectory_controller]: SetEntityPose request timed out after 0.62s on /world/pedestrian_prototype/set_pose; dropping the pending request and retrying.
[uav_trajectory_controller-4] [WARN] [1777342672.697447688] [uav_trajectory_controller]: SetEntityPose request timed out after 0.62s on /world/pedestrian_prototype/set_pose; dropping the pending request and retrying.
[uav_trajectory_controller-4] [WARN] [1777342673.447552921] [uav_trajectory_controller]: SetEntityPose request timed out after 0.62s on /world/pedestrian_prototype/set_pose; dropping the pending request and retrying.
[uav_trajectory_controller-4] [WARN] [1777342674.197642781] [uav_trajectory_controller]: SetEntityPose request timed out after 0.62s on /world/pedestrian_prototype/set_pose; dropping the pending request and retrying.
[uav_trajectory_controller-4] [WARN] [1777342674.949005366] [uav_trajectory_controller]: SetEntityPose request timed out after 0.62s on /world/pedestrian_prototype/set_pose; dropping the pending request and retrying.
[uav_trajectory_controller-4] [WARN] [1777342675.698017131] [uav_trajectory_controller]: SetEntityPose request timed out after 0.62s on /world/pedestrian_prototype/set_pose; dropping the pending request and retrying.
[uav_trajectory_controller-4] [WARN] [1777342676.448800147] [uav_trajectory_controller]: SetEntityPose request timed out after 0.62s on /world/pedestrian_prototype/set_pose; dropping the pending request and retrying.
[uav_trajectory_controller-4] [WARN] [1777342677.197532069] [uav_trajectory_controller]: SetEntityPose request timed out after 0.62s on /world/pedestrian_prototype/set_pose; dropping the pending request and retrying.
[uav_trajectory_controller-4] [WARN] [1777342677.947532854] [uav_trajectory_controller]: SetEntityPose request timed out after 0.62s on /world/pedestrian_prototype/set_pose; dropping the pending request and retrying.
[uav_trajectory_controller-4] [WARN] [1777342678.698306090] [uav_trajectory_controller]: SetEntityPose request timed out after 0.62s on /world/pedestrian_prototype/set_pose; dropping the pending request and retrying.
[uav_trajectory_controller-4] [WARN] [1777342679.447825662] [uav_trajectory_controller]: SetEntityPose request timed out after 0.62s on /world/pedestrian_prototype/set_pose; dropping the pending request and retrying.
[uav_trajectory_controller-4] [WARN] [1777342680.197689518] [uav_trajectory_controller]: SetEntityPose request timed out after 0.62s on /world/pedestrian_prototype/set_pose; dropping the pending request and retrying.
[uav_trajectory_controller-4] [WARN] [1777342680.947707909] [uav_trajectory_controller]: SetEntityPose request timed out after 0.62s on /world/pedestrian_prototype/set_pose; dropping the pending request and retrying.
[uav_trajectory_controller-4] [WARN] [1777342681.697816645] [uav_trajectory_controller]: SetEntityPose request timed out after 0.62s on /world/pedestrian_prototype/set_pose; dropping the pending request and retrying.
[uav_trajectory_controller-4] [WARN] [1777342682.448284442] [uav_trajectory_controller]: SetEntityPose request timed out after 0.62s on /world/pedestrian_prototype/set_pose; dropping the pending request and retrying.
[uav_trajectory_controller-4] [WARN] [1777342683.197490796] [uav_trajectory_controller]: SetEntityPose request timed out after 0.62s on /world/pedestrian_prototype/set_pose; dropping the pending request and retrying.
[lvdot_detector_main-8] [INFO] [1777342684.795543243] [lvdot_detector_node]: Input health: depth=171 color=166 lidar=14 pose=170 odom=170 yolo=170 depth_pose_sync=0 lidar_pose_sync=0 depth_odom_sync=0 lidar_odom_sync=0
[lvdot_detector_main-8] [INFO] [1777342684.795695054] [lvdot_detector_node]: Stage timers: detection=198 lidar_detection=198 tracking=198 classification=198 vis=0
[lvdot_detector_main-8] [INFO] [1777342684.795706355] [lvdot_detector_node]: Processing phases: detection=idle lidar_detection=idle tracking=idle classification=idle
[lvdot_detector_main-8] [INFO] [1777342684.795713255] [lvdot_detector_node]: Pipeline stats: depth_samples=1510/71300 u_map=1 depth_boxes=0 u_map_merge=0 u_map_db=0 u_map_visual=0 u_map_fused=0 u_map_filtered=0 lidar_samples=3463/142891 uv=1 db=12 lidar=51 fused=52 filtered=54 tracks=52 dynamic=4 dyn_points=0 raw_dyn_points=0 service=21/1 split=52->1 (54 outputs) fusion_components=52 visual_only=1 lidar_only=51 yolo_in=5 yolo_match3d=3 yolo_match_det=5 yolo_human=5 fixed_size=8 size_reject=0
