[INFO] [launch]: All log files can be found below /home/skbt2/.ros/log/2026-04-24-06-55-53-730345-DESKTOP-90MQDL6-348430
[INFO] [launch]: Default logging verbosity is set to INFO
[INFO] [gazebo-1]: process started with pid [348475]
[INFO] [parameter_bridge-2]: process started with pid [348476]
[INFO] [pedestrian_state_publisher-3]: process started with pid [348477]
[INFO] [uav_trajectory_controller-4]: process started with pid [348478]
[INFO] [image_pointcloud_relay-5]: process started with pid [348479]
[INFO] [image_pointcloud_relay-6]: process started with pid [348480]
[INFO] [lvdot_yolo_node-7]: process started with pid [348481]
[INFO] [lvdot_detector_main-8]: process started with pid [348482]
[parameter_bridge-2] [INFO] [1776984955.254693023] [ros_gz_bridge]: Creating GZ->ROS Bridge: [/rgbd_camera/image (gz.msgs.Image) -> /rgbd_camera/image (sensor_msgs/msg/Image)] (Lazy 0)
[parameter_bridge-2] [INFO] [1776984955.272006650] [ros_gz_bridge]: Creating GZ->ROS Bridge: [/rgbd_camera/camera_info (gz.msgs.CameraInfo) -> /rgbd_camera/camera_info (sensor_msgs/msg/CameraInfo)] (Lazy 0)
[parameter_bridge-2] [INFO] [1776984955.281735260] [ros_gz_bridge]: Creating GZ->ROS Bridge: [/rgbd_camera/depth_image (gz.msgs.Image) -> /rgbd_camera/depth_image (sensor_msgs/msg/Image)] (Lazy 0)
[parameter_bridge-2] [INFO] [1776984955.288291066] [ros_gz_bridge]: Creating GZ->ROS Bridge: [/rgbd_camera/points (gz.msgs.PointCloudPacked) -> /rgbd_camera/points (sensor_msgs/msg/PointCloud2)] (Lazy 0)
[parameter_bridge-2] [INFO] [1776984955.296928052] [ros_gz_bridge]: Creating GZ->ROS Bridge: [/camera/imu (gz.msgs.IMU) -> /camera/imu (sensor_msgs/msg/Imu)] (Lazy 0)
[parameter_bridge-2] [INFO] [1776984955.310994250] [ros_gz_bridge]: Creating ROS->GZ service bridge [/world/pedestrian_prototype/set_pose (ros_gz_interfaces/srv/SetEntityPose -> /)]
[parameter_bridge-2] [INFO] [1776984955.312733857] [ros_gz_bridge]: Creating ROS->GZ service bridge [/world/pedestrian_prototype/set_pose/blocking (ros_gz_interfaces/srv/SetEntityPose -> /)]
[lvdot_detector_main-8] [INFO] [1776984955.929175884] [lvdot_detector_node]: Config loaded: localization_mode=0 dt=0.033 image=640x480 depth_range=[0.50, 5.00] stage_timers=true
[lvdot_detector_main-8] [INFO] [1776984956.083457299] [lvdot_detector_node]: LV-DOT ROS2 skeleton started. depth=/camera/depth/image_rect_raw color=/camera/color/image_raw lidar=/pointcloud pose=/mavros/local_position/pose odom=/mavros/local_position/odom yolo=/yolo_detector/detected_bounding_boxes
[lvdot_detector_main-8] [INFO] [1776984958.102344713] [lvdot_detector_node]: Input health: depth=0 color=0 lidar=0 pose=21 odom=21 yolo=0 depth_pose_sync=0 lidar_pose_sync=0 depth_odom_sync=0 lidar_odom_sync=0
[lvdot_detector_main-8] [INFO] [1776984958.102506953] [lvdot_detector_node]: Stage timers: detection=59 lidar_detection=59 tracking=59 classification=59 vis=59
[lvdot_detector_main-8] [INFO] [1776984958.102525316] [lvdot_detector_node]: Processing phases: detection=waiting_depth lidar_detection=waiting_new_lidar tracking=waiting_new_filtered_update classification=waiting_new_tracking_update
[lvdot_detector_main-8] [INFO] [1776984958.102534986] [lvdot_detector_node]: Pipeline stats: depth_samples=0/0 u_map=0 depth_boxes=0 u_map_merge=0 u_map_db=0 u_map_visual=0 u_map_fused=0 u_map_filtered=0 lidar_samples=0/0 uv=0 db=0 lidar=0 fused=0 filtered=0 tracks=0 dynamic=0 dyn_points=0 raw_dyn_points=0 service=0/0 split=0->0 (0 outputs) fusion_components=0 visual_only=0 lidar_only=0 yolo_in=0 yolo_match3d=0 yolo_match_det=0 yolo_human=0 fixed_size=0 size_reject=0
[gazebo-1] [INFO] [1776984960.319982109] [pedestrian_pose_sync_system]: Configured pedestrian pose sync plugin on topic [/pedestrian_sim/agent_states] for 8 models.
[uav_trajectory_controller-4] [WARN] [1776984962.780416069] [uav_trajectory_controller]: SetEntityPose request timed out after 0.50s on /world/pedestrian_prototype/set_pose/blocking; dropping the pending request and retrying.
[uav_trajectory_controller-4] [WARN] [1776984962.819118583] [uav_trajectory_controller]: Falling back from /world/pedestrian_prototype/set_pose/blocking to /world/pedestrian_prototype/set_pose.
[lvdot_detector_main-8] [INFO] [1776984964.876332750] [lvdot_detector_node]: Input health: depth=12 color=33 lidar=0 pose=167 odom=169 yolo=2 depth_pose_sync=0 lidar_pose_sync=0 depth_odom_sync=0 lidar_odom_sync=0
[lvdot_detector_main-8] [INFO] [1776984964.876411164] [lvdot_detector_node]: Stage timers: detection=82 lidar_detection=234 tracking=232 classification=233 vis=144
[lvdot_detector_main-8] [INFO] [1776984964.876429816] [lvdot_detector_node]: Processing phases: detection=run_core lidar_detection=waiting_new_lidar tracking=waiting_new_filtered_update classification=snapshot
[lvdot_detector_main-8] [INFO] [1776984964.876440753] [lvdot_detector_node]: Pipeline stats: depth_samples=1092/71300 u_map=2 depth_boxes=0 u_map_merge=0 u_map_db=0 u_map_visual=0 u_map_fused=0 u_map_filtered=0 lidar_samples=0/0 uv=1 db=11 lidar=0 fused=1 filtered=1 tracks=1 dynamic=0 dyn_points=0 raw_dyn_points=0 service=0/0 split=1->0 (1 outputs) fusion_components=1 visual_only=1 lidar_only=0 yolo_in=0 yolo_match3d=0 yolo_match_det=0 yolo_human=0 fixed_size=0 size_reject=0
[lvdot_detector_main-8] [INFO] [1776984970.892198679] [lvdot_detector_node]: Input health: depth=33 color=56 lidar=0 pose=384 odom=386 yolo=4 depth_pose_sync=0 lidar_pose_sync=0 depth_odom_sync=0 lidar_odom_sync=0
[lvdot_detector_main-8] [INFO] [1776984970.892271341] [lvdot_detector_node]: Stage timers: detection=84 lidar_detection=409 tracking=403 classification=407 vis=263
[lvdot_detector_main-8] [INFO] [1776984970.892283826] [lvdot_detector_node]: Processing phases: detection=run_core lidar_detection=waiting_new_lidar tracking=waiting_new_filtered_update classification=waiting_new_tracking_update
[lvdot_detector_main-8] [INFO] [1776984970.892294457] [lvdot_detector_node]: Pipeline stats: depth_samples=1535/71300 u_map=3 depth_boxes=0 u_map_merge=0 u_map_db=0 u_map_visual=0 u_map_fused=0 u_map_filtered=0 lidar_samples=0/0 uv=2 db=15 lidar=0 fused=2 filtered=2 tracks=2 dynamic=2 dyn_points=204 raw_dyn_points=0 service=0/0 split=2->0 (2 outputs) fusion_components=2 visual_only=2 lidar_only=0 yolo_in=4 yolo_match3d=2 yolo_match_det=2 yolo_human=2 fixed_size=0 size_reject=0
[lvdot_detector_main-8] [INFO] [1776984976.876333721] [lvdot_detector_node]: Input health: depth=57 color=103 lidar=0 pose=588 odom=592 yolo=8 depth_pose_sync=0 lidar_pose_sync=0 depth_odom_sync=0 lidar_odom_sync=0
[lvdot_detector_main-8] [INFO] [1776984976.876415845] [lvdot_detector_node]: Stage timers: detection=86 lidar_detection=579 tracking=569 classification=566 vis=356
[lvdot_detector_main-8] [INFO] [1776984976.876434864] [lvdot_detector_node]: Processing phases: detection=run_core lidar_detection=waiting_new_lidar tracking=waiting_new_filtered_update classification=waiting_new_tracking_update
[lvdot_detector_main-8] [INFO] [1776984976.876453591] [lvdot_detector_node]: Pipeline stats: depth_samples=1511/71300 u_map=1 depth_boxes=0 u_map_merge=0 u_map_db=0 u_map_visual=0 u_map_fused=0 u_map_filtered=0 lidar_samples=0/0 uv=1 db=10 lidar=0 fused=1 filtered=1 tracks=1 dynamic=1 dyn_points=149 raw_dyn_points=0 service=0/0 split=1->0 (1 outputs) fusion_components=1 visual_only=1 lidar_only=0 yolo_in=1 yolo_match3d=1 yolo_match_det=1 yolo_human=1 fixed_size=0 size_reject=0
[uav_trajectory_controller-4] [WARN] [1776984977.169629101] [uav_trajectory_controller]: SetEntityPose request timed out after 0.62s on /world/pedestrian_prototype/set_pose; dropping the pending request and retrying.
[lvdot_detector_main-8] [INFO] [1776984982.916518381] [lvdot_detector_node]: Input health: depth=89 color=158 lidar=0 pose=808 odom=813 yolo=11 depth_pose_sync=0 lidar_pose_sync=0 depth_odom_sync=0 lidar_odom_sync=0
[lvdot_detector_main-8] [INFO] [1776984982.916598262] [lvdot_detector_node]: Stage timers: detection=87 lidar_detection=749 tracking=740 classification=726 vis=465
[lvdot_detector_main-8] [INFO] [1776984982.916637178] [lvdot_detector_node]: Processing phases: detection=run_core lidar_detection=snapshot tracking=waiting_new_filtered_update classification=waiting_new_tracking_update
[lvdot_detector_main-8] [INFO] [1776984982.916659903] [lvdot_detector_node]: Pipeline stats: depth_samples=1418/71300 u_map=2 depth_boxes=0 u_map_merge=0 u_map_db=0 u_map_visual=0 u_map_fused=0 u_map_filtered=0 lidar_samples=0/0 uv=2 db=9 lidar=0 fused=2 filtered=3 tracks=3 dynamic=2 dyn_points=49 raw_dyn_points=0 service=0/0 split=2->1 (3 outputs) fusion_components=2 visual_only=2 lidar_only=0 yolo_in=3 yolo_match3d=2 yolo_match_det=3 yolo_human=3 fixed_size=0 size_reject=1
[lvdot_detector_main-8] [INFO] [1776984988.901827576] [lvdot_detector_node]: Input health: depth=114 color=222 lidar=0 pose=1012 odom=1016 yolo=12 depth_pose_sync=0 lidar_pose_sync=0 depth_odom_sync=0 lidar_odom_sync=0
[lvdot_detector_main-8] [INFO] [1776984988.901896345] [lvdot_detector_node]: Stage timers: detection=89 lidar_detection=914 tracking=901 classification=887 vis=568
[lvdot_detector_main-8] [INFO] [1776984988.901911388] [lvdot_detector_node]: Processing phases: detection=run_core lidar_detection=waiting_new_lidar tracking=waiting_new_filtered_update classification=waiting_new_tracking_update
[lvdot_detector_main-8] [INFO] [1776984988.901925845] [lvdot_detector_node]: Pipeline stats: depth_samples=1403/71300 u_map=2 depth_boxes=0 u_map_merge=0 u_map_db=0 u_map_visual=0 u_map_fused=0 u_map_filtered=0 lidar_samples=0/0 uv=2 db=8 lidar=0 fused=2 filtered=2 tracks=2 dynamic=2 dyn_points=186 raw_dyn_points=0 service=0/0 split=2->1 (2 outputs) fusion_components=2 visual_only=2 lidar_only=0 yolo_in=4 yolo_match3d=2 yolo_match_det=3 yolo_human=2 fixed_size=0 size_reject=0
[lvdot_detector_main-8] [INFO] [1776984995.677303376] [lvdot_detector_node]: Input health: depth=127 color=283 lidar=0 pose=1232 odom=1237 yolo=16 depth_pose_sync=0 lidar_pose_sync=0 depth_odom_sync=0 lidar_odom_sync=0
[lvdot_detector_main-8] [INFO] [1776984995.677375067] [lvdot_detector_node]: Stage timers: detection=91 lidar_detection=1075 tracking=1072 classification=1056 vis=678
[lvdot_detector_main-8] [INFO] [1776984995.677388937] [lvdot_detector_node]: Processing phases: detection=run_core lidar_detection=waiting_new_lidar tracking=waiting_new_filtered_update classification=waiting_new_tracking_update
[lvdot_detector_main-8] [INFO] [1776984995.677398606] [lvdot_detector_node]: Pipeline stats: depth_samples=1278/71300 u_map=4 depth_boxes=0 u_map_merge=0 u_map_db=0 u_map_visual=0 u_map_fused=0 u_map_filtered=0 lidar_samples=0/0 uv=4 db=11 lidar=0 fused=4 filtered=4 tracks=4 dynamic=2 dyn_points=263 raw_dyn_points=0 service=0/0 split=4->0 (4 outputs) fusion_components=4 visual_only=4 lidar_only=0 yolo_in=2 yolo_match3d=2 yolo_match_det=2 yolo_human=2 fixed_size=0 size_reject=0
[lvdot_detector_main-8] [INFO] [1776985001.687221733] [lvdot_detector_node]: Input health: depth=156 color=349 lidar=0 pose=1432 odom=1437 yolo=19 depth_pose_sync=0 lidar_pose_sync=0 depth_odom_sync=0 lidar_odom_sync=0
[lvdot_detector_main-8] [INFO] [1776985001.687318230] [lvdot_detector_node]: Stage timers: detection=92 lidar_detection=1251 tracking=1246 classification=1222 vis=791
[lvdot_detector_main-8] [INFO] [1776985001.687336731] [lvdot_detector_node]: Processing phases: detection=run_core lidar_detection=waiting_new_lidar tracking=waiting_new_filtered_update classification=waiting_new_tracking_update
[lvdot_detector_main-8] [INFO] [1776985001.687350655] [lvdot_detector_node]: Pipeline stats: depth_samples=1400/71300 u_map=1 depth_boxes=0 u_map_merge=0 u_map_db=0 u_map_visual=0 u_map_fused=0 u_map_filtered=0 lidar_samples=0/0 uv=1 db=10 lidar=0 fused=1 filtered=1 tracks=1 dynamic=0 dyn_points=0 raw_dyn_points=0 service=0/0 split=1->0 (1 outputs) fusion_components=1 visual_only=1 lidar_only=0 yolo_in=2 yolo_match3d=0 yolo_match_det=0 yolo_human=0 fixed_size=0 size_reject=0
[lvdot_detector_main-8] [INFO] [1776985007.677025664] [lvdot_detector_node]: Input health: depth=183 color=419 lidar=0 pose=1639 odom=1644 yolo=22 depth_pose_sync=0 lidar_pose_sync=0 depth_odom_sync=0 lidar_odom_sync=0
[lvdot_detector_main-8] [INFO] [1776985007.677090125] [lvdot_detector_node]: Stage timers: detection=94 lidar_detection=1419 tracking=1410 classification=1388 vis=882
[lvdot_detector_main-8] [INFO] [1776985007.677102102] [lvdot_detector_node]: Processing phases: detection=run_core lidar_detection=waiting_new_lidar tracking=waiting_new_filtered_update classification=waiting_new_tracking_update
[lvdot_detector_main-8] [INFO] [1776985007.677111060] [lvdot_detector_node]: Pipeline stats: depth_samples=1405/71300 u_map=1 depth_boxes=0 u_map_merge=0 u_map_db=0 u_map_visual=0 u_map_fused=0 u_map_filtered=0 lidar_samples=0/0 uv=1 db=11 lidar=0 fused=1 filtered=1 tracks=1 dynamic=0 dyn_points=0 raw_dyn_points=0 service=0/0 split=1->0 (1 outputs) fusion_components=1 visual_only=1 lidar_only=0 yolo_in=2 yolo_match3d=0 yolo_match_det=0 yolo_human=0 fixed_size=0 size_reject=0
[uav_trajectory_controller-4] [WARN] [1776985013.298287249] [uav_trajectory_controller]: SetEntityPose request timed out after 0.63s on /world/pedestrian_prototype/set_pose; dropping the pending request and retrying.
[lvdot_detector_main-8] [INFO] [1776985013.680710930] [lvdot_detector_node]: Input health: depth=204 color=499 lidar=0 pose=1832 odom=1837 yolo=25 depth_pose_sync=0 lidar_pose_sync=0 depth_odom_sync=0 lidar_odom_sync=0
[lvdot_detector_main-8] [INFO] [1776985013.680804708] [lvdot_detector_node]: Stage timers: detection=96 lidar_detection=1591 tracking=1579 classification=1563 vis=999
[lvdot_detector_main-8] [INFO] [1776985013.680821847] [lvdot_detector_node]: Processing phases: detection=run_core lidar_detection=waiting_new_lidar tracking=waiting_new_filtered_update classification=waiting_new_tracking_update
[lvdot_detector_main-8] [INFO] [1776985013.680833240] [lvdot_detector_node]: Pipeline stats: depth_samples=1400/71300 u_map=1 depth_boxes=0 u_map_merge=0 u_map_db=0 u_map_visual=0 u_map_fused=0 u_map_filtered=0 lidar_samples=0/0 uv=1 db=10 lidar=0 fused=1 filtered=1 tracks=1 dynamic=0 dyn_points=0 raw_dyn_points=0 service=0/0 split=1->0 (1 outputs) fusion_components=1 visual_only=1 lidar_only=0 yolo_in=4 yolo_match3d=0 yolo_match_det=0 yolo_human=0 fixed_size=0 size_reject=0
[lvdot_detector_main-8] [INFO] [1776985019.731708400] [lvdot_detector_node]: Input health: depth=227 color=550 lidar=0 pose=2032 odom=2037 yolo=27 depth_pose_sync=0 lidar_pose_sync=0 depth_odom_sync=0 lidar_odom_sync=0
[lvdot_detector_main-8] [INFO] [1776985019.731886997] [lvdot_detector_node]: Stage timers: detection=97 lidar_detection=1756 tracking=1744 classification=1730 vis=1111
[lvdot_detector_main-8] [INFO] [1776985019.731907514] [lvdot_detector_node]: Processing phases: detection=idle lidar_detection=waiting_new_lidar tracking=waiting_new_filtered_update classification=waiting_new_tracking_update
[lvdot_detector_main-8] [INFO] [1776985019.731918358] [lvdot_detector_node]: Pipeline stats: depth_samples=1374/71300 u_map=2 depth_boxes=0 u_map_merge=0 u_map_db=0 u_map_visual=0 u_map_fused=0 u_map_filtered=0 lidar_samples=0/0 uv=2 db=10 lidar=0 fused=2 filtered=2 tracks=4 dynamic=0 dyn_points=0 raw_dyn_points=0 service=0/0 split=2->0 (2 outputs) fusion_components=2 visual_only=2 lidar_only=0 yolo_in=0 yolo_match3d=0 yolo_match_det=0 yolo_human=0 fixed_size=0 size_reject=2
[lvdot_detector_main-8] [INFO] [1776985025.684046712] [lvdot_detector_node]: Input health: depth=255 color=611 lidar=0 pose=2229 odom=2234 yolo=32 depth_pose_sync=0 lidar_pose_sync=0 depth_odom_sync=0 lidar_odom_sync=0
[lvdot_detector_main-8] [INFO] [1776985025.685085515] [lvdot_detector_node]: Stage timers: detection=99 lidar_detection=1911 tracking=1902 classification=1889 vis=1203
[lvdot_detector_main-8] [INFO] [1776985025.685718157] [lvdot_detector_node]: Processing phases: detection=run_core lidar_detection=waiting_new_lidar tracking=waiting_new_filtered_update classification=waiting_new_tracking_update
[lvdot_detector_main-8] [INFO] [1776985025.685733106] [lvdot_detector_node]: Pipeline stats: depth_samples=1579/71300 u_map=3 depth_boxes=0 u_map_merge=0 u_map_db=0 u_map_visual=0 u_map_fused=0 u_map_filtered=0 lidar_samples=0/0 uv=2 db=12 lidar=0 fused=2 filtered=2 tracks=2 dynamic=0 dyn_points=0 raw_dyn_points=0 service=0/0 split=2->0 (2 outputs) fusion_components=2 visual_only=2 lidar_only=0 yolo_in=0 yolo_match3d=0 yolo_match_det=0 yolo_human=0 fixed_size=0 size_reject=0
[uav_trajectory_controller-4] [WARN] [1776985028.176531527] [uav_trajectory_controller]: SetEntityPose request timed out after 0.88s on /world/pedestrian_prototype/set_pose; dropping the pending request and retrying.
[lvdot_detector_main-8] [INFO] [1776985032.498407624] [lvdot_detector_node]: Input health: depth=275 color=667 lidar=0 pose=2413 odom=2418 yolo=35 depth_pose_sync=0 lidar_pose_sync=0 depth_odom_sync=0 lidar_odom_sync=0
[lvdot_detector_main-8] [INFO] [1776985032.498473966] [lvdot_detector_node]: Stage timers: detection=101 lidar_detection=2075 tracking=2070 classification=2056 vis=1319
[lvdot_detector_main-8] [INFO] [1776985032.498484909] [lvdot_detector_node]: Processing phases: detection=run_core lidar_detection=waiting_new_lidar tracking=waiting_new_filtered_update classification=waiting_new_tracking_update
[lvdot_detector_main-8] [INFO] [1776985032.498494289] [lvdot_detector_node]: Pipeline stats: depth_samples=1367/71300 u_map=1 depth_boxes=0 u_map_merge=0 u_map_db=0 u_map_visual=0 u_map_fused=0 u_map_filtered=0 lidar_samples=0/0 uv=1 db=9 lidar=0 fused=1 filtered=2 tracks=2 dynamic=2 dyn_points=18 raw_dyn_points=0 service=0/0 split=1->1 (2 outputs) fusion_components=1 visual_only=1 lidar_only=0 yolo_in=2 yolo_match3d=1 yolo_match_det=2 yolo_human=2 fixed_size=0 size_reject=0
[lvdot_detector_main-8] [INFO] [1776985038.507113490] [lvdot_detector_node]: Input health: depth=299 color=714 lidar=0 pose=2597 odom=2602 yolo=37 depth_pose_sync=0 lidar_pose_sync=0 depth_odom_sync=0 lidar_odom_sync=0
[lvdot_detector_main-8] [INFO] [1776985038.507175799] [lvdot_detector_node]: Stage timers: detection=103 lidar_detection=2242 tracking=2238 classification=2224 vis=1432
[lvdot_detector_main-8] [INFO] [1776985038.507187075] [lvdot_detector_node]: Processing phases: detection=run_core lidar_detection=snapshot tracking=waiting_new_filtered_update classification=waiting_new_tracking_update
[lvdot_detector_main-8] [INFO] [1776985038.507196213] [lvdot_detector_node]: Pipeline stats: depth_samples=1343/71300 u_map=0 depth_boxes=0 u_map_merge=0 u_map_db=0 u_map_visual=0 u_map_fused=0 u_map_filtered=0 lidar_samples=0/0 uv=0 db=11 lidar=0 fused=0 filtered=0 tracks=0 dynamic=0 dyn_points=0 raw_dyn_points=0 service=0/0 split=0->0 (0 outputs) fusion_components=0 visual_only=0 lidar_only=0 yolo_in=1 yolo_match3d=0 yolo_match_det=0 yolo_human=0 fixed_size=0 size_reject=0
[lvdot_detector_main-8] [INFO] [1776985044.496903095] [lvdot_detector_node]: Input health: depth=322 color=785 lidar=0 pose=2806 odom=2811 yolo=41 depth_pose_sync=0 lidar_pose_sync=0 depth_odom_sync=0 lidar_odom_sync=0
[lvdot_detector_main-8] [INFO] [1776985044.496970787] [lvdot_detector_node]: Stage timers: detection=104 lidar_detection=2412 tracking=2411 classification=2390 vis=1543
[lvdot_detector_main-8] [INFO] [1776985044.496984500] [lvdot_detector_node]: Processing phases: detection=run_core lidar_detection=waiting_new_lidar tracking=waiting_new_filtered_update classification=waiting_new_tracking_update
[lvdot_detector_main-8] [INFO] [1776985044.496994518] [lvdot_detector_node]: Pipeline stats: depth_samples=1336/71300 u_map=3 depth_boxes=0 u_map_merge=0 u_map_db=0 u_map_visual=0 u_map_fused=0 u_map_filtered=0 lidar_samples=0/0 uv=1 db=11 lidar=0 fused=1 filtered=1 tracks=1 dynamic=0 dyn_points=0 raw_dyn_points=0 service=0/0 split=1->0 (1 outputs) fusion_components=1 visual_only=1 lidar_only=0 yolo_in=0 yolo_match3d=0 yolo_match_det=0 yolo_human=0 fixed_size=0 size_reject=0
[lvdot_detector_main-8] [INFO] [1776985050.498819072] [lvdot_detector_node]: Input health: depth=340 color=834 lidar=0 pose=2980 odom=2985 yolo=45 depth_pose_sync=0 lidar_pose_sync=0 depth_odom_sync=0 lidar_odom_sync=0
[lvdot_detector_main-8] [INFO] [1776985050.509268291] [lvdot_detector_node]: Stage timers: detection=106 lidar_detection=2579 tracking=2581 classification=2556 vis=1655
[lvdot_detector_main-8] [INFO] [1776985050.509284999] [lvdot_detector_node]: Processing phases: detection=run_core lidar_detection=waiting_new_lidar tracking=waiting_new_filtered_update classification=waiting_new_tracking_update
[lvdot_detector_main-8] [INFO] [1776985050.509294477] [lvdot_detector_node]: Pipeline stats: depth_samples=1267/71300 u_map=2 depth_boxes=0 u_map_merge=0 u_map_db=0 u_map_visual=0 u_map_fused=0 u_map_filtered=0 lidar_samples=0/0 uv=1 db=12 lidar=0 fused=1 filtered=1 tracks=1 dynamic=0 dyn_points=0 raw_dyn_points=0 service=0/0 split=1->0 (1 outputs) fusion_components=1 visual_only=1 lidar_only=0 yolo_in=1 yolo_match3d=0 yolo_match_det=0 yolo_human=0 fixed_size=0 size_reject=0
[lvdot_detector_main-8] [INFO] [1776985056.504099535] [lvdot_detector_node]: Input health: depth=359 color=883 lidar=0 pose=3191 odom=3197 yolo=47 depth_pose_sync=0 lidar_pose_sync=0 depth_odom_sync=0 lidar_odom_sync=0
[lvdot_detector_main-8] [INFO] [1776985056.504219420] [lvdot_detector_node]: Stage timers: detection=107 lidar_detection=2745 tracking=2746 classification=2729 vis=1770
[lvdot_detector_main-8] [INFO] [1776985056.504236421] [lvdot_detector_node]: Processing phases: detection=run_core lidar_detection=waiting_new_lidar tracking=waiting_new_filtered_update classification=waiting_new_tracking_update
[lvdot_detector_main-8] [INFO] [1776985056.504246875] [lvdot_detector_node]: Pipeline stats: depth_samples=1513/71300 u_map=2 depth_boxes=0 u_map_merge=0 u_map_db=0 u_map_visual=0 u_map_fused=0 u_map_filtered=0 lidar_samples=0/0 uv=2 db=11 lidar=0 fused=2 filtered=2 tracks=2 dynamic=0 dyn_points=0 raw_dyn_points=0 service=0/0 split=2->0 (2 outputs) fusion_components=2 visual_only=2 lidar_only=0 yolo_in=0 yolo_match3d=0 yolo_match_det=0 yolo_human=0 fixed_size=0 size_reject=0
[uav_trajectory_controller-4] [WARN] [1776985061.570765598] [uav_trajectory_controller]: SetEntityPose request timed out after 1.01s on /world/pedestrian_prototype/set_pose; dropping the pending request and retrying.
[lvdot_detector_main-8] [INFO] [1776985063.359983294] [lvdot_detector_node]: Input health: depth=386 color=948 lidar=0 pose=3386 odom=3391 yolo=50 depth_pose_sync=0 lidar_pose_sync=0 depth_odom_sync=0 lidar_odom_sync=0
[lvdot_detector_main-8] [INFO] [1776985063.360071070] [lvdot_detector_node]: Stage timers: detection=109 lidar_detection=2909 tracking=2911 classification=2899 vis=1875
[lvdot_detector_main-8] [INFO] [1776985063.360087118] [lvdot_detector_node]: Processing phases: detection=run_core lidar_detection=waiting_new_lidar tracking=waiting_new_filtered_update classification=waiting_new_tracking_update
[lvdot_detector_main-8] [INFO] [1776985063.360122345] [lvdot_detector_node]: Pipeline stats: depth_samples=1444/71300 u_map=1 depth_boxes=0 u_map_merge=0 u_map_db=0 u_map_visual=0 u_map_fused=0 u_map_filtered=0 lidar_samples=0/0 uv=1 db=11 lidar=0 fused=1 filtered=1 tracks=1 dynamic=0 dyn_points=0 raw_dyn_points=0 service=0/0 split=1->0 (1 outputs) fusion_components=1 visual_only=1 lidar_only=0 yolo_in=1 yolo_match3d=0 yolo_match_det=0 yolo_human=0 fixed_size=0 size_reject=0
[lvdot_detector_main-8] [INFO] [1776985069.346372162] [lvdot_detector_node]: Input health: depth=413 color=1019 lidar=0 pose=3604 odom=3609 yolo=54 depth_pose_sync=0 lidar_pose_sync=0 depth_odom_sync=0 lidar_odom_sync=0
[lvdot_detector_main-8] [INFO] [1776985069.346433716] [lvdot_detector_node]: Stage timers: detection=111 lidar_detection=3078 tracking=3082 classification=3071 vis=1985
[lvdot_detector_main-8] [INFO] [1776985069.346444855] [lvdot_detector_node]: Processing phases: detection=run_core lidar_detection=waiting_new_lidar tracking=waiting_new_filtered_update classification=waiting_new_tracking_update
[lvdot_detector_main-8] [INFO] [1776985069.346454039] [lvdot_detector_node]: Pipeline stats: depth_samples=1348/71300 u_map=1 depth_boxes=0 u_map_merge=0 u_map_db=0 u_map_visual=0 u_map_fused=0 u_map_filtered=0 lidar_samples=0/0 uv=1 db=13 lidar=0 fused=1 filtered=1 tracks=1 dynamic=0 dyn_points=0 raw_dyn_points=0 service=0/0 split=1->0 (1 outputs) fusion_components=1 visual_only=1 lidar_only=0 yolo_in=0 yolo_match3d=0 yolo_match_det=0 yolo_human=0 fixed_size=0 size_reject=0
[lvdot_detector_main-8] [INFO] [1776985075.365417592] [lvdot_detector_node]: Input health: depth=432 color=1065 lidar=0 pose=3796 odom=3801 yolo=55 depth_pose_sync=0 lidar_pose_sync=0 depth_odom_sync=0 lidar_odom_sync=0
[lvdot_detector_main-8] [INFO] [1776985075.365494584] [lvdot_detector_node]: Stage timers: detection=113 lidar_detection=3241 tracking=3247 classification=3244 vis=2099
[lvdot_detector_main-8] [INFO] [1776985075.365520964] [lvdot_detector_node]: Processing phases: detection=run_core lidar_detection=waiting_new_lidar tracking=waiting_new_filtered_update classification=waiting_new_tracking_update
[lvdot_detector_main-8] [INFO] [1776985075.365534057] [lvdot_detector_node]: Pipeline stats: depth_samples=1377/71300 u_map=1 depth_boxes=0 u_map_merge=0 u_map_db=0 u_map_visual=0 u_map_fused=0 u_map_filtered=0 lidar_samples=0/0 uv=1 db=10 lidar=0 fused=1 filtered=1 tracks=1 dynamic=0 dyn_points=0 raw_dyn_points=0 service=0/0 split=1->0 (1 outputs) fusion_components=1 visual_only=1 lidar_only=0 yolo_in=2 yolo_match3d=0 yolo_match_det=0 yolo_human=0 fixed_size=0 size_reject=0
[uav_trajectory_controller-4] [WARN] [1776985079.296025822] [uav_trajectory_controller]: SetEntityPose request timed out after 0.50s on /world/pedestrian_prototype/set_pose; dropping the pending request and retrying.
[uav_trajectory_controller-4] [WARN] [1776985080.542117060] [uav_trajectory_controller]: SetEntityPose request timed out after 0.61s on /world/pedestrian_prototype/set_pose; dropping the pending request and retrying.
[lvdot_detector_main-8] [INFO] [1776985081.403694495] [lvdot_detector_node]: Input health: depth=449 color=1120 lidar=0 pose=3974 odom=3979 yolo=60 depth_pose_sync=0 lidar_pose_sync=0 depth_odom_sync=0 lidar_odom_sync=0
[lvdot_detector_main-8] [INFO] [1776985081.403778522] [lvdot_detector_node]: Stage timers: detection=114 lidar_detection=3410 tracking=3415 classification=3415 vis=2199
[lvdot_detector_main-8] [INFO] [1776985081.403800798] [lvdot_detector_node]: Processing phases: detection=run_core lidar_detection=waiting_new_lidar tracking=waiting_new_filtered_update classification=snapshot
[lvdot_detector_main-8] [INFO] [1776985081.403816040] [lvdot_detector_node]: Pipeline stats: depth_samples=1407/71300 u_map=2 depth_boxes=0 u_map_merge=0 u_map_db=0 u_map_visual=0 u_map_fused=0 u_map_filtered=0 lidar_samples=0/0 uv=1 db=11 lidar=0 fused=1 filtered=1 tracks=1 dynamic=0 dyn_points=0 raw_dyn_points=0 service=0/0 split=1->0 (1 outputs) fusion_components=1 visual_only=1 lidar_only=0 yolo_in=2 yolo_match3d=0 yolo_match_det=0 yolo_human=0 fixed_size=0 size_reject=0
[uav_trajectory_controller-4] [WARN] [1776985082.044163854] [uav_trajectory_controller]: SetEntityPose request timed out after 0.61s on /world/pedestrian_prototype/set_pose; dropping the pending request and retrying.
[lvdot_detector_main-8] [INFO] [1776985087.364380479] [lvdot_detector_node]: Input health: depth=475 color=1186 lidar=0 pose=4155 odom=4161 yolo=63 depth_pose_sync=0 lidar_pose_sync=0 depth_odom_sync=0 lidar_odom_sync=0
[lvdot_detector_main-8] [INFO] [1776985087.364456147] [lvdot_detector_node]: Stage timers: detection=116 lidar_detection=3574 tracking=3578 classification=3580 vis=2297
[lvdot_detector_main-8] [INFO] [1776985087.364474232] [lvdot_detector_node]: Processing phases: detection=run_core lidar_detection=waiting_new_lidar tracking=snapshot classification=waiting_new_tracking_update
[lvdot_detector_main-8] [INFO] [1776985087.364488408] [lvdot_detector_node]: Pipeline stats: depth_samples=1528/71300 u_map=4 depth_boxes=0 u_map_merge=0 u_map_db=0 u_map_visual=0 u_map_fused=0 u_map_filtered=0 lidar_samples=0/0 uv=2 db=12 lidar=0 fused=2 filtered=2 tracks=2 dynamic=0 dyn_points=0 raw_dyn_points=0 service=0/0 split=2->0 (2 outputs) fusion_components=2 visual_only=2 lidar_only=0 yolo_in=1 yolo_match3d=0 yolo_match_det=0 yolo_human=0 fixed_size=0 size_reject=0
[lvdot_detector_main-8] [INFO] [1776985093.348609859] [lvdot_detector_node]: Input health: depth=500 color=1246 lidar=0 pose=4355 odom=4359 yolo=65 depth_pose_sync=0 lidar_pose_sync=0 depth_odom_sync=0 lidar_odom_sync=0
[lvdot_detector_main-8] [INFO] [1776985093.348682530] [lvdot_detector_node]: Stage timers: detection=118 lidar_detection=3741 tracking=3745 classification=3741 vis=2405
[lvdot_detector_main-8] [INFO] [1776985093.348698940] [lvdot_detector_node]: Processing phases: detection=run_core lidar_detection=waiting_new_lidar tracking=waiting_new_filtered_update classification=snapshot
[lvdot_detector_main-8] [INFO] [1776985093.348708903] [lvdot_detector_node]: Pipeline stats: depth_samples=1394/71300 u_map=2 depth_boxes=0 u_map_merge=0 u_map_db=0 u_map_visual=0 u_map_fused=0 u_map_filtered=0 lidar_samples=0/0 uv=1 db=13 lidar=0 fused=1 filtered=1 tracks=1 dynamic=0 dyn_points=0 raw_dyn_points=0 service=0/0 split=1->0 (1 outputs) fusion_components=1 visual_only=1 lidar_only=0 yolo_in=2 yolo_match3d=0 yolo_match_det=0 yolo_human=0 fixed_size=0 size_reject=0
[lvdot_detector_main-8] [INFO] [1776985100.083196332] [lvdot_detector_node]: Input health: depth=519 color=1300 lidar=0 pose=4575 odom=4580 yolo=69 depth_pose_sync=0 lidar_pose_sync=0 depth_odom_sync=0 lidar_odom_sync=0
[lvdot_detector_main-8] [INFO] [1776985100.083288636] [lvdot_detector_node]: Stage timers: detection=121 lidar_detection=3914 tracking=3921 classification=3916 vis=2534
[lvdot_detector_main-8] [INFO] [1776985100.083306609] [lvdot_detector_node]: Processing phases: detection=run_core lidar_detection=waiting_new_lidar tracking=waiting_new_filtered_update classification=waiting_new_tracking_update
[lvdot_detector_main-8] [INFO] [1776985100.083319502] [lvdot_detector_node]: Pipeline stats: depth_samples=750/35659 u_map=4 depth_boxes=0 u_map_merge=0 u_map_db=0 u_map_visual=0 u_map_fused=0 u_map_filtered=0 lidar_samples=0/0 uv=1 db=8 lidar=0 fused=1 filtered=1 tracks=1 dynamic=0 dyn_points=0 raw_dyn_points=0 service=0/0 split=1->0 (1 outputs) fusion_components=1 visual_only=1 lidar_only=0 yolo_in=1 yolo_match3d=0 yolo_match_det=0 yolo_human=0 fixed_size=0 size_reject=0
[lvdot_detector_main-8] [INFO] [1776985106.098896828] [lvdot_detector_node]: Input health: depth=541 color=1351 lidar=0 pose=4763 odom=4768 yolo=71 depth_pose_sync=0 lidar_pose_sync=0 depth_odom_sync=0 lidar_odom_sync=0
[lvdot_detector_main-8] [INFO] [1776985106.098976123] [lvdot_detector_node]: Stage timers: detection=123 lidar_detection=4084 tracking=4089 classification=4084 vis=2656
[lvdot_detector_main-8] [INFO] [1776985106.098988119] [lvdot_detector_node]: Processing phases: detection=run_core lidar_detection=waiting_new_lidar tracking=waiting_new_filtered_update classification=waiting_new_tracking_update
[lvdot_detector_main-8] [INFO] [1776985106.098997385] [lvdot_detector_node]: Pipeline stats: depth_samples=1383/71300 u_map=1 depth_boxes=0 u_map_merge=0 u_map_db=0 u_map_visual=0 u_map_fused=0 u_map_filtered=0 lidar_samples=0/0 uv=1 db=10 lidar=0 fused=1 filtered=1 tracks=1 dynamic=0 dyn_points=0 raw_dyn_points=0 service=0/0 split=1->0 (1 outputs) fusion_components=1 visual_only=1 lidar_only=0 yolo_in=3 yolo_match3d=0 yolo_match_det=0 yolo_human=0 fixed_size=0 size_reject=0
[uav_trajectory_controller-4] [WARN] [1776985108.550167910] [uav_trajectory_controller]: SetEntityPose request timed out after 0.51s on /world/pedestrian_prototype/set_pose; dropping the pending request and retrying.
[lvdot_detector_main-8] [INFO] [1776985112.102107854] [lvdot_detector_node]: Input health: depth=556 color=1390 lidar=0 pose=4930 odom=4935 yolo=75 depth_pose_sync=0 lidar_pose_sync=0 depth_odom_sync=0 lidar_odom_sync=0
[lvdot_detector_main-8] [INFO] [1776985112.102666495] [lvdot_detector_node]: Stage timers: detection=124 lidar_detection=4254 tracking=4260 classification=4248 vis=2772
[lvdot_detector_main-8] [INFO] [1776985112.102683858] [lvdot_detector_node]: Processing phases: detection=idle lidar_detection=waiting_new_lidar tracking=snapshot classification=waiting_new_tracking_update
[lvdot_detector_main-8] [INFO] [1776985112.102695465] [lvdot_detector_node]: Pipeline stats: depth_samples=1419/71300 u_map=2 depth_boxes=0 u_map_merge=0 u_map_db=0 u_map_visual=0 u_map_fused=0 u_map_filtered=0 lidar_samples=0/0 uv=1 db=12 lidar=0 fused=1 filtered=1 tracks=0 dynamic=0 dyn_points=0 raw_dyn_points=0 service=0/0 split=1->1 (1 outputs) fusion_components=1 visual_only=1 lidar_only=0 yolo_in=3 yolo_match3d=1 yolo_match_det=2 yolo_human=1 fixed_size=0 size_reject=0
[lvdot_detector_main-8] [INFO] [1776985118.086685799] [lvdot_detector_node]: Input health: depth=594 color=1451 lidar=0 pose=5147 odom=5153 yolo=79 depth_pose_sync=0 lidar_pose_sync=0 depth_odom_sync=0 lidar_odom_sync=0
[lvdot_detector_main-8] [INFO] [1776985118.086743960] [lvdot_detector_node]: Stage timers: detection=126 lidar_detection=4420 tracking=4432 classification=4416 vis=2896
[lvdot_detector_main-8] [INFO] [1776985118.086755182] [lvdot_detector_node]: Processing phases: detection=run_core lidar_detection=waiting_new_lidar tracking=waiting_new_filtered_update classification=waiting_new_tracking_update
[lvdot_detector_main-8] [INFO] [1776985118.086764257] [lvdot_detector_node]: Pipeline stats: depth_samples=1377/71300 u_map=1 depth_boxes=0 u_map_merge=0 u_map_db=0 u_map_visual=0 u_map_fused=0 u_map_filtered=0 lidar_samples=0/0 uv=1 db=10 lidar=0 fused=1 filtered=1 tracks=1 dynamic=0 dyn_points=0 raw_dyn_points=0 service=0/0 split=1->0 (1 outputs) fusion_components=1 visual_only=1 lidar_only=0 yolo_in=0 yolo_match3d=0 yolo_match_det=0 yolo_human=0 fixed_size=0 size_reject=0
[lvdot_detector_main-8] [INFO] [1776985124.105155317] [lvdot_detector_node]: Input health: depth=605 color=1494 lidar=0 pose=5345 odom=5351 yolo=80 depth_pose_sync=0 lidar_pose_sync=0 depth_odom_sync=0 lidar_odom_sync=0
[lvdot_detector_main-8] [INFO] [1776985124.105232019] [lvdot_detector_node]: Stage timers: detection=128 lidar_detection=4593 tracking=4597 classification=4583 vis=2999
[lvdot_detector_main-8] [INFO] [1776985124.105248316] [lvdot_detector_node]: Processing phases: detection=run_core lidar_detection=waiting_new_lidar tracking=waiting_new_filtered_update classification=waiting_new_tracking_update
[lvdot_detector_main-8] [INFO] [1776985124.105259733] [lvdot_detector_node]: Pipeline stats: depth_samples=1335/71300 u_map=1 depth_boxes=0 u_map_merge=0 u_map_db=0 u_map_visual=0 u_map_fused=0 u_map_filtered=0 lidar_samples=0/0 uv=1 db=10 lidar=0 fused=1 filtered=1 tracks=1 dynamic=0 dyn_points=0 raw_dyn_points=0 service=0/0 split=1->0 (1 outputs) fusion_components=1 visual_only=1 lidar_only=0 yolo_in=2 yolo_match3d=0 yolo_match_det=0 yolo_human=0 fixed_size=0 size_reject=0
[uav_trajectory_controller-4] [WARN] [1776985128.102413398] [uav_trajectory_controller]: SetEntityPose request timed out after 1.42s on /world/pedestrian_prototype/set_pose; dropping the pending request and retrying.
[lvdot_detector_main-8] [INFO] [1776985130.899896471] [lvdot_detector_node]: Input health: depth=623 color=1546 lidar=0 pose=5516 odom=5523 yolo=85 depth_pose_sync=0 lidar_pose_sync=0 depth_odom_sync=0 lidar_odom_sync=0
[lvdot_detector_main-8] [INFO] [1776985130.900042261] [lvdot_detector_node]: Stage timers: detection=130 lidar_detection=4762 tracking=4766 classification=4755 vis=3100
[lvdot_detector_main-8] [INFO] [1776985130.900067925] [lvdot_detector_node]: Processing phases: detection=run_core lidar_detection=waiting_new_lidar tracking=waiting_new_filtered_update classification=waiting_new_tracking_update
[lvdot_detector_main-8] [INFO] [1776985130.900080123] [lvdot_detector_node]: Pipeline stats: depth_samples=1451/71300 u_map=3 depth_boxes=0 u_map_merge=0 u_map_db=0 u_map_visual=0 u_map_fused=0 u_map_filtered=0 lidar_samples=0/0 uv=1 db=11 lidar=0 fused=1 filtered=1 tracks=1 dynamic=0 dyn_points=0 raw_dyn_points=0 service=0/0 split=1->0 (1 outputs) fusion_components=1 visual_only=1 lidar_only=0 yolo_in=5 yolo_match3d=0 yolo_match_det=0 yolo_human=0 fixed_size=0 size_reject=0
[lvdot_detector_main-8] [INFO] [1776985136.897128733] [lvdot_detector_node]: Input health: depth=643 color=1605 lidar=0 pose=5727 odom=5733 yolo=87 depth_pose_sync=0 lidar_pose_sync=0 depth_odom_sync=0 lidar_odom_sync=0
[lvdot_detector_main-8] [INFO] [1776985136.897197433] [lvdot_detector_node]: Stage timers: detection=132 lidar_detection=4933 tracking=4935 classification=4924 vis=3211
[lvdot_detector_main-8] [INFO] [1776985136.897212950] [lvdot_detector_node]: Processing phases: detection=run_core lidar_detection=waiting_new_lidar tracking=waiting_new_filtered_update classification=snapshot
[lvdot_detector_main-8] [INFO] [1776985136.897224172] [lvdot_detector_node]: Pipeline stats: depth_samples=1470/71300 u_map=2 depth_boxes=0 u_map_merge=0 u_map_db=0 u_map_visual=0 u_map_fused=0 u_map_filtered=0 lidar_samples=0/0 uv=1 db=10 lidar=0 fused=1 filtered=1 tracks=1 dynamic=0 dyn_points=0 raw_dyn_points=0 service=0/0 split=1->0 (1 outputs) fusion_components=1 visual_only=1 lidar_only=0 yolo_in=3 yolo_match3d=0 yolo_match_det=0 yolo_human=0 fixed_size=0 size_reject=0
[uav_trajectory_controller-4] [WARN] [1776985142.048217374] [uav_trajectory_controller]: SetEntityPose request timed out after 0.60s on /world/pedestrian_prototype/set_pose; dropping the pending request and retrying.
[lvdot_detector_main-8] [INFO] [1776985142.922835970] [lvdot_detector_node]: Input health: depth=667 color=1652 lidar=0 pose=5922 odom=5929 yolo=90 depth_pose_sync=0 lidar_pose_sync=0 depth_odom_sync=0 lidar_odom_sync=0
[lvdot_detector_main-8] [INFO] [1776985142.922916198] [lvdot_detector_node]: Stage timers: detection=134 lidar_detection=5110 tracking=5101 classification=5093 vis=3324
[lvdot_detector_main-8] [INFO] [1776985142.922938646] [lvdot_detector_node]: Processing phases: detection=run_core lidar_detection=waiting_new_lidar tracking=waiting_new_filtered_update classification=waiting_new_tracking_update
[lvdot_detector_main-8] [INFO] [1776985142.922951237] [lvdot_detector_node]: Pipeline stats: depth_samples=1655/71300 u_map=2 depth_boxes=0 u_map_merge=0 u_map_db=0 u_map_visual=0 u_map_fused=0 u_map_filtered=0 lidar_samples=0/0 uv=2 db=14 lidar=0 fused=2 filtered=2 tracks=2 dynamic=1 dyn_points=71 raw_dyn_points=0 service=0/0 split=2->0 (2 outputs) fusion_components=2 visual_only=2 lidar_only=0 yolo_in=3 yolo_match3d=1 yolo_match_det=1 yolo_human=1 fixed_size=0 size_reject=0
[uav_trajectory_controller-4] [WARN] [1776985147.921700142] [uav_trajectory_controller]: SetEntityPose request timed out after 0.63s on /world/pedestrian_prototype/set_pose; dropping the pending request and retrying.
[lvdot_detector_main-8] [INFO] [1776985148.882214786] [lvdot_detector_node]: Input health: depth=692 color=1715 lidar=0 pose=6108 odom=6114 yolo=94 depth_pose_sync=0 lidar_pose_sync=0 depth_odom_sync=0 lidar_odom_sync=0
[lvdot_detector_main-8] [INFO] [1776985148.882284083] [lvdot_detector_node]: Stage timers: detection=136 lidar_detection=5278 tracking=5268 classification=5263 vis=3430
[lvdot_detector_main-8] [INFO] [1776985148.882297747] [lvdot_detector_node]: Processing phases: detection=run_core lidar_detection=waiting_new_lidar tracking=waiting_new_filtered_update classification=waiting_new_tracking_update
[lvdot_detector_main-8] [INFO] [1776985148.882308288] [lvdot_detector_node]: Pipeline stats: depth_samples=1515/71300 u_map=1 depth_boxes=0 u_map_merge=0 u_map_db=0 u_map_visual=0 u_map_fused=0 u_map_filtered=0 lidar_samples=0/0 uv=1 db=12 lidar=0 fused=1 filtered=1 tracks=1 dynamic=1 dyn_points=95 raw_dyn_points=0 service=0/0 split=1->0 (1 outputs) fusion_components=1 visual_only=1 lidar_only=0 yolo_in=3 yolo_match3d=1 yolo_match_det=1 yolo_human=1 fixed_size=0 size_reject=0
[uav_trajectory_controller-4] [WARN] [1776985151.169562722] [uav_trajectory_controller]: SetEntityPose request timed out after 0.59s on /world/pedestrian_prototype/set_pose; dropping the pending request and retrying.
[lvdot_detector_main-8] [INFO] [1776985154.889189939] [lvdot_detector_node]: Input health: depth=714 color=1770 lidar=0 pose=6271 odom=6277 yolo=95 depth_pose_sync=0 lidar_pose_sync=0 depth_odom_sync=0 lidar_odom_sync=0
[lvdot_detector_main-8] [INFO] [1776985154.896305813] [lvdot_detector_node]: Stage timers: detection=137 lidar_detection=5443 tracking=5445 classification=5436 vis=3540
[lvdot_detector_main-8] [INFO] [1776985154.896323201] [lvdot_detector_node]: Processing phases: detection=run_core lidar_detection=waiting_new_lidar tracking=waiting_new_filtered_update classification=waiting_new_tracking_update
[lvdot_detector_main-8] [INFO] [1776985154.896332676] [lvdot_detector_node]: Pipeline stats: depth_samples=1383/71300 u_map=1 depth_boxes=0 u_map_merge=0 u_map_db=0 u_map_visual=0 u_map_fused=0 u_map_filtered=0 lidar_samples=0/0 uv=1 db=10 lidar=0 fused=1 filtered=1 tracks=1 dynamic=0 dyn_points=0 raw_dyn_points=0 service=0/0 split=1->0 (1 outputs) fusion_components=1 visual_only=1 lidar_only=0 yolo_in=0 yolo_match3d=0 yolo_match_det=0 yolo_human=0 fixed_size=0 size_reject=0
[uav_trajectory_controller-4] [WARN] [1776985161.333381479] [uav_trajectory_controller]: SetEntityPose request timed out after 0.78s on /world/pedestrian_prototype/set_pose; dropping the pending request and retrying.
[lvdot_detector_main-8] [INFO] [1776985161.673500369] [lvdot_detector_node]: Input health: depth=734 color=1837 lidar=0 pose=6463 odom=6469 yolo=100 depth_pose_sync=0 lidar_pose_sync=0 depth_odom_sync=0 lidar_odom_sync=0
[lvdot_detector_main-8] [INFO] [1776985161.673579320] [lvdot_detector_node]: Stage timers: detection=139 lidar_detection=5613 tracking=5613 classification=5606 vis=3653
[lvdot_detector_main-8] [INFO] [1776985161.673595566] [lvdot_detector_node]: Processing phases: detection=run_core lidar_detection=waiting_new_lidar tracking=snapshot classification=waiting_new_tracking_update
[lvdot_detector_main-8] [INFO] [1776985161.673606660] [lvdot_detector_node]: Pipeline stats: depth_samples=1335/71300 u_map=1 depth_boxes=0 u_map_merge=0 u_map_db=0 u_map_visual=0 u_map_fused=0 u_map_filtered=0 lidar_samples=0/0 uv=1 db=10 lidar=0 fused=1 filtered=1 tracks=1 dynamic=0 dyn_points=0 raw_dyn_points=0 service=0/0 split=1->0 (1 outputs) fusion_components=1 visual_only=1 lidar_only=0 yolo_in=2 yolo_match3d=0 yolo_match_det=0 yolo_human=0 fixed_size=0 size_reject=0
[uav_trajectory_controller-4] [WARN] [1776985163.547994479] [uav_trajectory_controller]: SetEntityPose request timed out after 0.61s on /world/pedestrian_prototype/set_pose; dropping the pending request and retrying.
[uav_trajectory_controller-4] [WARN] [1776985165.061731132] [uav_trajectory_controller]: SetEntityPose request timed out after 0.61s on /world/pedestrian_prototype/set_pose; dropping the pending request and retrying.
[lvdot_detector_main-8] [INFO] [1776985167.650044204] [lvdot_detector_node]: Input health: depth=758 color=1897 lidar=0 pose=6604 odom=6610 yolo=104 depth_pose_sync=0 lidar_pose_sync=0 depth_odom_sync=0 lidar_odom_sync=0
[lvdot_detector_main-8] [INFO] [1776985167.650112227] [lvdot_detector_node]: Stage timers: detection=142 lidar_detection=5782 tracking=5783 classification=5779 vis=3778
[lvdot_detector_main-8] [INFO] [1776985167.650123451] [lvdot_detector_node]: Processing phases: detection=run_core lidar_detection=waiting_new_lidar tracking=waiting_new_filtered_update classification=waiting_new_tracking_update
[lvdot_detector_main-8] [INFO] [1776985167.650132137] [lvdot_detector_node]: Pipeline stats: depth_samples=1358/71300 u_map=3 depth_boxes=0 u_map_merge=0 u_map_db=0 u_map_visual=0 u_map_fused=0 u_map_filtered=0 lidar_samples=0/0 uv=0 db=12 lidar=0 fused=0 filtered=0 tracks=0 dynamic=0 dyn_points=0 raw_dyn_points=0 service=0/0 split=0->0 (0 outputs) fusion_components=0 visual_only=0 lidar_only=0 yolo_in=2 yolo_match3d=0 yolo_match_det=0 yolo_human=0 fixed_size=0 size_reject=0
[lvdot_detector_main-8] [INFO] [1776985173.651638526] [lvdot_detector_node]: Input health: depth=767 color=1955 lidar=0 pose=6790 odom=6797 yolo=105 depth_pose_sync=0 lidar_pose_sync=0 depth_odom_sync=0 lidar_odom_sync=0
[lvdot_detector_main-8] [INFO] [1776985173.651694838] [lvdot_detector_node]: Stage timers: detection=143 lidar_detection=5950 tracking=5951 classification=5954 vis=3878
[lvdot_detector_main-8] [INFO] [1776985173.651706061] [lvdot_detector_node]: Processing phases: detection=run_core lidar_detection=waiting_new_lidar tracking=waiting_new_filtered_update classification=snapshot
[lvdot_detector_main-8] [INFO] [1776985173.651715137] [lvdot_detector_node]: Pipeline stats: depth_samples=1383/71300 u_map=1 depth_boxes=0 u_map_merge=0 u_map_db=0 u_map_visual=0 u_map_fused=0 u_map_filtered=0 lidar_samples=0/0 uv=1 db=10 lidar=0 fused=1 filtered=1 tracks=1 dynamic=0 dyn_points=0 raw_dyn_points=0 service=0/0 split=1->0 (1 outputs) fusion_components=1 visual_only=1 lidar_only=0 yolo_in=1 yolo_match3d=0 yolo_match_det=0 yolo_human=0 fixed_size=0 size_reject=0
[lvdot_detector_main-8] [INFO] [1776985179.643615286] [lvdot_detector_node]: Input health: depth=795 color=2003 lidar=0 pose=6999 odom=7006 yolo=110 depth_pose_sync=0 lidar_pose_sync=0 depth_odom_sync=0 lidar_odom_sync=0
[lvdot_detector_main-8] [INFO] [1776985179.643680220] [lvdot_detector_node]: Stage timers: detection=145 lidar_detection=6115 tracking=6122 classification=6118 vis=3985
[lvdot_detector_main-8] [INFO] [1776985179.643692865] [lvdot_detector_node]: Processing phases: detection=run_core lidar_detection=waiting_new_lidar tracking=waiting_new_filtered_update classification=snapshot
[lvdot_detector_main-8] [INFO] [1776985179.643702182] [lvdot_detector_node]: Pipeline stats: depth_samples=1385/71300 u_map=1 depth_boxes=0 u_map_merge=0 u_map_db=0 u_map_visual=0 u_map_fused=0 u_map_filtered=0 lidar_samples=0/0 uv=0 db=11 lidar=0 fused=0 filtered=0 tracks=0 dynamic=0 dyn_points=0 raw_dyn_points=0 service=0/0 split=0->0 (0 outputs) fusion_components=0 visual_only=0 lidar_only=0 yolo_in=3 yolo_match3d=0 yolo_match_det=0 yolo_human=0 fixed_size=0 size_reject=0
[lvdot_detector_main-8] [INFO] [1776985185.638019484] [lvdot_detector_node]: Input health: depth=817 color=2049 lidar=0 pose=7214 odom=7220 yolo=111 depth_pose_sync=0 lidar_pose_sync=0 depth_odom_sync=0 lidar_odom_sync=0
[lvdot_detector_main-8] [INFO] [1776985185.638093040] [lvdot_detector_node]: Stage timers: detection=147 lidar_detection=6289 tracking=6287 classification=6292 vis=4096
[lvdot_detector_main-8] [INFO] [1776985185.638109842] [lvdot_detector_node]: Processing phases: detection=run_core lidar_detection=waiting_new_lidar tracking=waiting_new_filtered_update classification=waiting_new_tracking_update
[lvdot_detector_main-8] [INFO] [1776985185.638121857] [lvdot_detector_node]: Pipeline stats: depth_samples=1369/71300 u_map=0 depth_boxes=0 u_map_merge=0 u_map_db=0 u_map_visual=0 u_map_fused=0 u_map_filtered=0 lidar_samples=0/0 uv=0 db=10 lidar=0 fused=0 filtered=0 tracks=0 dynamic=0 dyn_points=0 raw_dyn_points=0 service=0/0 split=0->0 (0 outputs) fusion_components=0 visual_only=0 lidar_only=0 yolo_in=5 yolo_match3d=0 yolo_match_det=0 yolo_human=0 fixed_size=0 size_reject=0
[lvdot_detector_main-8] [INFO] [1776985191.642983901] [lvdot_detector_node]: Input health: depth=831 color=2109 lidar=0 pose=7390 odom=7397 yolo=115 depth_pose_sync=0 lidar_pose_sync=0 depth_odom_sync=0 lidar_odom_sync=0
[lvdot_detector_main-8] [INFO] [1776985191.643062662] [lvdot_detector_node]: Stage timers: detection=148 lidar_detection=6453 tracking=6461 classification=6464 vis=4216
[lvdot_detector_main-8] [INFO] [1776985191.643077392] [lvdot_detector_node]: Processing phases: detection=run_core lidar_detection=snapshot tracking=waiting_new_filtered_update classification=waiting_new_tracking_update
[lvdot_detector_main-8] [INFO] [1776985191.643088515] [lvdot_detector_node]: Pipeline stats: depth_samples=1343/71300 u_map=0 depth_boxes=0 u_map_merge=0 u_map_db=0 u_map_visual=0 u_map_fused=0 u_map_filtered=0 lidar_samples=0/0 uv=0 db=11 lidar=0 fused=0 filtered=0 tracks=0 dynamic=0 dyn_points=0 raw_dyn_points=0 service=0/0 split=0->0 (0 outputs) fusion_components=0 visual_only=0 lidar_only=0 yolo_in=5 yolo_match3d=0 yolo_match_det=0 yolo_human=0 fixed_size=0 size_reject=0
[uav_trajectory_controller-4] [WARN] [1776985194.642044853] [uav_trajectory_controller]: SetEntityPose request timed out after 1.22s on /world/pedestrian_prototype/set_pose; dropping the pending request and retrying.
[lvdot_detector_main-8] [INFO] [1776985198.429749210] [lvdot_detector_node]: Input health: depth=857 color=2168 lidar=0 pose=7588 odom=7595 yolo=120 depth_pose_sync=0 lidar_pose_sync=0 depth_odom_sync=0 lidar_odom_sync=0
[lvdot_detector_main-8] [INFO] [1776985198.429846801] [lvdot_detector_node]: Stage timers: detection=150 lidar_detection=6609 tracking=6624 classification=6629 vis=4313
[lvdot_detector_main-8] [INFO] [1776985198.429863587] [lvdot_detector_node]: Processing phases: detection=run_core lidar_detection=waiting_new_lidar tracking=waiting_new_filtered_update classification=waiting_new_tracking_update
[lvdot_detector_main-8] [INFO] [1776985198.429874420] [lvdot_detector_node]: Pipeline stats: depth_samples=1366/71300 u_map=2 depth_boxes=0 u_map_merge=0 u_map_db=0 u_map_visual=0 u_map_fused=0 u_map_filtered=0 lidar_samples=0/0 uv=1 db=13 lidar=0 fused=1 filtered=1 tracks=1 dynamic=0 dyn_points=0 raw_dyn_points=0 service=0/0 split=1->0 (1 outputs) fusion_components=1 visual_only=1 lidar_only=0 yolo_in=0 yolo_match3d=0 yolo_match_det=0 yolo_human=0 fixed_size=0 size_reject=0
[uav_trajectory_controller-4] [WARN] [1776985201.304850781] [uav_trajectory_controller]: SetEntityPose request timed out after 0.63s on /world/pedestrian_prototype/set_pose; dropping the pending request and retrying.
[lvdot_detector_main-8] [INFO] [1776985204.443319816] [lvdot_detector_node]: Input health: depth=881 color=2223 lidar=0 pose=7748 odom=7754 yolo=120 depth_pose_sync=0 lidar_pose_sync=0 depth_odom_sync=0 lidar_odom_sync=0
[lvdot_detector_main-8] [INFO] [1776985204.445022727] [lvdot_detector_node]: Stage timers: detection=151 lidar_detection=6783 tracking=6795 classification=6797 vis=4425
[lvdot_detector_main-8] [INFO] [1776985204.445039874] [lvdot_detector_node]: Processing phases: detection=run_core lidar_detection=waiting_new_lidar tracking=snapshot classification=waiting_new_tracking_update
[lvdot_detector_main-8] [INFO] [1776985204.445049658] [lvdot_detector_node]: Pipeline stats: depth_samples=1385/71300 u_map=1 depth_boxes=0 u_map_merge=0 u_map_db=0 u_map_visual=0 u_map_fused=0 u_map_filtered=0 lidar_samples=0/0 uv=0 db=11 lidar=0 fused=0 filtered=0 tracks=0 dynamic=0 dyn_points=0 raw_dyn_points=0 service=0/0 split=0->0 (0 outputs) fusion_components=0 visual_only=0 lidar_only=0 yolo_in=2 yolo_match3d=0 yolo_match_det=0 yolo_human=0 fixed_size=0 size_reject=0
[lvdot_detector_main-8] [INFO] [1776985210.467257385] [lvdot_detector_node]: Input health: depth=904 color=2278 lidar=0 pose=7947 odom=7953 yolo=125 depth_pose_sync=0 lidar_pose_sync=0 depth_odom_sync=0 lidar_odom_sync=0
[lvdot_detector_main-8] [INFO] [1776985210.468606461] [lvdot_detector_node]: Stage timers: detection=153 lidar_detection=6943 tracking=6957 classification=6964 vis=4527
[lvdot_detector_main-8] [INFO] [1776985210.468642580] [lvdot_detector_node]: Processing phases: detection=run_core lidar_detection=waiting_new_lidar tracking=snapshot classification=waiting_new_tracking_update
[lvdot_detector_main-8] [INFO] [1776985210.468656797] [lvdot_detector_node]: Pipeline stats: depth_samples=1400/71300 u_map=1 depth_boxes=0 u_map_merge=0 u_map_db=0 u_map_visual=0 u_map_fused=0 u_map_filtered=0 lidar_samples=0/0 uv=1 db=10 lidar=0 fused=1 filtered=1 tracks=1 dynamic=0 dyn_points=0 raw_dyn_points=0 service=0/0 split=1->0 (1 outputs) fusion_components=1 visual_only=1 lidar_only=0 yolo_in=2 yolo_match3d=0 yolo_match_det=0 yolo_human=0 fixed_size=0 size_reject=0
[lvdot_detector_main-8] [INFO] [1776985216.444530105] [lvdot_detector_node]: Input health: depth=931 color=2336 lidar=1 pose=8130 odom=8136 yolo=128 depth_pose_sync=0 lidar_pose_sync=0 depth_odom_sync=0 lidar_odom_sync=0
[lvdot_detector_main-8] [INFO] [1776985216.444597834] [lvdot_detector_node]: Stage timers: detection=155 lidar_detection=6969 tracking=7132 classification=7133 vis=4639
[lvdot_detector_main-8] [INFO] [1776985216.444608959] [lvdot_detector_node]: Processing phases: detection=run_core lidar_detection=run_lidar_detector/dbscan tracking=waiting_new_filtered_update classification=waiting_new_tracking_update
[lvdot_detector_main-8] [INFO] [1776985216.444620768] [lvdot_detector_node]: Pipeline stats: depth_samples=1406/71300 u_map=1 depth_boxes=0 u_map_merge=0 u_map_db=0 u_map_visual=0 u_map_fused=0 u_map_filtered=0 lidar_samples=0/0 uv=1 db=10 lidar=0 fused=1 filtered=2 tracks=2 dynamic=1 dyn_points=24 raw_dyn_points=0 service=0/0 split=1->1 (2 outputs) fusion_components=1 visual_only=1 lidar_only=0 yolo_in=5 yolo_match3d=1 yolo_match_det=2 yolo_human=2 fixed_size=0 size_reject=1
[uav_trajectory_controller-4] [WARN] [1776985218.053870691] [uav_trajectory_controller]: SetEntityPose request timed out after 0.63s on /world/pedestrian_prototype/set_pose; dropping the pending request and retrying.
[uav_trajectory_controller-4] [WARN] [1776985221.182851803] [uav_trajectory_controller]: SetEntityPose request timed out after 0.64s on /world/pedestrian_prototype/set_pose; dropping the pending request and retrying.
[lvdot_detector_main-8] [INFO] [1776985222.443049776] [lvdot_detector_node]: Input health: depth=952 color=2392 lidar=1 pose=8304 odom=8311 yolo=130 depth_pose_sync=0 lidar_pose_sync=0 depth_odom_sync=0 lidar_odom_sync=0
[lvdot_detector_main-8] [INFO] [1776985222.443112333] [lvdot_detector_node]: Stage timers: detection=156 lidar_detection=6974 tracking=7304 classification=7307 vis=4743
[lvdot_detector_main-8] [INFO] [1776985222.443123849] [lvdot_detector_node]: Processing phases: detection=run_core lidar_detection=waiting_new_lidar tracking=waiting_new_filtered_update classification=snapshot
[lvdot_detector_main-8] [INFO] [1776985222.443133413] [lvdot_detector_node]: Pipeline stats: depth_samples=1452/71300 u_map=2 depth_boxes=0 u_map_merge=0 u_map_db=0 u_map_visual=0 u_map_fused=0 u_map_filtered=0 lidar_samples=3300/121995 uv=1 db=14 lidar=15 fused=16 filtered=18 tracks=18 dynamic=3 dyn_points=115 raw_dyn_points=445 service=0/0 split=16->2 (18 outputs) fusion_components=16 visual_only=1 lidar_only=15 yolo_in=5 yolo_match3d=2 yolo_match_det=4 yolo_human=4 fixed_size=0 size_reject=1
[uav_trajectory_controller-4] [WARN] [1776985223.049065646] [uav_trajectory_controller]: SetEntityPose request timed out after 0.51s on /world/pedestrian_prototype/set_pose; dropping the pending request and retrying.
[lvdot_detector_main-8] [INFO] [1776985229.271082351] [lvdot_detector_node]: Input health: depth=973 color=2449 lidar=1 pose=8400 odom=8420 yolo=135 depth_pose_sync=0 lidar_pose_sync=0 depth_odom_sync=0 lidar_odom_sync=0
[lvdot_detector_main-8] [INFO] [1776985229.271237814] [lvdot_detector_node]: Stage timers: detection=158 lidar_detection=7054 tracking=7384 classification=7385 vis=4769
[lvdot_detector_main-8] [INFO] [1776985229.271254697] [lvdot_detector_node]: Processing phases: detection=run_core lidar_detection=snapshot tracking=waiting_new_filtered_update classification=waiting_new_tracking_update
[lvdot_detector_main-8] [INFO] [1776985229.271266604] [lvdot_detector_node]: Pipeline stats: depth_samples=1332/71300 u_map=1 depth_boxes=0 u_map_merge=0 u_map_db=0 u_map_visual=0 u_map_fused=0 u_map_filtered=0 lidar_samples=3300/121995 uv=0 db=11 lidar=15 fused=15 filtered=15 tracks=15 dynamic=1 dyn_points=103 raw_dyn_points=889 service=0/0 split=15->0 (15 outputs) fusion_components=15 visual_only=0 lidar_only=15 yolo_in=4 yolo_match3d=2 yolo_match_det=2 yolo_human=2 fixed_size=0 size_reject=1
[lvdot_detector_main-8] [INFO] [1776985235.297859580] [lvdot_detector_node]: Input health: depth=1008 color=2500 lidar=1 pose=8505 odom=8536 yolo=136 depth_pose_sync=0 lidar_pose_sync=0 depth_odom_sync=0 lidar_odom_sync=0
[lvdot_detector_main-8] [INFO] [1776985235.301873386] [lvdot_detector_node]: Stage timers: detection=160 lidar_detection=7132 tracking=7459 classification=7466 vis=4799
[lvdot_detector_main-8] [INFO] [1776985235.302295755] [lvdot_detector_node]: Processing phases: detection=run_core lidar_detection=waiting_new_lidar tracking=waiting_new_filtered_update classification=snapshot
[lvdot_detector_main-8] [INFO] [1776985235.302313438] [lvdot_detector_node]: Pipeline stats: depth_samples=1383/71300 u_map=1 depth_boxes=0 u_map_merge=0 u_map_db=0 u_map_visual=0 u_map_fused=0 u_map_filtered=0 lidar_samples=3300/121995 uv=1 db=10 lidar=15 fused=16 filtered=16 tracks=16 dynamic=0 dyn_points=0 raw_dyn_points=0 service=0/0 split=16->0 (16 outputs) fusion_components=16 visual_only=1 lidar_only=15 yolo_in=0 yolo_match3d=0 yolo_match_det=0 yolo_human=0 fixed_size=0 size_reject=0
[lvdot_detector_main-8] [INFO] [1776985241.265379091] [lvdot_detector_node]: Input health: depth=1025 color=2565 lidar=1 pose=8641 odom=8682 yolo=140 depth_pose_sync=0 lidar_pose_sync=0 depth_odom_sync=0 lidar_odom_sync=0
[lvdot_detector_main-8] [INFO] [1776985241.268671743] [lvdot_detector_node]: Stage timers: detection=162 lidar_detection=7228 tracking=7543 classification=7545 vis=4836
[lvdot_detector_main-8] [INFO] [1776985241.268696816] [lvdot_detector_node]: Processing phases: detection=run_core lidar_detection=waiting_new_lidar tracking=waiting_new_filtered_update classification=run_core
[lvdot_detector_main-8] [INFO] [1776985241.268721408] [lvdot_detector_node]: Pipeline stats: depth_samples=1400/71300 u_map=1 depth_boxes=0 u_map_merge=0 u_map_db=0 u_map_visual=0 u_map_fused=0 u_map_filtered=0 lidar_samples=3300/121995 uv=1 db=10 lidar=15 fused=16 filtered=16 tracks=16 dynamic=0 dyn_points=0 raw_dyn_points=0 service=0/0 split=16->0 (16 outputs) fusion_components=16 visual_only=1 lidar_only=15 yolo_in=2 yolo_match3d=0 yolo_match_det=0 yolo_human=0 fixed_size=0 size_reject=0
[uav_trajectory_controller-4] [WARN] [1776985242.429903437] [uav_trajectory_controller]: SetEntityPose request timed out after 0.51s on /world/pedestrian_prototype/set_pose; dropping the pending request and retrying.
[uav_trajectory_controller-4] [WARN] [1776985244.923757894] [uav_trajectory_controller]: SetEntityPose request timed out after 0.50s on /world/pedestrian_prototype/set_pose; dropping the pending request and retrying.
[uav_trajectory_controller-4] [WARN] [1776985245.937187320] [uav_trajectory_controller]: SetEntityPose request timed out after 0.63s on /world/pedestrian_prototype/set_pose; dropping the pending request and retrying.
[lvdot_detector_main-8] [INFO] [1776985247.278541135] [lvdot_detector_node]: Input health: depth=1049 color=2607 lidar=2 pose=8732 odom=8777 yolo=145 depth_pose_sync=0 lidar_pose_sync=0 depth_odom_sync=0 lidar_odom_sync=0
[lvdot_detector_main-8] [INFO] [1776985247.280565473] [lvdot_detector_node]: Stage timers: detection=164 lidar_detection=7299 tracking=7616 classification=7619 vis=4869
[lvdot_detector_main-8] [INFO] [1776985247.281357622] [lvdot_detector_node]: Processing phases: detection=run_core lidar_detection=run_lidar_detector/project tracking=waiting_new_filtered_update classification=waiting_new_tracking_update
[lvdot_detector_main-8] [INFO] [1776985247.281398025] [lvdot_detector_node]: Pipeline stats: depth_samples=1469/71300 u_map=3 depth_boxes=0 u_map_merge=0 u_map_db=0 u_map_visual=0 u_map_fused=0 u_map_filtered=0 lidar_samples=3300/121995 uv=3 db=14 lidar=15 fused=18 filtered=18 tracks=18 dynamic=0 dyn_points=0 raw_dyn_points=0 service=0/0 split=18->1 (18 outputs) fusion_components=18 visual_only=3 lidar_only=15 yolo_in=2 yolo_match3d=1 yolo_match_det=2 yolo_human=1 fixed_size=0 size_reject=1
[lvdot_detector_main-8] [INFO] [1776985253.307893607] [lvdot_detector_node]: Input health: depth=1074 color=2650 lidar=2 pose=8807 odom=8853 yolo=145 depth_pose_sync=0 lidar_pose_sync=0 depth_odom_sync=0 lidar_odom_sync=0
[lvdot_detector_main-8] [INFO] [1776985253.307984276] [lvdot_detector_node]: Stage timers: detection=165 lidar_detection=7299 tracking=7694 classification=7685 vis=4893
[lvdot_detector_main-8] [INFO] [1776985253.308003467] [lvdot_detector_node]: Processing phases: detection=run_core lidar_detection=run_lidar_detector/dbscan tracking=waiting_new_filtered_update classification=waiting_new_tracking_update
[lvdot_detector_main-8] [INFO] [1776985253.308026771] [lvdot_detector_node]: Pipeline stats: depth_samples=1322/71300 u_map=0 depth_boxes=0 u_map_merge=0 u_map_db=0 u_map_visual=0 u_map_fused=0 u_map_filtered=0 lidar_samples=3300/121995 uv=0 db=14 lidar=15 fused=15 filtered=15 tracks=15 dynamic=0 dyn_points=0 raw_dyn_points=0 service=0/0 split=15->0 (15 outputs) fusion_components=15 visual_only=0 lidar_only=15 yolo_in=1 yolo_match3d=0 yolo_match_det=0 yolo_human=0 fixed_size=0 size_reject=0
[lvdot_detector_main-8] [INFO] [1776985259.313456822] [lvdot_detector_node]: Input health: depth=1089 color=2687 lidar=2 pose=8919 odom=8974 yolo=150 depth_pose_sync=0 lidar_pose_sync=0 depth_odom_sync=0 lidar_odom_sync=0
[lvdot_detector_main-8] [INFO] [1776985259.319819407] [lvdot_detector_node]: Stage timers: detection=167 lidar_detection=7338 tracking=7780 classification=7774 vis=4925
[lvdot_detector_main-8] [INFO] [1776985259.319840068] [lvdot_detector_node]: Processing phases: detection=run_core lidar_detection=waiting_new_lidar tracking=snapshot classification=waiting_new_tracking_update
[lvdot_detector_main-8] [INFO] [1776985259.319849897] [lvdot_detector_node]: Pipeline stats: depth_samples=1442/71300 u_map=2 depth_boxes=0 u_map_merge=0 u_map_db=0 u_map_visual=0 u_map_fused=0 u_map_filtered=0 lidar_samples=3221/124495 uv=1 db=12 lidar=17 fused=16 filtered=16 tracks=16 dynamic=0 dyn_points=0 raw_dyn_points=0 service=0/0 split=16->0 (16 outputs) fusion_components=16 visual_only=1 lidar_only=15 yolo_in=1 yolo_match3d=0 yolo_match_det=0 yolo_human=0 fixed_size=0 size_reject=0
[uav_trajectory_controller-4] [WARN] [1776985266.043066409] [uav_trajectory_controller]: SetEntityPose request timed out after 0.62s on /world/pedestrian_prototype/set_pose; dropping the pending request and retrying.
[lvdot_detector_main-8] [INFO] [1776985266.145546829] [lvdot_detector_node]: Input health: depth=1109 color=2732 lidar=2 pose=9024 odom=9095 yolo=151 depth_pose_sync=0 lidar_pose_sync=0 depth_odom_sync=0 lidar_odom_sync=0
[lvdot_detector_main-8] [INFO] [1776985266.145612600] [lvdot_detector_node]: Stage timers: detection=168 lidar_detection=7413 tracking=7853 classification=7856 vis=4952
[lvdot_detector_main-8] [INFO] [1776985266.145623740] [lvdot_detector_node]: Processing phases: detection=run_core lidar_detection=snapshot tracking=waiting_new_filtered_update classification=waiting_new_tracking_update
[lvdot_detector_main-8] [INFO] [1776985266.145633135] [lvdot_detector_node]: Pipeline stats: depth_samples=1385/71300 u_map=1 depth_boxes=0 u_map_merge=0 u_map_db=0 u_map_visual=0 u_map_fused=0 u_map_filtered=0 lidar_samples=3221/124495 uv=0 db=11 lidar=17 fused=17 filtered=17 tracks=17 dynamic=0 dyn_points=0 raw_dyn_points=0 service=0/0 split=17->1 (17 outputs) fusion_components=17 visual_only=0 lidar_only=17 yolo_in=6 yolo_match3d=1 yolo_match_det=5 yolo_human=1 fixed_size=0 size_reject=1
[lvdot_detector_main-8] [INFO] [1776985272.071570882] [lvdot_detector_node]: Input health: depth=1128 color=2777 lidar=2 pose=9131 odom=9209 yolo=155 depth_pose_sync=0 lidar_pose_sync=0 depth_odom_sync=0 lidar_odom_sync=0
[lvdot_detector_main-8] [INFO] [1776985272.072197304] [lvdot_detector_node]: Stage timers: detection=169 lidar_detection=7495 tracking=7934 classification=7927 vis=4980
[lvdot_detector_main-8] [INFO] [1776985272.072219292] [lvdot_detector_node]: Processing phases: detection=run_core lidar_detection=waiting_new_lidar tracking=waiting_new_filtered_update classification=snapshot
[lvdot_detector_main-8] [INFO] [1776985272.072232563] [lvdot_detector_node]: Pipeline stats: depth_samples=1375/71300 u_map=2 depth_boxes=0 u_map_merge=0 u_map_db=0 u_map_visual=0 u_map_fused=0 u_map_filtered=0 lidar_samples=3221/124495 uv=2 db=11 lidar=17 fused=19 filtered=19 tracks=19 dynamic=0 dyn_points=0 raw_dyn_points=0 service=0/0 split=19->1 (19 outputs) fusion_components=19 visual_only=2 lidar_only=17 yolo_in=6 yolo_match3d=1 yolo_match_det=3 yolo_human=1 fixed_size=0 size_reject=1
[lvdot_detector_main-8] [INFO] [1776985278.123038962] [lvdot_detector_node]: Input health: depth=1149 color=2832 lidar=2 pose=9242 odom=9328 yolo=159 depth_pose_sync=0 lidar_pose_sync=0 depth_odom_sync=0 lidar_odom_sync=0
[lvdot_detector_main-8] [INFO] [1776985278.123109748] [lvdot_detector_node]: Stage timers: detection=171 lidar_detection=7569 tracking=8003 classification=8010 vis=5008
[lvdot_detector_main-8] [INFO] [1776985278.123121193] [lvdot_detector_node]: Processing phases: detection=run_core lidar_detection=snapshot tracking=waiting_new_filtered_update classification=waiting_new_tracking_update
[lvdot_detector_main-8] [INFO] [1776985278.123130138] [lvdot_detector_node]: Pipeline stats: depth_samples=1322/71300 u_map=0 depth_boxes=0 u_map_merge=0 u_map_db=0 u_map_visual=0 u_map_fused=0 u_map_filtered=0 lidar_samples=3221/124495 uv=0 db=14 lidar=17 fused=17 filtered=17 tracks=17 dynamic=0 dyn_points=0 raw_dyn_points=0 service=0/0 split=17->0 (17 outputs) fusion_components=17 visual_only=0 lidar_only=17 yolo_in=2 yolo_match3d=0 yolo_match_det=0 yolo_human=0 fixed_size=0 size_reject=0
[lvdot_detector_main-8] [INFO] [1776985284.115562047] [lvdot_detector_node]: Input health: depth=1166 color=2885 lidar=2 pose=9346 odom=9444 yolo=160 depth_pose_sync=0 lidar_pose_sync=0 depth_odom_sync=0 lidar_odom_sync=0
[lvdot_detector_main-8] [INFO] [1776985284.115633515] [lvdot_detector_node]: Stage timers: detection=172 lidar_detection=7649 tracking=8086 classification=8084 vis=5039
[lvdot_detector_main-8] [INFO] [1776985284.115650503] [lvdot_detector_node]: Processing phases: detection=run_core lidar_detection=waiting_new_lidar tracking=waiting_new_filtered_update classification=snapshot
[lvdot_detector_main-8] [INFO] [1776985284.115662902] [lvdot_detector_node]: Pipeline stats: depth_samples=1349/71300 u_map=2 depth_boxes=0 u_map_merge=0 u_map_db=0 u_map_visual=0 u_map_fused=0 u_map_filtered=0 lidar_samples=3221/124495 uv=2 db=11 lidar=17 fused=19 filtered=19 tracks=19 dynamic=0 dyn_points=0 raw_dyn_points=0 service=0/0 split=19->1 (19 outputs) fusion_components=19 visual_only=2 lidar_only=17 yolo_in=3 yolo_match3d=1 yolo_match_det=2 yolo_human=1 fixed_size=0 size_reject=1
[uav_trajectory_controller-4] [WARN] [1776985286.428158211] [uav_trajectory_controller]: SetEntityPose request timed out after 0.62s on /world/pedestrian_prototype/set_pose; dropping the pending request and retrying.
[lvdot_detector_main-8] [INFO] [1776985290.072749976] [lvdot_detector_node]: Input health: depth=1187 color=2932 lidar=2 pose=9443 odom=9553 yolo=165 depth_pose_sync=0 lidar_pose_sync=0 depth_odom_sync=0 lidar_odom_sync=0
[lvdot_detector_main-8] [INFO] [1776985290.072832446] [lvdot_detector_node]: Stage timers: detection=174 lidar_detection=7725 tracking=8163 classification=8157 vis=5068
[lvdot_detector_main-8] [INFO] [1776985290.072851354] [lvdot_detector_node]: Processing phases: detection=run_core lidar_detection=waiting_new_lidar tracking=waiting_new_filtered_update classification=waiting_new_tracking_update
[lvdot_detector_main-8] [INFO] [1776985290.072865233] [lvdot_detector_node]: Pipeline stats: depth_samples=1326/71300 u_map=0 depth_boxes=0 u_map_merge=0 u_map_db=0 u_map_visual=0 u_map_fused=0 u_map_filtered=0 lidar_samples=3221/124495 uv=0 db=12 lidar=17 fused=17 filtered=17 tracks=17 dynamic=1 dyn_points=93 raw_dyn_points=10484 service=0/0 split=17->0 (17 outputs) fusion_components=17 visual_only=0 lidar_only=17 yolo_in=2 yolo_match3d=1 yolo_match_det=1 yolo_human=1 fixed_size=0 size_reject=0
[uav_trajectory_controller-4] [WARN] [1776985294.622408436] [uav_trajectory_controller]: SetEntityPose request timed out after 1.07s on /world/pedestrian_prototype/set_pose; dropping the pending request and retrying.
[uav_trajectory_controller-4] [WARN] [1776985295.171040727] [uav_trajectory_controller]: SetEntityPose request timed out after 0.50s on /world/pedestrian_prototype/set_pose; dropping the pending request and retrying.
[lvdot_detector_main-8] [INFO] [1776985296.926232917] [lvdot_detector_node]: Input health: depth=1213 color=2985 lidar=2 pose=9528 odom=9649 yolo=167 depth_pose_sync=0 lidar_pose_sync=0 depth_odom_sync=0 lidar_odom_sync=0
[lvdot_detector_main-8] [INFO] [1776985296.926303378] [lvdot_detector_node]: Stage timers: detection=176 lidar_detection=7797 tracking=8237 classification=8224 vis=5097
[lvdot_detector_main-8] [INFO] [1776985296.926317627] [lvdot_detector_node]: Processing phases: detection=run_core lidar_detection=snapshot tracking=waiting_new_filtered_update classification=waiting_new_tracking_update
[lvdot_detector_main-8] [INFO] [1776985296.926328069] [lvdot_detector_node]: Pipeline stats: depth_samples=1401/71300 u_map=1 depth_boxes=0 u_map_merge=0 u_map_db=0 u_map_visual=0 u_map_fused=0 u_map_filtered=0 lidar_samples=3221/124495 uv=0 db=12 lidar=17 fused=17 filtered=17 tracks=17 dynamic=0 dyn_points=0 raw_dyn_points=0 service=0/0 split=17->1 (17 outputs) fusion_components=17 visual_only=0 lidar_only=17 yolo_in=3 yolo_match3d=1 yolo_match_det=3 yolo_human=1 fixed_size=0 size_reject=1
[uav_trajectory_controller-4] [WARN] [1776985300.548256098] [uav_trajectory_controller]: SetEntityPose request timed out after 0.61s on /world/pedestrian_prototype/set_pose; dropping the pending request and retrying.
[lvdot_detector_main-8] [INFO] [1776985302.933660739] [lvdot_detector_node]: Input health: depth=1236 color=3042 lidar=2 pose=9644 odom=9771 yolo=170 depth_pose_sync=0 lidar_pose_sync=0 depth_odom_sync=0 lidar_odom_sync=0
[lvdot_detector_main-8] [INFO] [1776985302.933728375] [lvdot_detector_node]: Stage timers: detection=177 lidar_detection=7871 tracking=8308 classification=8297 vis=5121
[lvdot_detector_main-8] [INFO] [1776985302.933742624] [lvdot_detector_node]: Processing phases: detection=run_filter lidar_detection=snapshot tracking=waiting_new_filtered_update classification=snapshot
[lvdot_detector_main-8] [INFO] [1776985302.933753262] [lvdot_detector_node]: Pipeline stats: depth_samples=1448/71300 u_map=1 depth_boxes=0 u_map_merge=0 u_map_db=0 u_map_visual=0 u_map_fused=0 u_map_filtered=0 lidar_samples=3221/124495 uv=1 db=10 lidar=17 fused=18 filtered=19 tracks=19 dynamic=3 dyn_points=147 raw_dyn_points=1368 service=0/0 split=18->1 (19 outputs) fusion_components=18 visual_only=1 lidar_only=17 yolo_in=3 yolo_match3d=2 yolo_match_det=3 yolo_human=3 fixed_size=0 size_reject=0
[lvdot_detector_main-8] [INFO] [1776985308.930610491] [lvdot_detector_node]: Input health: depth=1256 color=3088 lidar=2 pose=9755 odom=9890 yolo=173 depth_pose_sync=0 lidar_pose_sync=0 depth_odom_sync=0 lidar_odom_sync=0
[lvdot_detector_main-8] [INFO] [1776985308.930682229] [lvdot_detector_node]: Stage timers: detection=179 lidar_detection=7951 tracking=8394 classification=8354 vis=5148
[lvdot_detector_main-8] [INFO] [1776985308.930699700] [lvdot_detector_node]: Processing phases: detection=run_core lidar_detection=waiting_new_lidar tracking=snapshot classification=waiting_new_tracking_update
[lvdot_detector_main-8] [INFO] [1776985308.930712876] [lvdot_detector_node]: Pipeline stats: depth_samples=1383/71300 u_map=1 depth_boxes=0 u_map_merge=0 u_map_db=0 u_map_visual=0 u_map_fused=0 u_map_filtered=0 lidar_samples=3221/124495 uv=1 db=10 lidar=17 fused=18 filtered=18 tracks=18 dynamic=1 dyn_points=170 raw_dyn_points=0 service=0/0 split=18->0 (18 outputs) fusion_components=18 visual_only=1 lidar_only=17 yolo_in=1 yolo_match3d=1 yolo_match_det=1 yolo_human=1 fixed_size=0 size_reject=0
[uav_trajectory_controller-4] [WARN] [1776985311.669340982] [uav_trajectory_controller]: SetEntityPose request timed out after 0.62s on /world/pedestrian_prototype/set_pose; dropping the pending request and retrying.
[lvdot_detector_main-8] [INFO] [1776985314.958960821] [lvdot_detector_node]: Input health: depth=1285 color=3132 lidar=2 pose=9833 odom=9978 yolo=175 depth_pose_sync=0 lidar_pose_sync=0 depth_odom_sync=0 lidar_odom_sync=0
[lvdot_detector_main-8] [INFO] [1776985314.959039200] [lvdot_detector_node]: Stage timers: detection=181 lidar_detection=8019 tracking=8457 classification=8422 vis=5173
[lvdot_detector_main-8] [INFO] [1776985314.959057355] [lvdot_detector_node]: Processing phases: detection=run_core lidar_detection=waiting_new_lidar tracking=snapshot classification=waiting_new_tracking_update
[lvdot_detector_main-8] [INFO] [1776985314.959068288] [lvdot_detector_node]: Pipeline stats: depth_samples=1408/71300 u_map=3 depth_boxes=0 u_map_merge=0 u_map_db=0 u_map_visual=0 u_map_fused=0 u_map_filtered=0 lidar_samples=3221/124495 uv=1 db=10 lidar=17 fused=18 filtered=18 tracks=18 dynamic=0 dyn_points=0 raw_dyn_points=0 service=0/0 split=18->0 (18 outputs) fusion_components=18 visual_only=1 lidar_only=17 yolo_in=0 yolo_match3d=0 yolo_match_det=0 yolo_human=0 fixed_size=0 size_reject=0
[lvdot_detector_main-8] [INFO] [1776985320.925852716] [lvdot_detector_node]: Input health: depth=1309 color=3175 lidar=2 pose=9958 odom=10115 yolo=179 depth_pose_sync=0 lidar_pose_sync=0 depth_odom_sync=0 lidar_odom_sync=0
[lvdot_detector_main-8] [INFO] [1776985320.929881416] [lvdot_detector_node]: Stage timers: detection=182 lidar_detection=8103 tracking=8539 classification=8502 vis=5207
[lvdot_detector_main-8] [INFO] [1776985320.931100840] [lvdot_detector_node]: Processing phases: detection=run_core lidar_detection=waiting_new_lidar tracking=snapshot classification=waiting_new_tracking_update
[lvdot_detector_main-8] [INFO] [1776985320.931113822] [lvdot_detector_node]: Pipeline stats: depth_samples=1452/71300 u_map=3 depth_boxes=0 u_map_merge=0 u_map_db=0 u_map_visual=0 u_map_fused=0 u_map_filtered=0 lidar_samples=3221/124495 uv=2 db=15 lidar=17 fused=19 filtered=19 tracks=19 dynamic=1 dyn_points=35 raw_dyn_points=0 service=0/0 split=19->0 (19 outputs) fusion_components=19 visual_only=2 lidar_only=17 yolo_in=1 yolo_match3d=1 yolo_match_det=1 yolo_human=1 fixed_size=0 size_reject=0
[lvdot_detector_main-8] [INFO] [1776985326.940158545] [lvdot_detector_node]: Input health: depth=1328 color=3224 lidar=2 pose=10026 odom=10197 yolo=182 depth_pose_sync=0 lidar_pose_sync=0 depth_odom_sync=0 lidar_odom_sync=0
[lvdot_detector_main-8] [INFO] [1776985326.940277960] [lvdot_detector_node]: Stage timers: detection=184 lidar_detection=8180 tracking=8607 classification=8554 vis=5230
[lvdot_detector_main-8] [INFO] [1776985326.940318578] [lvdot_detector_node]: Processing phases: detection=run_core lidar_detection=waiting_new_lidar tracking=snapshot classification=waiting_new_tracking_update
[lvdot_detector_main-8] [INFO] [1776985326.940348847] [lvdot_detector_node]: Pipeline stats: depth_samples=1348/71300 u_map=3 depth_boxes=0 u_map_merge=0 u_map_db=0 u_map_visual=0 u_map_fused=0 u_map_filtered=0 lidar_samples=3221/124495 uv=1 db=7 lidar=17 fused=18 filtered=18 tracks=18 dynamic=1 dyn_points=72 raw_dyn_points=836 service=0/0 split=18->0 (18 outputs) fusion_components=18 visual_only=1 lidar_only=17 yolo_in=2 yolo_match3d=2 yolo_match_det=2 yolo_human=2 fixed_size=0 size_reject=1
[lvdot_detector_main-8] [INFO] [1776985333.041906120] [lvdot_detector_node]: Input health: depth=1345 color=3262 lidar=3 pose=10116 odom=10297 yolo=185 depth_pose_sync=0 lidar_pose_sync=0 depth_odom_sync=0 lidar_odom_sync=0
[lvdot_detector_main-8] [INFO] [1776985333.041985417] [lvdot_detector_node]: Stage timers: detection=186 lidar_detection=8236 tracking=8677 classification=8617 vis=5257
[lvdot_detector_main-8] [INFO] [1776985333.042001355] [lvdot_detector_node]: Processing phases: detection=run_core lidar_detection=run_lidar_detector/project tracking=waiting_new_filtered_update classification=run_core
[lvdot_detector_main-8] [INFO] [1776985333.042014262] [lvdot_detector_node]: Pipeline stats: depth_samples=1477/71300 u_map=3 depth_boxes=0 u_map_merge=0 u_map_db=0 u_map_visual=0 u_map_fused=0 u_map_filtered=0 lidar_samples=3221/124495 uv=0 db=12 lidar=17 fused=17 filtered=17 tracks=17 dynamic=0 dyn_points=0 raw_dyn_points=0 service=0/0 split=17->0 (17 outputs) fusion_components=17 visual_only=0 lidar_only=17 yolo_in=2 yolo_match3d=1 yolo_match_det=1 yolo_human=1 fixed_size=0 size_reject=1
[lvdot_detector_main-8] [INFO] [1776985338.949928471] [lvdot_detector_node]: Input health: depth=1363 color=3304 lidar=3 pose=10204 odom=10386 yolo=187 depth_pose_sync=0 lidar_pose_sync=0 depth_odom_sync=0 lidar_odom_sync=0
[lvdot_detector_main-8] [INFO] [1776985338.950004266] [lvdot_detector_node]: Stage timers: detection=187 lidar_detection=8236 tracking=8751 classification=8691 vis=5284
[lvdot_detector_main-8] [INFO] [1776985338.950021153] [lvdot_detector_node]: Processing phases: detection=run_core lidar_detection=run_lidar_detector/dbscan tracking=waiting_new_filtered_update classification=waiting_new_tracking_update
[lvdot_detector_main-8] [INFO] [1776985338.950032345] [lvdot_detector_node]: Pipeline stats: depth_samples=1412/71300 u_map=2 depth_boxes=0 u_map_merge=0 u_map_db=0 u_map_visual=0 u_map_fused=0 u_map_filtered=0 lidar_samples=3221/124495 uv=1 db=12 lidar=17 fused=18 filtered=18 tracks=18 dynamic=1 dyn_points=41 raw_dyn_points=0 service=0/0 split=18->1 (18 outputs) fusion_components=18 visual_only=1 lidar_only=17 yolo_in=3 yolo_match3d=2 yolo_match_det=3 yolo_human=2 fixed_size=0 size_reject=1
[uav_trajectory_controller-4] [WARN] [1776985343.464691259] [uav_trajectory_controller]: SetEntityPose request timed out after 1.17s on /world/pedestrian_prototype/set_pose; dropping the pending request and retrying.
[lvdot_detector_main-8] [INFO] [1776985344.085568255] [lvdot_detector_node]: Input health: depth=1373 color=3338 lidar=3 pose=10269 odom=10455 yolo=190 depth_pose_sync=0 lidar_pose_sync=0 depth_odom_sync=0 lidar_odom_sync=0
[lvdot_detector_main-8] [INFO] [1776985344.085632955] [lvdot_detector_node]: Stage timers: detection=188 lidar_detection=8236 tracking=8812 classification=8746 vis=5305
[lvdot_detector_main-8] [INFO] [1776985344.085644344] [lvdot_detector_node]: Processing phases: detection=run_core lidar_detection=run_lidar_detector/dbscan tracking=waiting_new_filtered_update classification=waiting_new_tracking_update
[lvdot_detector_main-8] [INFO] [1776985344.085656027] [lvdot_detector_node]: Pipeline stats: depth_samples=1326/71300 u_map=0 depth_boxes=0 u_map_merge=0 u_map_db=0 u_map_visual=0 u_map_fused=0 u_map_filtered=0 lidar_samples=3221/124495 uv=0 db=12 lidar=17 fused=17 filtered=17 tracks=17 dynamic=0 dyn_points=0 raw_dyn_points=0 service=0/0 split=17->1 (17 outputs) fusion_components=17 visual_only=0 lidar_only=17 yolo_in=4 yolo_match3d=1 yolo_match_det=3 yolo_human=1 fixed_size=0 size_reject=1
[lvdot_detector_main-8] [INFO] [1776985350.069749345] [lvdot_detector_node]: Input health: depth=1401 color=3396 lidar=3 pose=10334 odom=10527 yolo=192 depth_pose_sync=0 lidar_pose_sync=0 depth_odom_sync=0 lidar_odom_sync=0
[lvdot_detector_main-8] [INFO] [1776985350.080919860] [lvdot_detector_node]: Stage timers: detection=190 lidar_detection=8278 tracking=8874 classification=8791 vis=5326
[lvdot_detector_main-8] [INFO] [1776985350.080936759] [lvdot_detector_node]: Processing phases: detection=build_input lidar_detection=snapshot tracking=run_core classification=waiting_new_tracking_update
[lvdot_detector_main-8] [INFO] [1776985350.080946039] [lvdot_detector_node]: Pipeline stats: depth_samples=1400/71300 u_map=1 depth_boxes=0 u_map_merge=0 u_map_db=0 u_map_visual=0 u_map_fused=0 u_map_filtered=0 lidar_samples=3298/121811 uv=1 db=10 lidar=21 fused=18 filtered=18 tracks=22 dynamic=1 dyn_points=0 raw_dyn_points=0 service=0/0 split=18->0 (18 outputs) fusion_components=18 visual_only=1 lidar_only=17 yolo_in=2 yolo_match3d=2 yolo_match_det=2 yolo_human=2 fixed_size=0 size_reject=0
[uav_trajectory_controller-4] [WARN] [1776985354.048964038] [uav_trajectory_controller]: SetEntityPose request timed out after 0.62s on /world/pedestrian_prototype/set_pose; dropping the pending request and retrying.
[lvdot_detector_main-8] [INFO] [1776985356.020022148] [lvdot_detector_node]: Input health: depth=1417 color=3431 lidar=3 pose=10420 odom=10622 yolo=196 depth_pose_sync=0 lidar_pose_sync=0 depth_odom_sync=0 lidar_odom_sync=0
[lvdot_detector_main-8] [INFO] [1776985356.025772023] [lvdot_detector_node]: Stage timers: detection=191 lidar_detection=8348 tracking=8938 classification=8857 vis=5350
[lvdot_detector_main-8] [INFO] [1776985356.025800640] [lvdot_detector_node]: Processing phases: detection=run_core lidar_detection=waiting_new_lidar tracking=waiting_new_filtered_update classification=waiting_new_tracking_update
[lvdot_detector_main-8] [INFO] [1776985356.025900164] [lvdot_detector_node]: Pipeline stats: depth_samples=1461/71300 u_map=2 depth_boxes=0 u_map_merge=0 u_map_db=0 u_map_visual=0 u_map_fused=0 u_map_filtered=0 lidar_samples=3298/121811 uv=1 db=12 lidar=21 fused=22 filtered=22 tracks=22 dynamic=0 dyn_points=0 raw_dyn_points=0 service=0/0 split=22->0 (22 outputs) fusion_components=22 visual_only=1 lidar_only=21 yolo_in=3 yolo_match3d=0 yolo_match_det=0 yolo_human=0 fixed_size=0 size_reject=0
[uav_trajectory_controller-4] [WARN] [1776985356.922882930] [uav_trajectory_controller]: SetEntityPose request timed out after 0.62s on /world/pedestrian_prototype/set_pose; dropping the pending request and retrying.
[lvdot_detector_main-8] [INFO] [1776985362.018919087] [lvdot_detector_node]: Input health: depth=1433 color=3482 lidar=3 pose=10523 odom=10734 yolo=200 depth_pose_sync=0 lidar_pose_sync=0 depth_odom_sync=0 lidar_odom_sync=0
[lvdot_detector_main-8] [INFO] [1776985362.019000348] [lvdot_detector_node]: Stage timers: detection=193 lidar_detection=8418 tracking=9015 classification=8930 vis=5378
[lvdot_detector_main-8] [INFO] [1776985362.019014217] [lvdot_detector_node]: Processing phases: detection=run_core lidar_detection=snapshot tracking=snapshot classification=waiting_new_tracking_update
[lvdot_detector_main-8] [INFO] [1776985362.019024472] [lvdot_detector_node]: Pipeline stats: depth_samples=1501/71300 u_map=2 depth_boxes=0 u_map_merge=0 u_map_db=0 u_map_visual=0 u_map_fused=0 u_map_filtered=0 lidar_samples=3298/121811 uv=1 db=16 lidar=21 fused=22 filtered=22 tracks=22 dynamic=0 dyn_points=0 raw_dyn_points=0 service=0/0 split=22->0 (22 outputs) fusion_components=22 visual_only=1 lidar_only=21 yolo_in=1 yolo_match3d=1 yolo_match_det=1 yolo_human=1 fixed_size=0 size_reject=1
[lvdot_detector_main-8] [INFO] [1776985363.947462878] [lvdot_detector_node]: get_dynamic_obstacles responded with 0 obstacles from 0 tracked dynamic boxes.
[lvdot_detector_main-8] [INFO] [1776985368.052666159] [lvdot_detector_node]: Input health: depth=1463 color=3535 lidar=3 pose=10627 odom=10845 yolo=202 depth_pose_sync=0 lidar_pose_sync=0 depth_odom_sync=0 lidar_odom_sync=0
[lvdot_detector_main-8] [INFO] [1776985368.055497008] [lvdot_detector_node]: Stage timers: detection=194 lidar_detection=8499 tracking=9095 classification=9008 vis=5406
[lvdot_detector_main-8] [INFO] [1776985368.055773110] [lvdot_detector_node]: Processing phases: detection=run_core lidar_detection=waiting_new_lidar tracking=waiting_new_filtered_update classification=snapshot
[lvdot_detector_main-8] [INFO] [1776985368.055786393] [lvdot_detector_node]: Pipeline stats: depth_samples=1398/71300 u_map=2 depth_boxes=0 u_map_merge=0 u_map_db=0 u_map_visual=0 u_map_fused=0 u_map_filtered=0 lidar_samples=3298/121811 uv=2 db=15 lidar=21 fused=23 filtered=23 tracks=23 dynamic=1 dyn_points=35 raw_dyn_points=326 service=1/0 split=23->0 (23 outputs) fusion_components=23 visual_only=2 lidar_only=21 yolo_in=1 yolo_match3d=1 yolo_match_det=1 yolo_human=1 fixed_size=0 size_reject=0
[uav_trajectory_controller-4] [WARN] [1776985370.423997384] [uav_trajectory_controller]: SetEntityPose request timed out after 0.50s on /world/pedestrian_prototype/set_pose; dropping the pending request and retrying.
[lvdot_detector_main-8] [INFO] [1776985374.078346180] [lvdot_detector_node]: Input health: depth=1483 color=3581 lidar=3 pose=10711 odom=10942 yolo=205 depth_pose_sync=0 lidar_pose_sync=0 depth_odom_sync=0 lidar_odom_sync=0
[lvdot_detector_main-8] [INFO] [1776985374.078412424] [lvdot_detector_node]: Stage timers: detection=196 lidar_detection=8572 tracking=9160 classification=9080 vis=5433
[lvdot_detector_main-8] [INFO] [1776985374.078424344] [lvdot_detector_node]: Processing phases: detection=run_core lidar_detection=waiting_new_lidar tracking=snapshot classification=waiting_new_tracking_update
[lvdot_detector_main-8] [INFO] [1776985374.078434212] [lvdot_detector_node]: Pipeline stats: depth_samples=1484/71300 u_map=2 depth_boxes=0 u_map_merge=0 u_map_db=0 u_map_visual=0 u_map_fused=0 u_map_filtered=0 lidar_samples=3298/121811 uv=0 db=13 lidar=21 fused=21 filtered=21 tracks=21 dynamic=0 dyn_points=0 raw_dyn_points=0 service=1/0 split=21->0 (21 outputs) fusion_components=21 visual_only=0 lidar_only=21 yolo_in=1 yolo_match3d=0 yolo_match_det=0 yolo_human=0 fixed_size=0 size_reject=0
[uav_trajectory_controller-4] [WARN] [1776985374.921752577] [uav_trajectory_controller]: SetEntityPose request timed out after 0.50s on /world/pedestrian_prototype/set_pose; dropping the pending request and retrying.
[uav_trajectory_controller-4] [WARN] [1776985377.553598860] [uav_trajectory_controller]: SetEntityPose request timed out after 0.63s on /world/pedestrian_prototype/set_pose; dropping the pending request and retrying.
[lvdot_detector_main-8] [INFO] [1776985380.787802866] [lvdot_detector_node]: Input health: depth=1508 color=3637 lidar=3 pose=10787 odom=11026 yolo=210 depth_pose_sync=0 lidar_pose_sync=0 depth_odom_sync=0 lidar_odom_sync=0
[lvdot_detector_main-8] [INFO] [1776985380.787889820] [lvdot_detector_node]: Stage timers: detection=198 lidar_detection=8645 tracking=9229 classification=9150 vis=5457
[lvdot_detector_main-8] [INFO] [1776985380.787904573] [lvdot_detector_node]: Processing phases: detection=run_core lidar_detection=snapshot tracking=waiting_new_filtered_update classification=waiting_new_tracking_update
[lvdot_detector_main-8] [INFO] [1776985380.787916688] [lvdot_detector_node]: Pipeline stats: depth_samples=778/39053 u_map=0 depth_boxes=0 u_map_merge=0 u_map_db=0 u_map_visual=0 u_map_fused=0 u_map_filtered=0 lidar_samples=3298/121811 uv=0 db=5 lidar=21 fused=21 filtered=21 tracks=21 dynamic=0 dyn_points=0 raw_dyn_points=0 service=1/0 split=21->0 (21 outputs) fusion_components=21 visual_only=0 lidar_only=21 yolo_in=0 yolo_match3d=0 yolo_match_det=0 yolo_human=0 fixed_size=0 size_reject=0
[lvdot_detector_main-8] [INFO] [1776985386.770378153] [lvdot_detector_node]: Input health: depth=1518 color=3681 lidar=3 pose=10892 odom=11137 yolo=211 depth_pose_sync=0 lidar_pose_sync=0 depth_odom_sync=0 lidar_odom_sync=0
[lvdot_detector_main-8] [INFO] [1776985386.770452015] [lvdot_detector_node]: Stage timers: detection=199 lidar_detection=8713 tracking=9311 classification=9221 vis=5482
[lvdot_detector_main-8] [INFO] [1776985386.770471946] [lvdot_detector_node]: Processing phases: detection=run_core lidar_detection=waiting_new_lidar tracking=snapshot classification=waiting_new_tracking_update
[lvdot_detector_main-8] [INFO] [1776985386.770486113] [lvdot_detector_node]: Pipeline stats: depth_samples=1410/71300 u_map=1 depth_boxes=0 u_map_merge=0 u_map_db=0 u_map_visual=0 u_map_fused=0 u_map_filtered=0 lidar_samples=3298/121811 uv=1 db=10 lidar=21 fused=22 filtered=22 tracks=22 dynamic=1 dyn_points=88 raw_dyn_points=2292 service=1/0 split=22->0 (22 outputs) fusion_components=22 visual_only=1 lidar_only=21 yolo_in=2 yolo_match3d=1 yolo_match_det=1 yolo_human=1 fixed_size=0 size_reject=0
[lvdot_detector_main-8] [INFO] [1776985388.065300119] [lvdot_detector_node]: get_dynamic_obstacles responded with 1 obstacles from 1 tracked dynamic boxes.
[lvdot_detector_main-8] [INFO] [1776985392.827710893] [lvdot_detector_node]: Input health: depth=1539 color=3717 lidar=3 pose=10975 odom=11227 yolo=216 depth_pose_sync=0 lidar_pose_sync=0 depth_odom_sync=0 lidar_odom_sync=0
[lvdot_detector_main-8] [INFO] [1776985392.827772513] [lvdot_detector_node]: Stage timers: detection=201 lidar_detection=8785 tracking=9371 classification=9277 vis=5509
[lvdot_detector_main-8] [INFO] [1776985392.827784036] [lvdot_detector_node]: Processing phases: detection=run_core lidar_detection=waiting_new_lidar tracking=waiting_new_filtered_update classification=waiting_new_tracking_update
[lvdot_detector_main-8] [INFO] [1776985392.827793118] [lvdot_detector_node]: Pipeline stats: depth_samples=1370/71300 u_map=2 depth_boxes=0 u_map_merge=0 u_map_db=0 u_map_visual=0 u_map_fused=0 u_map_filtered=0 lidar_samples=3298/121811 uv=1 db=8 lidar=21 fused=22 filtered=22 tracks=22 dynamic=0 dyn_points=0 raw_dyn_points=0 service=2/1 split=22->1 (22 outputs) fusion_components=22 visual_only=1 lidar_only=21 yolo_in=2 yolo_match3d=1 yolo_match_det=2 yolo_human=0 fixed_size=0 size_reject=0
[lvdot_detector_main-8] [INFO] [1776985398.766644966] [lvdot_detector_node]: Input health: depth=1566 color=3781 lidar=3 pose=11061 odom=11320 yolo=218 depth_pose_sync=0 lidar_pose_sync=0 depth_odom_sync=0 lidar_odom_sync=0
[lvdot_detector_main-8] [INFO] [1776985398.766730994] [lvdot_detector_node]: Stage timers: detection=202 lidar_detection=8854 tracking=9436 classification=9341 vis=5533
[lvdot_detector_main-8] [INFO] [1776985398.766749742] [lvdot_detector_node]: Processing phases: detection=run_core lidar_detection=waiting_new_lidar tracking=waiting_new_filtered_update classification=waiting_new_tracking_update
[lvdot_detector_main-8] [INFO] [1776985398.766762143] [lvdot_detector_node]: Pipeline stats: depth_samples=1446/71300 u_map=1 depth_boxes=0 u_map_merge=0 u_map_db=0 u_map_visual=0 u_map_fused=0 u_map_filtered=0 lidar_samples=3298/121811 uv=1 db=10 lidar=21 fused=22 filtered=22 tracks=22 dynamic=0 dyn_points=0 raw_dyn_points=0 service=2/1 split=22->0 (22 outputs) fusion_components=22 visual_only=1 lidar_only=21 yolo_in=1 yolo_match3d=0 yolo_match_det=0 yolo_human=0 fixed_size=0 size_reject=0
[uav_trajectory_controller-4] [WARN] [1776985399.916787679] [uav_trajectory_controller]: SetEntityPose request timed out after 0.62s on /world/pedestrian_prototype/set_pose; dropping the pending request and retrying.
[lvdot_detector_main-8] [INFO] [1776985404.823608404] [lvdot_detector_node]: Input health: depth=1582 color=3833 lidar=3 pose=11142 odom=11407 yolo=221 depth_pose_sync=0 lidar_pose_sync=0 depth_odom_sync=0 lidar_odom_sync=0
[lvdot_detector_main-8] [INFO] [1776985404.823674644] [lvdot_detector_node]: Stage timers: detection=204 lidar_detection=8909 tracking=9501 classification=9399 vis=5556
[lvdot_detector_main-8] [INFO] [1776985404.823686270] [lvdot_detector_node]: Processing phases: detection=run_core lidar_detection=waiting_new_lidar tracking=waiting_new_filtered_update classification=waiting_new_tracking_update
[lvdot_detector_main-8] [INFO] [1776985404.823695649] [lvdot_detector_node]: Pipeline stats: depth_samples=1385/71300 u_map=1 depth_boxes=0 u_map_merge=0 u_map_db=0 u_map_visual=0 u_map_fused=0 u_map_filtered=0 lidar_samples=3298/121811 uv=0 db=11 lidar=21 fused=21 filtered=21 tracks=21 dynamic=0 dyn_points=0 raw_dyn_points=0 service=2/1 split=21->0 (21 outputs) fusion_components=21 visual_only=0 lidar_only=21 yolo_in=2 yolo_match3d=0 yolo_match_det=0 yolo_human=0 fixed_size=0 size_reject=0
[lvdot_detector_main-8] [INFO] [1776985411.560274711] [lvdot_detector_node]: Input health: depth=1605 color=3876 lidar=3 pose=11234 odom=11511 yolo=224 depth_pose_sync=0 lidar_pose_sync=0 depth_odom_sync=0 lidar_odom_sync=0
[lvdot_detector_main-8] [INFO] [1776985411.560390387] [lvdot_detector_node]: Stage timers: detection=205 lidar_detection=8985 tracking=9569 classification=9472 vis=5583
[lvdot_detector_main-8] [INFO] [1776985411.560420478] [lvdot_detector_node]: Processing phases: detection=run_core lidar_detection=waiting_new_lidar tracking=waiting_new_filtered_update classification=snapshot
[lvdot_detector_main-8] [INFO] [1776985411.560445000] [lvdot_detector_node]: Pipeline stats: depth_samples=1090/71300 u_map=2 depth_boxes=0 u_map_merge=0 u_map_db=0 u_map_visual=0 u_map_fused=0 u_map_filtered=0 lidar_samples=3298/121811 uv=1 db=9 lidar=21 fused=22 filtered=22 tracks=22 dynamic=1 dyn_points=34 raw_dyn_points=326 service=2/1 split=22->0 (22 outputs) fusion_components=22 visual_only=1 lidar_only=21 yolo_in=2 yolo_match3d=1 yolo_match_det=1 yolo_human=1 fixed_size=0 size_reject=0
[lvdot_detector_main-8] [INFO] [1776985417.618942832] [lvdot_detector_node]: Input health: depth=1635 color=3930 lidar=3 pose=11315 odom=11602 yolo=228 depth_pose_sync=0 lidar_pose_sync=0 depth_odom_sync=0 lidar_odom_sync=0
[lvdot_detector_main-8] [INFO] [1776985417.619019525] [lvdot_detector_node]: Stage timers: detection=207 lidar_detection=9050 tracking=9640 classification=9535 vis=5608
[lvdot_detector_main-8] [INFO] [1776985417.619037501] [lvdot_detector_node]: Processing phases: detection=run_core lidar_detection=waiting_new_lidar tracking=waiting_new_filtered_update classification=waiting_new_tracking_update
[lvdot_detector_main-8] [INFO] [1776985417.619049127] [lvdot_detector_node]: Pipeline stats: depth_samples=1407/71300 u_map=1 depth_boxes=0 u_map_merge=0 u_map_db=0 u_map_visual=0 u_map_fused=0 u_map_filtered=0 lidar_samples=3298/121811 uv=1 db=10 lidar=21 fused=22 filtered=22 tracks=22 dynamic=0 dyn_points=0 raw_dyn_points=0 service=2/1 split=22->0 (22 outputs) fusion_components=22 visual_only=1 lidar_only=21 yolo_in=0 yolo_match3d=0 yolo_match_det=0 yolo_human=0 fixed_size=0 size_reject=0
[uav_trajectory_controller-4] [WARN] [1776985423.055221083] [uav_trajectory_controller]: SetEntityPose request timed out after 0.51s on /world/pedestrian_prototype/set_pose; dropping the pending request and retrying.
[lvdot_detector_main-8] [INFO] [1776985423.620178773] [lvdot_detector_node]: Input health: depth=1664 color=3961 lidar=3 pose=11392 odom=11692 yolo=231 depth_pose_sync=0 lidar_pose_sync=0 depth_odom_sync=0 lidar_odom_sync=0
[lvdot_detector_main-8] [INFO] [1776985423.620256012] [lvdot_detector_node]: Stage timers: detection=208 lidar_detection=9115 tracking=9714 classification=9606 vis=5634
[lvdot_detector_main-8] [INFO] [1776985423.620270367] [lvdot_detector_node]: Processing phases: detection=run_core lidar_detection=waiting_new_lidar tracking=waiting_new_filtered_update classification=waiting_new_tracking_update
[lvdot_detector_main-8] [INFO] [1776985423.620280327] [lvdot_detector_node]: Pipeline stats: depth_samples=1383/71300 u_map=1 depth_boxes=0 u_map_merge=0 u_map_db=0 u_map_visual=0 u_map_fused=0 u_map_filtered=0 lidar_samples=3298/121811 uv=1 db=10 lidar=21 fused=22 filtered=22 tracks=22 dynamic=0 dyn_points=0 raw_dyn_points=0 service=2/1 split=22->0 (22 outputs) fusion_components=22 visual_only=1 lidar_only=21 yolo_in=3 yolo_match3d=0 yolo_match_det=0 yolo_human=0 fixed_size=0 size_reject=0
[uav_trajectory_controller-4] [WARN] [1776985424.545713474] [uav_trajectory_controller]: SetEntityPose request timed out after 0.62s on /world/pedestrian_prototype/set_pose; dropping the pending request and retrying.
[uav_trajectory_controller-4] [WARN] [1776985426.686229162] [uav_trajectory_controller]: SetEntityPose request timed out after 0.64s on /world/pedestrian_prototype/set_pose; dropping the pending request and retrying.
[lvdot_detector_main-8] [INFO] [1776985429.584239551] [lvdot_detector_node]: Input health: depth=1686 color=4010 lidar=3 pose=11459 odom=11768 yolo=233 depth_pose_sync=0 lidar_pose_sync=0 depth_odom_sync=0 lidar_odom_sync=0
[lvdot_detector_main-8] [INFO] [1776985429.584304479] [lvdot_detector_node]: Stage timers: detection=210 lidar_detection=9189 tracking=9771 classification=9665 vis=5658
[lvdot_detector_main-8] [INFO] [1776985429.584318344] [lvdot_detector_node]: Processing phases: detection=run_core lidar_detection=waiting_new_lidar tracking=snapshot classification=waiting_new_tracking_update
[lvdot_detector_main-8] [INFO] [1776985429.584329572] [lvdot_detector_node]: Pipeline stats: depth_samples=1360/71300 u_map=2 depth_boxes=0 u_map_merge=0 u_map_db=0 u_map_visual=0 u_map_fused=0 u_map_filtered=0 lidar_samples=3298/121811 uv=0 db=13 lidar=21 fused=21 filtered=21 tracks=21 dynamic=0 dyn_points=0 raw_dyn_points=0 service=2/1 split=21->0 (21 outputs) fusion_components=21 visual_only=0 lidar_only=21 yolo_in=2 yolo_match3d=0 yolo_match_det=0 yolo_human=0 fixed_size=0 size_reject=0
[lvdot_detector_main-8] [INFO] [1776985435.555365674] [lvdot_detector_node]: Input health: depth=1708 color=4057 lidar=3 pose=11532 odom=11849 yolo=237 depth_pose_sync=0 lidar_pose_sync=0 depth_odom_sync=0 lidar_odom_sync=0
[lvdot_detector_main-8] [INFO] [1776985435.555443687] [lvdot_detector_node]: Stage timers: detection=211 lidar_detection=9257 tracking=9836 classification=9723 vis=5683
[lvdot_detector_main-8] [INFO] [1776985435.555458332] [lvdot_detector_node]: Processing phases: detection=build_filter_input lidar_detection=waiting_new_lidar tracking=waiting_new_filtered_update classification=snapshot
[lvdot_detector_main-8] [INFO] [1776985435.555469267] [lvdot_detector_node]: Pipeline stats: depth_samples=1385/71300 u_map=2 depth_boxes=0 u_map_merge=0 u_map_db=0 u_map_visual=0 u_map_fused=0 u_map_filtered=0 lidar_samples=3298/121811 uv=2 db=15 lidar=21 fused=23 filtered=23 tracks=23 dynamic=0 dyn_points=0 raw_dyn_points=0 service=2/1 split=23->0 (23 outputs) fusion_components=23 visual_only=2 lidar_only=21 yolo_in=1 yolo_match3d=1 yolo_match_det=1 yolo_human=1 fixed_size=0 size_reject=1
[lvdot_detector_main-8] [INFO] [1776985441.573386162] [lvdot_detector_node]: Input health: depth=1729 color=4106 lidar=3 pose=11603 odom=11930 yolo=240 depth_pose_sync=0 lidar_pose_sync=0 depth_odom_sync=0 lidar_odom_sync=0
[lvdot_detector_main-8] [INFO] [1776985441.584757342] [lvdot_detector_node]: Stage timers: detection=213 lidar_detection=9319 tracking=9897 classification=9779 vis=5706
[lvdot_detector_main-8] [INFO] [1776985441.584773849] [lvdot_detector_node]: Processing phases: detection=run_core lidar_detection=waiting_new_lidar tracking=waiting_new_filtered_update classification=snapshot
[lvdot_detector_main-8] [INFO] [1776985441.584783813] [lvdot_detector_node]: Pipeline stats: depth_samples=1400/71300 u_map=1 depth_boxes=0 u_map_merge=0 u_map_db=0 u_map_visual=0 u_map_fused=0 u_map_filtered=0 lidar_samples=3298/121811 uv=1 db=10 lidar=21 fused=22 filtered=22 tracks=22 dynamic=0 dyn_points=0 raw_dyn_points=0 service=2/1 split=22->0 (22 outputs) fusion_components=22 visual_only=1 lidar_only=21 yolo_in=3 yolo_match3d=0 yolo_match_det=0 yolo_human=0 fixed_size=0 size_reject=0
[uav_trajectory_controller-4] [WARN] [1776985443.269392891] [uav_trajectory_controller]: SetEntityPose request timed out after 0.84s on /world/pedestrian_prototype/set_pose; dropping the pending request and retrying.
[lvdot_detector_main-8] [INFO] [1776985448.343851103] [lvdot_detector_node]: Input health: depth=1751 color=4156 lidar=3 pose=11671 odom=12006 yolo=242 depth_pose_sync=0 lidar_pose_sync=0 depth_odom_sync=0 lidar_odom_sync=0
[lvdot_detector_main-8] [INFO] [1776985448.343934043] [lvdot_detector_node]: Stage timers: detection=215 lidar_detection=9385 tracking=9955 classification=9820 vis=5729
[lvdot_detector_main-8] [INFO] [1776985448.343951334] [lvdot_detector_node]: Processing phases: detection=run_core lidar_detection=waiting_new_lidar tracking=snapshot classification=waiting_new_tracking_update
[lvdot_detector_main-8] [INFO] [1776985448.343961689] [lvdot_detector_node]: Pipeline stats: depth_samples=1162/71300 u_map=3 depth_boxes=0 u_map_merge=0 u_map_db=0 u_map_visual=0 u_map_fused=0 u_map_filtered=0 lidar_samples=3298/121811 uv=2 db=10 lidar=21 fused=23 filtered=23 tracks=23 dynamic=2 dyn_points=0 raw_dyn_points=0 service=2/1 split=23->0 (23 outputs) fusion_components=23 visual_only=2 lidar_only=21 yolo_in=2 yolo_match3d=2 yolo_match_det=2 yolo_human=2 fixed_size=0 size_reject=0
[uav_trajectory_controller-4] [WARN] [1776985450.166759347] [uav_trajectory_controller]: SetEntityPose request timed out after 0.62s on /world/pedestrian_prototype/set_pose; dropping the pending request and retrying.
[uav_trajectory_controller-4] [WARN] [1776985453.673308545] [uav_trajectory_controller]: SetEntityPose request timed out after 0.62s on /world/pedestrian_prototype/set_pose; dropping the pending request and retrying.
[lvdot_detector_main-8] [INFO] [1776985454.540239287] [lvdot_detector_node]: Input health: depth=1778 color=4209 lidar=3 pose=11731 odom=12074 yolo=247 depth_pose_sync=0 lidar_pose_sync=0 depth_odom_sync=0 lidar_odom_sync=0
[lvdot_detector_main-8] [INFO] [1776985454.540320810] [lvdot_detector_node]: Stage timers: detection=216 lidar_detection=9446 tracking=10016 classification=9876 vis=5750
[lvdot_detector_main-8] [INFO] [1776985454.540336724] [lvdot_detector_node]: Processing phases: detection=idle lidar_detection=waiting_new_lidar tracking=waiting_new_filtered_update classification=waiting_new_tracking_update
[lvdot_detector_main-8] [INFO] [1776985454.540347268] [lvdot_detector_node]: Pipeline stats: depth_samples=1200/71300 u_map=1 depth_boxes=0 u_map_merge=0 u_map_db=0 u_map_visual=0 u_map_fused=0 u_map_filtered=0 lidar_samples=3298/121811 uv=0 db=9 lidar=21 fused=21 filtered=21 tracks=21 dynamic=0 dyn_points=0 raw_dyn_points=0 service=2/1 split=21->1 (21 outputs) fusion_components=21 visual_only=0 lidar_only=21 yolo_in=3 yolo_match3d=1 yolo_match_det=2 yolo_human=1 fixed_size=0 size_reject=0
[uav_trajectory_controller-4] [WARN] [1776985454.917396727] [uav_trajectory_controller]: SetEntityPose request timed out after 0.61s on /world/pedestrian_prototype/set_pose; dropping the pending request and retrying.
[lvdot_detector_main-8] [INFO] [1776985460.419765223] [lvdot_detector_node]: Input health: depth=1805 color=4264 lidar=3 pose=11807 odom=12160 yolo=249 depth_pose_sync=0 lidar_pose_sync=0 depth_odom_sync=0 lidar_odom_sync=0
[lvdot_detector_main-8] [INFO] [1776985460.419832491] [lvdot_detector_node]: Stage timers: detection=218 lidar_detection=9507 tracking=10081 classification=9943 vis=5776
[lvdot_detector_main-8] [INFO] [1776985460.419847233] [lvdot_detector_node]: Processing phases: detection=run_core lidar_detection=waiting_new_lidar tracking=waiting_new_filtered_update classification=waiting_new_tracking_update
[lvdot_detector_main-8] [INFO] [1776985460.419857973] [lvdot_detector_node]: Pipeline stats: depth_samples=1407/71300 u_map=1 depth_boxes=0 u_map_merge=0 u_map_db=0 u_map_visual=0 u_map_fused=0 u_map_filtered=0 lidar_samples=3298/121811 uv=1 db=10 lidar=21 fused=22 filtered=22 tracks=22 dynamic=0 dyn_points=0 raw_dyn_points=0 service=2/1 split=22->0 (22 outputs) fusion_components=22 visual_only=1 lidar_only=21 yolo_in=0 yolo_match3d=0 yolo_match_det=0 yolo_human=0 fixed_size=0 size_reject=0
[lvdot_detector_main-8] [INFO] [1776985466.360372159] [lvdot_detector_node]: Input health: depth=1816 color=4314 lidar=3 pose=11888 odom=12245 yolo=252 depth_pose_sync=0 lidar_pose_sync=0 depth_odom_sync=0 lidar_odom_sync=0
[lvdot_detector_main-8] [INFO] [1776985466.360459724] [lvdot_detector_node]: Stage timers: detection=220 lidar_detection=9569 tracking=10134 classification=10006 vis=5801
[lvdot_detector_main-8] [INFO] [1776985466.360475148] [lvdot_detector_node]: Processing phases: detection=run_core lidar_detection=waiting_new_lidar tracking=snapshot classification=waiting_new_tracking_update
[lvdot_detector_main-8] [INFO] [1776985466.360487058] [lvdot_detector_node]: Pipeline stats: depth_samples=250/71300 u_map=1 depth_boxes=0 u_map_merge=0 u_map_db=0 u_map_visual=0 u_map_fused=0 u_map_filtered=0 lidar_samples=3298/121811 uv=1 db=1 lidar=21 fused=22 filtered=22 tracks=22 dynamic=0 dyn_points=0 raw_dyn_points=0 service=2/1 split=22->0 (22 outputs) fusion_components=22 visual_only=1 lidar_only=21 yolo_in=3 yolo_match3d=0 yolo_match_det=0 yolo_human=0 fixed_size=0 size_reject=0
[uav_trajectory_controller-4] [WARN] [1776985466.530346042] [uav_trajectory_controller]: SetEntityPose request timed out after 0.61s on /world/pedestrian_prototype/set_pose; dropping the pending request and retrying.
[lvdot_detector_main-8] [INFO] [1776985472.376295709] [lvdot_detector_node]: Input health: depth=1839 color=4354 lidar=3 pose=11956 odom=12319 yolo=255 depth_pose_sync=0 lidar_pose_sync=0 depth_odom_sync=0 lidar_odom_sync=0
[lvdot_detector_main-8] [INFO] [1776985472.376374812] [lvdot_detector_node]: Stage timers: detection=222 lidar_detection=9636 tracking=10181 classification=10055 vis=5822
[lvdot_detector_main-8] [INFO] [1776985472.376386727] [lvdot_detector_node]: Processing phases: detection=run_core lidar_detection=waiting_new_lidar tracking=snapshot classification=waiting_new_tracking_update
[lvdot_detector_main-8] [INFO] [1776985472.376404989] [lvdot_detector_node]: Pipeline stats: depth_samples=1244/71300 u_map=2 depth_boxes=0 u_map_merge=0 u_map_db=0 u_map_visual=0 u_map_fused=0 u_map_filtered=0 lidar_samples=3298/121811 uv=0 db=10 lidar=21 fused=21 filtered=21 tracks=21 dynamic=1 dyn_points=88 raw_dyn_points=2292 service=2/1 split=21->0 (21 outputs) fusion_components=21 visual_only=0 lidar_only=21 yolo_in=2 yolo_match3d=1 yolo_match_det=1 yolo_human=1 fixed_size=0 size_reject=0
[uav_trajectory_controller-4] [WARN] [1776985477.100474210] [uav_trajectory_controller]: SetEntityPose request timed out after 0.81s on /world/pedestrian_prototype/set_pose; dropping the pending request and retrying.
[uav_trajectory_controller-4] [WARN] [1776985479.057115755] [uav_trajectory_controller]: SetEntityPose request timed out after 0.50s on /world/pedestrian_prototype/set_pose; dropping the pending request and retrying.
[lvdot_detector_main-8] [INFO] [1776985479.123769849] [lvdot_detector_node]: Input health: depth=1860 color=4398 lidar=3 pose=12026 odom=12399 yolo=257 depth_pose_sync=0 lidar_pose_sync=0 depth_odom_sync=0 lidar_odom_sync=0
[lvdot_detector_main-8] [INFO] [1776985479.123847713] [lvdot_detector_node]: Stage timers: detection=224 lidar_detection=9709 tracking=10243 classification=10115 vis=5847
[lvdot_detector_main-8] [INFO] [1776985479.123863560] [lvdot_detector_node]: Processing phases: detection=run_core lidar_detection=waiting_new_lidar tracking=snapshot classification=waiting_new_tracking_update
[lvdot_detector_main-8] [INFO] [1776985479.123876473] [lvdot_detector_node]: Pipeline stats: depth_samples=1322/71300 u_map=0 depth_boxes=0 u_map_merge=0 u_map_db=0 u_map_visual=0 u_map_fused=0 u_map_filtered=0 lidar_samples=3298/121811 uv=0 db=14 lidar=21 fused=21 filtered=21 tracks=21 dynamic=0 dyn_points=0 raw_dyn_points=0 service=2/1 split=21->0 (21 outputs) fusion_components=21 visual_only=0 lidar_only=21 yolo_in=4 yolo_match3d=0 yolo_match_det=0 yolo_human=0 fixed_size=0 size_reject=0
[lvdot_detector_main-8] [INFO] [1776985485.130362541] [lvdot_detector_node]: Input health: depth=1882 color=4452 lidar=3 pose=12104 odom=12482 yolo=262 depth_pose_sync=0 lidar_pose_sync=0 depth_odom_sync=0 lidar_odom_sync=0
[lvdot_detector_main-8] [INFO] [1776985485.149312884] [lvdot_detector_node]: Stage timers: detection=226 lidar_detection=9769 tracking=10302 classification=10175 vis=5873
[lvdot_detector_main-8] [INFO] [1776985485.149331274] [lvdot_detector_node]: Processing phases: detection=run_core lidar_detection=waiting_new_lidar tracking=waiting_new_filtered_update classification=waiting_new_tracking_update
[lvdot_detector_main-8] [INFO] [1776985485.149342132] [lvdot_detector_node]: Pipeline stats: depth_samples=1401/71300 u_map=1 depth_boxes=0 u_map_merge=0 u_map_db=0 u_map_visual=0 u_map_fused=0 u_map_filtered=0 lidar_samples=3298/121811 uv=1 db=10 lidar=21 fused=22 filtered=22 tracks=22 dynamic=0 dyn_points=0 raw_dyn_points=0 service=2/1 split=22->0 (22 outputs) fusion_components=22 visual_only=1 lidar_only=21 yolo_in=3 yolo_match3d=0 yolo_match_det=0 yolo_human=0 fixed_size=0 size_reject=0
[lvdot_detector_main-8] [INFO] [1776985491.112266126] [lvdot_detector_node]: Input health: depth=1901 color=4500 lidar=3 pose=12186 odom=12576 yolo=263 depth_pose_sync=0 lidar_pose_sync=0 depth_odom_sync=0 lidar_odom_sync=0
[lvdot_detector_main-8] [INFO] [1776985491.112347223] [lvdot_detector_node]: Stage timers: detection=228 lidar_detection=9832 tracking=10359 classification=10243 vis=5899
[lvdot_detector_main-8] [INFO] [1776985491.112362642] [lvdot_detector_node]: Processing phases: detection=run_core lidar_detection=snapshot tracking=waiting_new_filtered_update classification=run_core
[lvdot_detector_main-8] [INFO] [1776985491.112373962] [lvdot_detector_node]: Pipeline stats: depth_samples=1418/71300 u_map=1 depth_boxes=0 u_map_merge=0 u_map_db=0 u_map_visual=0 u_map_fused=0 u_map_filtered=0 lidar_samples=3298/121811 uv=0 db=10 lidar=21 fused=21 filtered=21 tracks=21 dynamic=0 dyn_points=0 raw_dyn_points=0 service=2/1 split=21->0 (21 outputs) fusion_components=21 visual_only=0 lidar_only=21 yolo_in=3 yolo_match3d=0 yolo_match_det=0 yolo_human=0 fixed_size=0 size_reject=0
[uav_trajectory_controller-4] [WARN] [1776985491.297531221] [uav_trajectory_controller]: SetEntityPose request timed out after 0.63s on /world/pedestrian_prototype/set_pose; dropping the pending request and retrying.
[uav_trajectory_controller-4] [WARN] [1776985494.932618524] [uav_trajectory_controller]: SetEntityPose request timed out after 0.62s on /world/pedestrian_prototype/set_pose; dropping the pending request and retrying.
[lvdot_detector_main-8] [INFO] [1776985497.105968552] [lvdot_detector_node]: Input health: depth=1920 color=4525 lidar=3 pose=12276 odom=12672 yolo=267 depth_pose_sync=0 lidar_pose_sync=0 depth_odom_sync=0 lidar_odom_sync=0
[lvdot_detector_main-8] [INFO] [1776985497.106035182] [lvdot_detector_node]: Stage timers: detection=229 lidar_detection=9895 tracking=10425 classification=10301 vis=5921
[lvdot_detector_main-8] [INFO] [1776985497.106046596] [lvdot_detector_node]: Processing phases: detection=run_core lidar_detection=waiting_new_lidar tracking=waiting_new_filtered_update classification=snapshot
[lvdot_detector_main-8] [INFO] [1776985497.106055766] [lvdot_detector_node]: Pipeline stats: depth_samples=1339/71300 u_map=2 depth_boxes=0 u_map_merge=0 u_map_db=0 u_map_visual=0 u_map_fused=0 u_map_filtered=0 lidar_samples=3298/121811 uv=1 db=12 lidar=21 fused=22 filtered=23 tracks=23 dynamic=2 dyn_points=0 raw_dyn_points=57 service=2/1 split=22->1 (23 outputs) fusion_components=22 visual_only=1 lidar_only=21 yolo_in=2 yolo_match3d=1 yolo_match_det=2 yolo_human=2 fixed_size=0 size_reject=0
[uav_trajectory_controller-4] [WARN] [1776985498.298175540] [uav_trajectory_controller]: SetEntityPose request timed out after 0.61s on /world/pedestrian_prototype/set_pose; dropping the pending request and retrying.
[uav_trajectory_controller-4] [WARN] [1776985499.043319249] [uav_trajectory_controller]: SetEntityPose request timed out after 0.62s on /world/pedestrian_prototype/set_pose; dropping the pending request and retrying.
[uav_trajectory_controller-4] [WARN] [1776985499.791943445] [uav_trajectory_controller]: SetEntityPose request timed out after 0.62s on /world/pedestrian_prototype/set_pose; dropping the pending request and retrying.
[uav_trajectory_controller-4] [WARN] [1776985501.917296184] [uav_trajectory_controller]: SetEntityPose request timed out after 0.63s on /world/pedestrian_prototype/set_pose; dropping the pending request and retrying.
[lvdot_detector_main-8] [INFO] [1776985503.105753762] [lvdot_detector_node]: Input health: depth=1924 color=4535 lidar=3 pose=12310 odom=12707 yolo=277 depth_pose_sync=0 lidar_pose_sync=0 depth_odom_sync=0 lidar_odom_sync=0
[lvdot_detector_main-8] [INFO] [1776985503.105863847] [lvdot_detector_node]: Stage timers: detection=235 lidar_detection=10054 tracking=10565 classification=10438 vis=6020
[lvdot_detector_main-8] [INFO] [1776985503.105882000] [lvdot_detector_node]: Processing phases: detection=run_core lidar_detection=waiting_new_lidar tracking=waiting_new_filtered_update classification=waiting_new_tracking_update
[lvdot_detector_main-8] [INFO] [1776985503.105896346] [lvdot_detector_node]: Pipeline stats: depth_samples=1377/71300 u_map=1 depth_boxes=0 u_map_merge=0 u_map_db=0 u_map_visual=0 u_map_fused=0 u_map_filtered=0 lidar_samples=3298/121811 uv=1 db=10 lidar=21 fused=22 filtered=22 tracks=22 dynamic=0 dyn_points=0 raw_dyn_points=0 service=2/1 split=22->1 (22 outputs) fusion_components=22 visual_only=1 lidar_only=21 yolo_in=2 yolo_match3d=1 yolo_match_det=2 yolo_human=0 fixed_size=0 size_reject=0
[lvdot_detector_main-8] [INFO] [1776985509.909256806] [lvdot_detector_node]: Input health: depth=1924 color=4535 lidar=3 pose=12310 odom=12707 yolo=278 depth_pose_sync=0 lidar_pose_sync=0 depth_odom_sync=0 lidar_odom_sync=0
[lvdot_detector_main-8] [INFO] [1776985509.909372649] [lvdot_detector_node]: Stage timers: detection=237 lidar_detection=10235 tracking=10744 classification=10618 vis=6197
[lvdot_detector_main-8] [INFO] [1776985509.909386702] [lvdot_detector_node]: Processing phases: detection=run_core lidar_detection=waiting_new_lidar tracking=waiting_new_filtered_update classification=waiting_new_tracking_update
[lvdot_detector_main-8] [INFO] [1776985509.909396169] [lvdot_detector_node]: Pipeline stats: depth_samples=1389/71300 u_map=2 depth_boxes=0 u_map_merge=0 u_map_db=0 u_map_visual=0 u_map_fused=0 u_map_filtered=0 lidar_samples=3298/121811 uv=1 db=9 lidar=21 fused=22 filtered=22 tracks=22 dynamic=0 dyn_points=0 raw_dyn_points=0 service=2/1 split=22->1 (22 outputs) fusion_components=22 visual_only=1 lidar_only=21 yolo_in=4 yolo_match3d=1 yolo_match_det=4 yolo_human=1 fixed_size=0 size_reject=1
[uav_trajectory_controller-4] [WARN] [1776985510.541628262] [uav_trajectory_controller]: SetEntityPose request timed out after 0.58s on /world/pedestrian_prototype/set_pose; dropping the pending request and retrying.
[uav_trajectory_controller-4] [WARN] [1776985514.868190969] [uav_trajectory_controller]: SetEntityPose request timed out after 3.73s on /world/pedestrian_prototype/set_pose; dropping the pending request and retrying.
[lvdot_detector_main-8] [INFO] [1776985516.324135681] [lvdot_detector_node]: Input health: depth=1924 color=4535 lidar=4 pose=12310 odom=12707 yolo=278 depth_pose_sync=0 lidar_pose_sync=0 depth_odom_sync=0 lidar_odom_sync=0
[lvdot_detector_main-8] [INFO] [1776985516.324253144] [lvdot_detector_node]: Stage timers: detection=237 lidar_detection=10381 tracking=10890 classification=10765 vis=6341
[lvdot_detector_main-8] [INFO] [1776985516.324274109] [lvdot_detector_node]: Processing phases: detection=run_core lidar_detection=waiting_new_lidar tracking=waiting_new_filtered_update classification=waiting_new_tracking_update
[lvdot_detector_main-8] [INFO] [1776985516.324316333] [lvdot_detector_node]: Pipeline stats: depth_samples=1389/71300 u_map=2 depth_boxes=0 u_map_merge=0 u_map_db=0 u_map_visual=0 u_map_fused=0 u_map_filtered=0 lidar_samples=3298/121811 uv=1 db=9 lidar=21 fused=22 filtered=22 tracks=22 dynamic=0 dyn_points=0 raw_dyn_points=0 service=2/1 split=22->1 (22 outputs) fusion_components=22 visual_only=1 lidar_only=21 yolo_in=4 yolo_match3d=1 yolo_match_det=4 yolo_human=1 fixed_size=0 size_reject=1
[uav_trajectory_controller-4] [WARN] [1776985519.541651569] [uav_trajectory_controller]: SetEntityPose request timed out after 0.58s on /world/pedestrian_prototype/set_pose; dropping the pending request and retrying.
[uav_trajectory_controller-4] [WARN] [1776985522.167530460] [uav_trajectory_controller]: SetEntityPose request timed out after 0.60s on /world/pedestrian_prototype/set_pose; dropping the pending request and retrying.
[lvdot_detector_main-8] [INFO] [1776985522.442045340] [lvdot_detector_node]: Input health: depth=1928 color=4536 lidar=5 pose=12310 odom=12707 yolo=282 depth_pose_sync=0 lidar_pose_sync=0 depth_odom_sync=0 lidar_odom_sync=0
[lvdot_detector_main-8] [INFO] [1776985522.442121861] [lvdot_detector_node]: Stage timers: detection=244 lidar_detection=10382 tracking=11011 classification=10882 vis=6465
[lvdot_detector_main-8] [INFO] [1776985522.442137126] [lvdot_detector_node]: Processing phases: detection=run_core lidar_detection=run_lidar_detector/project tracking=waiting_new_filtered_update classification=waiting_new_tracking_update
[lvdot_detector_main-8] [INFO] [1776985522.442147821] [lvdot_detector_node]: Pipeline stats: depth_samples=1389/71300 u_map=2 depth_boxes=0 u_map_merge=0 u_map_db=0 u_map_visual=0 u_map_fused=0 u_map_filtered=0 lidar_samples=3298/121811 uv=1 db=9 lidar=21 fused=22 filtered=22 tracks=22 dynamic=0 dyn_points=0 raw_dyn_points=0 service=2/1 split=22->1 (22 outputs) fusion_components=22 visual_only=1 lidar_only=21 yolo_in=2 yolo_match3d=1 yolo_match_det=2 yolo_human=0 fixed_size=0 size_reject=0
[uav_trajectory_controller-4] [WARN] [1776985522.797045314] [uav_trajectory_controller]: SetEntityPose request timed out after 0.50s on /world/pedestrian_prototype/set_pose; dropping the pending request and retrying.
[uav_trajectory_controller-4] [WARN] [1776985523.541533176] [uav_trajectory_controller]: SetEntityPose request timed out after 0.50s on /world/pedestrian_prototype/set_pose; dropping the pending request and retrying.
[uav_trajectory_controller-4] [WARN] [1776985524.291504250] [uav_trajectory_controller]: SetEntityPose request timed out after 0.62s on /world/pedestrian_prototype/set_pose; dropping the pending request and retrying.
[uav_trajectory_controller-4] [WARN] [1776985525.042969367] [uav_trajectory_controller]: SetEntityPose request timed out after 0.62s on /world/pedestrian_prototype/set_pose; dropping the pending request and retrying.
[uav_trajectory_controller-4] [WARN] [1776985526.666569472] [uav_trajectory_controller]: SetEntityPose request timed out after 0.56s on /world/pedestrian_prototype/set_pose; dropping the pending request and retrying.
[uav_trajectory_controller-4] [WARN] [1776985527.416431148] [uav_trajectory_controller]: SetEntityPose request timed out after 0.62s on /world/pedestrian_prototype/set_pose; dropping the pending request and retrying.
[lvdot_detector_main-8] [INFO] [1776985527.908429192] [lvdot_detector_node]: Input health: depth=1928 color=4538 lidar=5 pose=12310 odom=12707 yolo=283 depth_pose_sync=0 lidar_pose_sync=0 depth_odom_sync=0 lidar_odom_sync=0
[lvdot_detector_main-8] [INFO] [1776985527.908513449] [lvdot_detector_node]: Stage timers: detection=244 lidar_detection=10382 tracking=11178 classification=11049 vis=6629
[lvdot_detector_main-8] [INFO] [1776985527.908524249] [lvdot_detector_node]: Processing phases: detection=run_core lidar_detection=run_lidar_detector/project tracking=waiting_new_filtered_update classification=waiting_new_tracking_update
[lvdot_detector_main-8] [INFO] [1776985527.908533881] [lvdot_detector_node]: Pipeline stats: depth_samples=1389/71300 u_map=2 depth_boxes=0 u_map_merge=0 u_map_db=0 u_map_visual=0 u_map_fused=0 u_map_filtered=0 lidar_samples=3298/121811 uv=1 db=9 lidar=21 fused=22 filtered=22 tracks=22 dynamic=0 dyn_points=0 raw_dyn_points=0 service=2/1 split=22->1 (22 outputs) fusion_components=22 visual_only=1 lidar_only=21 yolo_in=2 yolo_match3d=1 yolo_match_det=2 yolo_human=0 fixed_size=0 size_reject=0
[uav_trajectory_controller-4] [WARN] [1776985528.167225395] [uav_trajectory_controller]: SetEntityPose request timed out after 0.62s on /world/pedestrian_prototype/set_pose; dropping the pending request and retrying.
[uav_trajectory_controller-4] [WARN] [1776985528.919292744] [uav_trajectory_controller]: SetEntityPose request timed out after 0.63s on /world/pedestrian_prototype/set_pose; dropping the pending request and retrying.
[uav_trajectory_controller-4] [WARN] [1776985529.666540694] [uav_trajectory_controller]: SetEntityPose request timed out after 0.62s on /world/pedestrian_prototype/set_pose; dropping the pending request and retrying.
[uav_trajectory_controller-4] [WARN] [1776985531.292480269] [uav_trajectory_controller]: SetEntityPose request timed out after 0.60s on /world/pedestrian_prototype/set_pose; dropping the pending request and retrying.
[uav_trajectory_controller-4] [WARN] [1776985532.416688723] [uav_trajectory_controller]: SetEntityPose request timed out after 0.62s on /world/pedestrian_prototype/set_pose; dropping the pending request and retrying.
[lvdot_detector_main-8] [INFO] [1776985533.900008081] [lvdot_detector_node]: Input health: depth=1928 color=4538 lidar=5 pose=12310 odom=12707 yolo=283 depth_pose_sync=0 lidar_pose_sync=0 depth_odom_sync=0 lidar_odom_sync=0
[lvdot_detector_main-8] [INFO] [1776985533.900088543] [lvdot_detector_node]: Stage timers: detection=248 lidar_detection=10382 tracking=11308 classification=11181 vis=6763
[lvdot_detector_main-8] [INFO] [1776985533.900098176] [lvdot_detector_node]: Processing phases: detection=run_core lidar_detection=run_lidar_detector/project tracking=waiting_new_filtered_update classification=waiting_new_tracking_update
[lvdot_detector_main-8] [INFO] [1776985533.900104986] [lvdot_detector_node]: Pipeline stats: depth_samples=1389/71300 u_map=2 depth_boxes=0 u_map_merge=0 u_map_db=0 u_map_visual=0 u_map_fused=0 u_map_filtered=0 lidar_samples=3298/121811 uv=1 db=9 lidar=21 fused=22 filtered=22 tracks=22 dynamic=1 dyn_points=127 raw_dyn_points=684 service=2/1 split=22->1 (22 outputs) fusion_components=22 visual_only=1 lidar_only=21 yolo_in=5 yolo_match3d=2 yolo_match_det=5 yolo_human=2 fixed_size=0 size_reject=1
[uav_trajectory_controller-4] [WARN] [1776985535.167464962] [uav_trajectory_controller]: SetEntityPose request timed out after 0.56s on /world/pedestrian_prototype/set_pose; dropping the pending request and retrying.
[uav_trajectory_controller-4] [WARN] [1776985536.041504942] [uav_trajectory_controller]: SetEntityPose request timed out after 0.52s on /world/pedestrian_prototype/set_pose; dropping the pending request and retrying.
[uav_trajectory_controller-4] [WARN] [1776985536.791951082] [uav_trajectory_controller]: SetEntityPose request timed out after 0.62s on /world/pedestrian_prototype/set_pose; dropping the pending request and retrying.
